price,bedRoom,bathroom,balcony,floor_type,agePossession,sector,type,built_up_area,study room,servant room,store room,pooja room,others,furnishing_type,luxury
2.0,3.0,160.0,0.0,2.0,1.45,2.0,2.0,3,1420.0,0,0,0,0,0,2
2.0,3.0,72.0,0.0,2.0,2.22,3.0,3.0,3,1676.0,0,1,0,0,1,2
3.0,3.0,169.0,0.0,3.0,2.15,4.0,5.0,3+,2249.6,0,1,0,0,0,2
1.0,0.0,163.0,0.0,1.0,1.6,3.0,3.0,3,1809.6,0,1,0,0,0,2
3.0,2.0,96.0,1.0,2.0,17.0,5.0,6.0,3,4520.0,0,1,1,1,0,0
3.0,2.0,94.0,0.0,3.0,4.25,3.0,4.0,3+,3200.0,0,1,1,0,0,0
3.0,3.0,88.0,0.0,3.0,1.38,3.0,3.0,2,1144.0,0,0,0,0,0,0
2.0,1.0,179.0,0.0,0.0,0.45,2.0,2.0,2,595.0,0,0,0,0,0,2
1.0,1.0,170.0,0.0,2.0,0.78,2.0,2.0,1,1088.0,0,0,0,0,0,2
3.0,0.0,127.0,1.0,0.0,12.5,6.0,5.0,3,3078.0,1,1,0,1,0,0
2.0,3.0,149.0,0.0,3.0,1.4,3.0,3.0,1,1254.4,0,0,0,0,0,2
3.0,3.0,9.0,1.0,0.0,0.58,2.0,3.0,2,900.0,0,0,0,0,0,2
3.0,0.0,125.0,1.0,1.0,6.75,12.0,12.0,3+,2088.0,1,1,0,1,1,0
3.0,0.0,124.0,1.0,3.0,6.4,4.0,4.0,3,3281.8,0,1,1,0,0,0
3.0,1.0,173.0,0.0,3.0,1.2,3.0,3.0,3,958.0,0,0,1,1,0,2
2.0,3.0,65.0,0.0,1.0,2.45,4.0,4.0,3,2300.0,1,1,1,1,0,2
3.0,0.0,150.0,1.0,0.0,0.27,2.0,2.0,1,226.0,0,0,0,0,0,2
3.0,1.0,150.0,1.0,0.0,0.95,2.0,1.0,1,452.0,0,0,0,0,0,2
2.0,1.0,170.0,0.0,1.0,0.82,2.0,2.0,1,1000.0,0,0,0,0,0,2
1.0,3.0,139.0,0.0,3.0,2.85,3.0,4.0,3+,1490.0,0,1,0,0,0,0
2.0,1.0,158.0,0.0,0.0,2.1,3.0,3.0,3,1620.0,1,1,0,0,0,2
1.0,3.0,166.0,0.0,0.0,0.62,1.0,1.0,0,650.031,0,0,0,0,0,2
0.0,3.0,64.0,0.0,2.0,1.4,2.0,2.0,3,1200.0,0,0,0,0,0,2
0.0,1.0,111.0,0.0,1.0,0.65,2.0,2.0,3,650.0,0,0,0,0,0,2
1.0,0.0,127.0,0.0,1.0,8.0,4.0,3.0,3,9000.0,0,1,0,0,0,2
0.0,3.0,149.0,0.0,3.0,1.46,3.0,3.0,2,1262.4,0,0,0,1,0,0
2.0,0.0,72.0,0.0,3.0,1.3,3.0,2.0,3,1504.0,0,0,0,0,0,2
1.0,3.0,181.0,0.0,1.0,0.27,2.0,2.0,1,484.0,0,0,0,0,1,2
2.0,3.0,149.0,0.0,3.0,1.4,3.0,3.0,1,1200.0,0,0,0,1,0,2
1.0,3.0,71.0,0.0,3.0,2.0,4.0,4.0,3+,2300.0,0,1,0,1,0,0
1.0,0.0,169.0,0.0,3.0,1.77,3.0,4.0,3,1300.0,0,1,0,0,0,0
2.0,1.0,147.0,0.0,0.0,0.6,2.0,2.0,2,560.0,0,0,0,0,0,2
3.0,3.0,145.0,1.0,3.0,9.01,4.0,4.0,3+,5608.0,0,1,1,0,0,2
3.0,3.0,95.0,1.0,0.0,11.0,5.0,5.0,3+,3100.0,1,1,1,1,0,2
3.0,3.0,72.0,1.0,3.0,7.0,5.0,6.0,2,5403.0,0,1,0,0,0,2
1.0,0.0,120.0,0.0,1.0,2.75,3.0,4.0,3+,2000.0,0,1,0,0,1,0
3.0,3.0,144.0,0.0,2.0,2.8,4.0,4.0,3,1650.0,1,0,0,0,0,0
3.0,3.0,143.0,0.0,1.0,3.3,3.0,3.0,3,1200.0,0,1,0,0,0,2
2.0,3.0,76.0,0.0,2.0,2.65,3.0,4.0,3+,1772.0,1,1,1,1,0,2
3.0,0.0,125.0,1.0,2.0,4.4,6.0,6.0,3,2884.0,1,1,1,1,0,1
2.0,3.0,190.0,0.0,3.0,0.72,2.0,2.0,3+,849.0,1,0,0,0,0,2
1.0,1.0,181.0,0.0,2.0,1.35,3.0,5.0,3,1597.6,0,1,0,0,1,2
1.0,0.0,63.0,0.0,0.0,1.2,3.0,3.0,3+,2650.0,0,1,0,0,0,2
2.0,3.0,169.0,0.0,1.0,1.4,2.0,2.0,3,900.0,0,0,0,0,0,2
2.0,1.0,160.0,0.0,1.0,0.71,2.0,2.0,3+,1295.0,0,0,0,0,1,2
1.0,3.0,158.0,0.0,1.0,0.8,2.0,2.0,2,1000.0,0,0,0,0,0,0
2.0,3.0,168.0,0.0,2.0,0.88,3.0,3.0,3,1460.0,0,0,0,1,0,2
2.0,0.0,146.0,0.0,3.0,3.32,4.0,5.0,3+,2108.0,0,1,0,0,0,0
2.0,1.0,148.0,0.0,2.0,1.1,2.0,2.0,3,996.0,0,0,0,0,0,2
3.0,3.0,177.0,0.0,2.0,0.5,2.0,2.0,2,800.0,0,0,0,0,1,2
3.0,2.0,113.0,1.0,1.0,1.6,1.0,1.0,2,893.0,0,0,0,0,0,2
1.0,3.0,77.0,0.0,3.0,5.6,4.0,6.0,3+,3878.4,0,1,0,0,0,0
1.0,3.0,165.0,0.0,3.0,0.94,2.0,2.0,3+,1148.0,1,0,0,0,0,0
3.0,1.0,72.0,1.0,3.0,6.75,4.0,4.0,3+,6232.0,0,1,0,1,0,2
1.0,3.0,64.0,0.0,3.0,1.7,3.0,4.0,3+,1600.0,0,1,0,1,0,0
1.0,1.0,190.0,0.0,1.0,0.5,2.0,2.0,2,531.521382,0,0,0,0,0,2
3.0,0.0,120.0,1.0,1.0,6.25,7.0,7.0,3+,2034.0,1,1,1,0,0,2
2.0,3.0,164.0,0.0,2.0,4.2,4.0,4.0,3+,2900.0,0,1,0,0,0,0
3.0,3.0,124.0,1.0,3.0,6.4,3.0,4.0,3,200.0,1,1,1,0,0,0
0.0,3.0,4.0,1.0,0.0,0.13,1.0,1.0,0,788.0,0,0,0,0,0,2
3.0,0.0,121.0,1.0,2.0,10.0,6.0,6.0,3+,3240.0,1,1,1,1,0,0
3.0,2.0,98.0,1.0,1.0,1.39,2.0,2.0,1,1200.0,0,0,1,0,0,2
2.0,3.0,177.0,0.0,3.0,0.82,3.0,3.0,3+,1218.4,0,0,0,0,0,2
1.0,1.0,168.0,0.0,0.0,0.85,2.0,2.0,3,1080.0,1,0,0,0,1,2
1.0,4.0,141.0,0.0,0.0,4.25,3.0,3.0,3,1600.0,1,0,0,0,0,2
1.0,0.0,63.0,0.0,2.0,0.6,3.0,2.0,2,1077.0,0,0,0,0,0,2
1.0,3.0,124.0,0.0,3.0,3.65,3.0,3.0,3+,1496.0,0,0,0,0,1,0
4.0,1.0,154.0,0.0,3.0,5.25,4.0,4.0,3+,2800.0,0,1,0,0,0,0
3.0,2.0,81.0,1.0,0.0,4.6,1.0,1.0,0,2248.84,0,0,0,0,0,2
3.0,0.0,125.0,1.0,2.0,2.5,3.0,3.0,2,1850.0,0,0,1,1,0,2
2.0,1.0,190.0,0.0,1.0,1.5,2.0,2.0,3,1225.0,0,0,0,0,0,2
3.0,2.0,120.0,1.0,0.0,3.35,1.0,1.0,0,1238.0,0,0,0,0,0,2
3.0,2.0,120.0,0.0,2.0,1.35,3.0,3.0,3,1345.0,0,0,0,0,1,0
2.0,3.0,66.0,0.0,2.0,1.25,3.0,4.0,3+,1475.2,0,1,0,0,1,2
1.0,0.0,17.0,1.0,0.0,0.7,2.0,2.0,1,509.0,0,0,0,0,0,2
2.0,2.0,120.0,0.0,3.0,6.0,4.0,4.0,3+,2300.0,0,1,0,0,0,0
1.0,3.0,167.0,0.0,2.0,1.8,3.0,4.0,3+,1500.0,0,1,0,0,0,0
3.0,1.0,168.0,0.0,2.0,1.05,4.0,4.0,3+,1676.0,1,0,0,0,0,2
3.0,3.0,145.0,1.0,2.0,19.0,5.0,6.0,3+,6000.0,0,1,1,1,0,0
3.0,3.0,151.0,0.0,3.0,1.65,3.0,4.0,3,1267.0,0,1,0,0,0,1
1.0,3.0,153.0,0.0,0.0,0.79,2.0,2.0,2,958.4,0,0,0,0,1,2
2.0,3.0,164.0,0.0,3.0,0.31,1.0,1.0,1,417.0,0,0,0,0,0,1
3.0,3.0,72.0,1.0,3.0,6.25,5.0,7.0,3+,6232.0,1,1,1,1,0,2
1.0,3.0,88.0,0.0,1.0,0.35,2.0,2.0,2,600.0,0,0,0,0,0,2
1.0,0.0,98.0,0.0,0.0,5.5,4.0,5.0,3+,3011.2000000000003,0,1,0,0,1,0
3.0,3.0,160.0,0.0,0.0,1.45,3.0,3.0,3,1945.0,0,0,0,0,0,2
3.0,1.0,110.0,0.0,0.0,0.4,2.0,2.0,2,600.0,0,0,0,0,0,2
3.0,1.0,138.0,1.0,0.0,1.25,5.0,5.0,1,1076.0,0,0,0,1,0,2
2.0,0.0,88.0,0.0,2.0,0.98,2.0,2.0,3,1132.0,0,0,0,0,0,2
3.0,0.0,177.0,0.0,1.0,0.5,2.0,2.0,3,800.0,0,0,0,0,0,2
3.0,1.0,190.0,0.0,2.0,0.65,2.0,1.0,2,822.0,0,0,0,0,0,2
0.0,3.0,146.0,0.0,3.0,2.65,3.0,3.0,3,1700.0,0,0,0,0,1,0
1.0,3.0,70.0,0.0,3.0,1.32,3.0,3.0,3,1554.4,0,0,0,0,0,2
3.0,2.0,194.0,0.0,0.0,6.0,4.0,5.0,3,3805.899,0,0,0,0,0,2
3.0,1.0,140.0,0.0,2.0,2.41,3.0,3.0,3,1625.0,0,0,0,0,0,2
3.0,0.0,81.0,1.0,0.0,5.0,3.0,3.0,3,2249.0,0,0,0,0,0,2
3.0,1.0,173.0,0.0,0.0,1.1,3.0,2.0,3,1320.0,0,0,0,0,0,2
2.0,3.0,154.0,0.0,3.0,3.19,4.0,5.0,3+,2100.0,0,1,0,0,0,0
3.0,3.0,181.0,0.0,1.0,1.08,3.0,5.0,3,1630.0,0,1,0,0,1,2
3.0,1.0,145.0,1.0,3.0,15.1,5.0,5.0,3+,8115.0,1,1,1,1,0,2
3.0,2.0,99.0,0.0,1.0,0.5,2.0,2.0,1,650.0,0,0,0,0,0,0
0.0,0.0,68.0,0.0,0.0,0.42,3.0,2.0,1,750.0,0,0,0,0,1,2
3.0,2.0,123.0,0.0,1.0,2.45,3.0,4.0,2,2290.0,1,0,0,0,0,0
2.0,3.0,190.0,0.0,2.0,0.74,2.0,2.0,3+,1230.0,0,0,0,0,0,2
3.0,3.0,190.0,0.0,0.0,0.21,1.0,1.0,1,394.0,0,0,0,0,0,2
3.0,0.0,63.0,1.0,0.0,1.85,4.0,3.0,2,1156.0,0,0,0,0,0,2
3.0,2.0,79.0,1.0,0.0,0.9,4.0,4.0,0,677.88,0,0,0,0,0,2
1.0,3.0,177.0,0.0,1.0,1.44,4.0,4.0,3,2040.0,0,0,0,0,0,2
1.0,0.0,153.0,0.0,2.0,1.0,1.0,1.0,1,435.0,0,0,0,0,0,2
1.0,2.0,194.0,0.0,1.0,3.2,4.0,3.0,3,2000.0,0,0,0,0,0,2
1.0,3.0,169.0,0.0,3.0,2.0,3.0,4.0,3,1685.0,0,1,0,0,0,2
3.0,3.0,177.0,0.0,0.0,0.9,4.0,5.0,3+,1596.0,0,1,0,0,0,2
3.0,2.0,79.0,1.0,0.0,6.0,9.0,9.0,3+,4142.6,0,0,0,0,0,2
3.0,4.0,149.0,0.0,0.0,0.75,2.0,2.0,2,876.0,0,0,0,0,0,2
3.0,0.0,123.0,1.0,1.0,4.6,7.0,6.0,3+,1733.0,0,0,0,0,0,1
1.0,1.0,158.0,0.0,2.0,1.35,3.0,3.0,3+,1199.0,0,0,1,0,0,0
3.0,2.0,55.0,1.0,0.0,1.1,9.0,3.0,3,1259.0,0,0,0,0,0,2
2.0,3.0,165.0,0.0,3.0,0.81,2.0,2.0,2,1040.0,0,0,0,0,0,0
3.0,0.0,68.0,1.0,0.0,1.3,3.0,3.0,1,1130.0,0,0,0,0,0,2
3.0,1.0,135.0,1.0,1.0,3.7,8.0,8.0,2,1453.0,0,0,0,1,0,0
3.0,2.0,94.0,1.0,0.0,1.6,8.0,5.0,3+,500.0,0,0,0,0,0,2
1.0,2.0,81.0,0.0,3.0,2.75,4.0,5.0,3+,2200.0,1,1,0,0,0,1
3.0,3.0,95.0,1.0,2.0,7.6,9.0,9.0,3,1937.0,1,0,1,1,0,0
1.0,0.0,88.0,0.0,2.0,1.55,3.0,4.0,3+,1536.0,0,1,0,0,0,2
3.0,3.0,160.0,0.0,3.0,1.25,3.0,3.0,2,862.1883899999999,1,0,0,1,0,0
3.0,3.0,114.0,0.0,0.0,0.32,2.0,2.0,1,950.0,0,0,0,0,0,0
1.0,4.0,149.0,0.0,2.0,0.74,3.0,3.0,1,1069.6,0,1,0,0,0,2
1.0,3.0,70.0,0.0,1.0,0.35,2.0,2.0,2,547.0,0,0,0,0,0,2
3.0,0.0,81.0,1.0,0.0,6.46,5.0,5.0,2,300.0,1,1,0,1,0,0
1.0,3.0,64.0,0.0,1.0,1.26,2.0,2.0,3,972.0,0,0,0,0,0,0
3.0,1.0,105.0,0.0,2.0,1.62,3.0,4.0,3+,107.7,0,1,0,0,0,2
2.0,1.0,158.0,0.0,1.0,2.25,3.0,3.0,3,1600.0,0,1,0,0,0,0
3.0,0.0,134.0,1.0,1.0,2.99,4.0,4.0,2,1453.0,1,1,0,1,0,0
3.0,2.0,81.0,1.0,0.0,7.5,3.0,3.0,2,4520.0,1,1,0,1,0,0
2.0,3.0,156.0,0.0,3.0,1.5,2.0,2.0,3,1200.0,0,0,1,0,0,2
2.0,0.0,149.0,0.0,1.0,0.91,3.0,2.0,2,1326.0,0,0,0,0,0,2
1.0,4.0,110.0,0.0,1.0,0.6,2.0,2.0,3,1043.2,1,0,0,1,0,2
3.0,3.0,75.0,0.0,3.0,3.79,5.0,5.0,3,3064.0,0,1,0,0,1,2
1.0,3.0,167.0,0.0,2.0,1.48,3.0,3.0,3,1240.00128,0,1,0,0,0,2
1.0,0.0,88.0,0.0,2.0,1.26,2.0,2.0,3,1252.0,1,0,0,0,0,2
3.0,0.0,96.0,1.0,2.0,13.5,5.0,5.0,2,4520.0,1,1,0,0,1,0
2.0,3.0,145.0,0.0,3.0,4.85,4.0,4.0,3+,3300.0,1,1,1,1,0,0
3.0,3.0,148.0,0.0,2.0,1.2,2.0,2.0,3,750.0,0,0,0,0,0,1
2.0,3.0,164.0,0.0,3.0,2.22,3.0,4.0,3+,2128.0,0,1,0,0,0,0
1.0,1.0,78.0,0.0,1.0,3.21,3.0,3.0,3,2016.0,0,0,0,0,0,2
3.0,3.0,71.0,0.0,3.0,3.0,4.0,5.0,3+,1631.053767,0,1,0,0,0,1
2.0,0.0,125.0,0.0,3.0,2.65,3.0,4.0,3,1801.1018592,0,1,0,1,0,0
3.0,1.0,181.0,0.0,2.0,0.59,2.0,2.0,3,1001.7315896,0,0,0,0,1,2
3.0,1.0,66.0,0.0,2.0,0.22,1.0,2.0,2,301.28156099999995,0,0,0,0,0,2
1.0,3.0,177.0,0.0,3.0,1.6,3.0,4.0,3+,1476.0,0,1,0,0,1,0
1.0,3.0,177.0,0.0,2.0,1.6,3.0,3.0,3,1450.0,0,1,0,0,0,0
0.0,3.0,154.0,0.0,2.0,6.5,4.0,4.0,3+,3400.0,1,1,0,1,0,2
3.0,1.0,165.0,1.0,1.0,4.7,3.0,3.0,3+,2163.0,0,1,0,0,0,2
1.0,3.0,175.0,0.0,3.0,1.21,3.0,3.0,3+,1930.0,0,1,0,1,0,2
1.0,3.0,167.0,0.0,3.0,1.25,3.0,2.0,1,1461.9959536,1,1,1,1,0,1
3.0,1.0,105.0,0.0,2.0,1.5,2.0,2.0,3+,1385.0,0,0,0,0,0,2
2.0,1.0,181.0,0.0,2.0,1.32,3.0,5.0,3,1500.0,0,1,0,0,0,2
1.0,3.0,152.0,0.0,1.0,1.55,3.0,3.0,3,1400.0,1,1,0,1,1,2
1.0,4.0,177.0,0.0,0.0,0.7,2.0,2.0,3,1076.0,1,0,0,0,0,2
0.0,0.0,153.0,0.0,2.0,1.12,3.0,4.0,3,1441.6,0,1,0,0,0,2
2.0,3.0,77.0,0.0,2.0,5.31,4.0,6.0,3+,3400.0,0,1,0,1,0,2
3.0,0.0,174.0,0.0,0.0,1.2,4.0,3.0,2,1800.0,0,0,0,0,0,0
3.0,1.0,130.0,1.0,0.0,2.25,3.0,3.0,3,1400.0,0,1,0,0,0,0
1.0,0.0,134.0,0.0,3.0,1.71,3.0,3.0,3+,2250.0,0,1,0,0,0,0
2.0,3.0,69.0,0.0,1.0,1.32,4.0,5.0,3+,1403.0,0,1,0,0,0,2
1.0,3.0,65.0,0.0,3.0,1.33,3.0,3.0,3+,1550.0,1,0,0,0,0,2
1.0,2.0,134.0,0.0,1.0,1.55,3.0,3.0,3,1600.0,0,1,0,0,0,0
0.0,3.0,149.0,0.0,0.0,1.0,4.0,3.0,0,1826.15,0,0,0,0,0,2
3.0,2.0,126.0,1.0,1.0,3.5,5.0,4.0,2,2368.0,0,0,0,1,1,2
1.0,0.0,88.0,0.0,1.0,0.4,1.0,1.0,1,465.0,0,0,0,0,0,0
3.0,2.0,96.0,1.0,0.0,4.45,4.0,4.0,3,1345.0,0,0,0,0,0,2
1.0,3.0,182.0,0.0,0.0,1.5,4.0,3.0,3+,1650.0,0,0,0,0,0,0
2.0,3.0,131.0,0.0,1.0,7.4,4.0,4.0,3,2229.0,0,0,0,0,0,2
2.0,0.0,29.0,0.0,1.0,0.38,1.0,1.0,1,499.2000000000001,0,0,0,0,0,2
3.0,3.0,177.0,0.0,0.0,0.5,3.0,3.0,2,944.0,0,0,0,0,0,2
1.0,0.0,167.0,0.0,3.0,0.84,2.0,2.0,2,996.0,0,0,0,0,0,0
2.0,2.0,69.0,0.0,3.0,1.35,4.0,3.0,3,1510.0,0,1,0,0,0,2
3.0,3.0,121.0,1.0,3.0,17.0,5.0,8.0,3+,4499.0,1,1,1,1,0,1
1.0,3.0,134.0,0.0,1.0,2.05,4.0,4.0,3,1950.0,0,1,0,0,1,0
3.0,2.0,95.0,1.0,2.0,13.5,5.0,6.0,3+,3616.0,0,0,0,0,1,0
3.0,2.0,74.0,1.0,0.0,0.45,3.0,2.0,1,560.0,0,0,0,0,0,2
2.0,3.0,165.0,0.0,3.0,0.89,2.0,2.0,2,1000.0,1,0,0,0,0,0
3.0,1.0,173.0,0.0,3.0,1.33,3.0,3.0,3,783.0,1,0,0,0,0,2
2.0,3.0,156.0,0.0,3.0,1.55,2.0,2.0,3+,1124.0,0,0,0,0,1,2
1.0,1.0,164.0,0.0,3.0,2.4,3.0,4.0,3+,2128.0,1,1,0,0,0,0
3.0,2.0,95.0,1.0,1.0,4.25,3.0,2.0,3,1345.0,1,0,0,0,0,2
2.0,3.0,70.0,0.0,1.0,0.28,2.0,2.0,2,489.0,0,0,0,0,0,2
3.0,3.0,144.0,0.0,0.0,3.2,4.0,3.0,2,1750.0,0,1,0,0,0,2
0.0,3.0,64.0,0.0,1.0,1.2,2.0,2.0,3,824.0,0,0,0,0,0,2
2.0,3.0,151.0,0.0,1.0,1.75,3.0,4.0,2,1950.078,0,1,0,1,0,2
0.0,1.0,79.0,0.0,0.0,0.6,2.0,2.0,1,720.0,0,0,0,1,0,1
3.0,3.0,169.0,0.0,1.0,2.13,4.0,4.0,3,2200.0,0,0,0,0,0,2
3.0,3.0,150.0,0.0,2.0,0.54,2.0,2.0,1,900.0,0,0,0,0,0,2
3.0,3.0,95.0,1.0,2.0,7.3,9.0,9.0,2,5200.0,0,1,1,0,0,0
1.0,3.0,167.0,0.0,3.0,1.73,3.0,3.0,3,1240.00128,0,1,0,0,0,0
1.0,3.0,69.0,0.0,3.0,1.25,3.0,4.0,3+,1130.0,1,1,0,0,0,2
1.0,3.0,144.0,0.0,3.0,1.73,3.0,3.0,3,1116.0,0,1,0,0,0,1
2.0,3.0,164.0,0.0,3.0,2.25,3.0,3.0,3+,1705.6,0,1,0,0,0,1
1.0,3.0,167.0,0.0,1.0,1.4,4.0,4.0,3,1950.0,0,1,0,0,0,2
3.0,0.0,150.0,1.0,1.0,1.16,5.0,4.0,2,992.0,0,0,0,0,1,2
2.0,4.0,78.0,0.0,1.0,2.0,3.0,3.0,2,1332.0,0,0,0,0,0,2
2.0,3.0,170.0,0.0,2.0,1.4,4.0,4.0,3+,1884.8,0,1,0,1,0,2
0.0,3.0,70.0,0.0,0.0,1.15,2.0,2.0,3,1056.0,1,0,0,0,0,2
3.0,3.0,111.0,0.0,1.0,1.36,3.0,3.0,3,1537.418,0,0,0,1,1,2
3.0,3.0,65.0,0.0,3.0,1.35,3.0,3.0,3+,1432.0,1,0,0,0,0,0
2.0,3.0,149.0,0.0,0.0,0.6,2.0,1.0,1,526.0,0,0,0,0,0,2
3.0,0.0,118.0,1.0,0.0,1.65,1.0,1.0,0,1194.36,0,0,0,0,0,2
3.0,3.0,99.0,0.0,0.0,0.26,2.0,1.0,2,530.0,0,0,0,0,0,2
3.0,2.0,95.0,1.0,2.0,10.5,4.0,4.0,2,3582.0,0,1,0,1,0,0
1.0,3.0,64.0,0.0,0.0,1.9,3.0,3.0,3+,1889.0,1,0,1,1,0,2
2.0,3.0,168.0,0.0,1.0,1.01,3.0,3.0,2,1350.0,0,0,0,0,0,2
3.0,3.0,72.0,1.0,3.0,9.5,5.0,5.0,3+,3595.0,1,1,1,1,0,2
3.0,2.0,79.0,1.0,0.0,1.7,1.0,1.0,1,1797.0,0,1,0,0,0,2
2.0,0.0,152.0,0.0,1.0,2.6,3.0,2.0,2,2165.0,0,1,0,0,0,2
2.0,3.0,164.0,0.0,1.0,2.2,3.0,4.0,3+,1680.0,0,1,0,0,0,1
1.0,3.0,139.0,0.0,1.0,2.15,2.0,3.0,2,921.0,0,1,0,0,0,0
3.0,1.0,72.0,1.0,3.0,6.44,4.0,5.0,3+,2432.0,1,1,1,1,0,2
2.0,3.0,190.0,0.0,3.0,0.88,2.0,2.0,2,791.0,0,0,0,0,0,1
2.0,3.0,180.0,0.0,1.0,0.72,2.0,2.0,2,706.0,0,0,1,0,0,2
1.0,4.0,157.0,0.0,2.0,0.5,2.0,2.0,1,760.0,0,0,0,0,0,2
1.0,3.0,175.0,0.0,1.0,0.92,3.0,3.0,2,1950.0,1,0,0,0,0,0
1.0,3.0,169.0,0.0,2.0,2.1,4.0,5.0,3+,2249.6,0,0,0,0,0,0
0.0,0.0,153.0,0.0,2.0,0.98,3.0,3.0,3,1296.0,1,0,0,0,0,2
3.0,2.0,99.0,1.0,0.0,0.68,5.0,3.0,0,1753.88,0,0,0,0,0,2
1.0,3.0,136.0,0.0,2.0,2.2,2.0,2.0,1,1232.0,1,0,0,0,0,0
3.0,0.0,132.0,0.0,2.0,1.55,3.0,3.0,3,1800.0,0,1,0,0,0,0
3.0,2.0,121.0,1.0,2.0,7.35,6.0,4.0,3+,2475.0,1,1,1,1,0,0
1.0,3.0,164.0,0.0,3.0,0.5,2.0,2.0,3,635.0,0,0,0,0,0,2
3.0,0.0,74.0,1.0,0.0,0.95,5.0,3.0,0,1301.96,0,0,0,0,0,2
3.0,3.0,121.0,1.0,2.0,16.0,6.0,7.0,3+,4499.0,1,1,1,1,0,0
2.0,3.0,164.0,0.0,3.0,2.5,3.0,3.0,2,1350.0,0,1,0,0,0,1
3.0,3.0,152.0,0.0,3.0,2.3,3.0,3.0,3,1720.0,0,0,1,0,0,0
3.0,3.0,77.0,1.0,1.0,9.5,5.0,5.0,3,4045.76,0,1,0,0,0,2
3.0,3.0,127.0,1.0,2.0,10.8,4.0,4.0,3,200.0,1,1,1,1,0,0
1.0,1.0,169.0,0.0,2.0,1.77,3.0,4.0,3+,1926.4,0,0,1,0,0,2
3.0,3.0,100.0,0.0,1.0,0.22,2.0,2.0,1,550.0,0,0,0,0,1,1
2.0,3.0,168.0,0.0,1.0,1.5,3.0,3.0,3,1700.0,0,1,0,0,0,0
1.0,3.0,77.0,0.0,3.0,5.49,4.0,5.0,3+,3791.2,0,1,0,0,0,0
3.0,3.0,72.0,1.0,2.0,6.0,4.0,5.0,3+,2432.0,0,1,0,0,0,0
2.0,3.0,144.0,0.0,3.0,2.85,3.0,3.0,3,1462.4,0,0,0,0,0,0
0.0,4.0,164.0,0.0,0.0,0.6,2.0,2.0,1,720.0,0,0,0,0,0,2
2.0,1.0,173.0,0.0,1.0,1.85,3.0,3.0,3+,1720.0,0,1,0,0,0,2
0.0,3.0,144.0,0.0,1.0,2.9,4.0,4.0,0,1975.0,0,0,1,0,0,2
1.0,3.0,76.0,0.0,2.0,3.45,4.0,5.0,3+,2360.0,0,1,0,0,0,2
1.0,3.0,152.0,0.0,1.0,1.1,2.0,2.0,2,1160.0,1,0,0,0,0,2
3.0,2.0,102.0,0.0,2.0,0.69,2.0,2.0,1,792.0,0,0,0,0,0,2
1.0,3.0,66.0,0.0,2.0,0.85,2.0,2.0,3+,777.0,1,0,0,0,0,2
3.0,0.0,129.0,0.0,2.0,1.7,3.0,4.0,3,1596.0,0,0,1,1,0,2
1.0,0.0,63.0,0.0,2.0,0.95,3.0,4.0,3,1900.0,0,1,0,0,0,2
3.0,3.0,177.0,0.0,0.0,0.65,3.0,3.0,2,1417.0,0,0,0,0,0,2
0.0,3.0,147.0,0.0,1.0,0.56,2.0,2.0,2,700.0,0,0,0,0,1,2
2.0,3.0,66.0,0.0,3.0,1.85,3.0,4.0,3+,1832.0,1,1,1,1,0,2
3.0,1.0,173.0,0.0,0.0,1.25,3.0,3.0,3,1138.4,0,0,0,1,0,2
3.0,0.0,95.0,1.0,0.0,6.5,4.0,3.0,3,1797.0,1,0,0,1,0,2
3.0,0.0,159.0,0.0,2.0,0.9,3.0,3.0,2,1950.0,0,1,0,1,0,2
1.0,3.0,70.0,0.0,1.0,0.5,3.0,2.0,2,645.0,0,0,0,0,1,2
2.0,4.0,105.0,0.0,1.0,1.2,2.0,2.0,0,76.44,0,0,0,0,0,2
2.0,1.0,107.0,0.0,1.0,3.65,3.0,3.0,2,2030.4,0,0,0,0,0,2
1.0,3.0,107.0,0.0,0.0,0.75,2.0,2.0,2,727.0,0,0,0,0,0,2
3.0,1.0,173.0,0.0,3.0,0.95,2.0,2.0,2,578.0,1,0,0,0,0,2
1.0,4.0,66.0,0.0,1.0,1.5,2.0,2.0,2,1240.0,0,0,0,0,1,2
0.0,3.0,175.0,0.0,2.0,0.86,3.0,4.0,3,1375.0,0,1,0,0,0,0
1.0,3.0,72.0,0.0,3.0,1.4,3.0,3.0,3+,1350.0,0,0,1,0,0,2
1.0,3.0,177.0,0.0,2.0,0.39,3.0,3.0,3+,641.743718,0,0,0,0,0,2
1.0,1.0,175.0,0.0,1.0,0.5,2.0,2.0,1,600.0,0,0,0,0,0,2
1.0,0.0,159.0,0.0,2.0,0.8,3.0,2.0,2,1310.0,0,0,0,1,0,2
1.0,3.0,66.0,0.0,2.0,0.75,2.0,2.0,3,1015.2,0,0,0,0,1,2
1.0,0.0,154.0,0.0,1.0,4.1,3.0,3.0,3,2040.0,0,1,0,0,0,2
3.0,2.0,114.0,1.0,0.0,2.3,4.0,4.0,3,1442.0,0,0,0,0,0,0
2.0,3.0,175.0,0.0,1.0,1.2,3.0,3.0,3+,1544.0,0,0,0,0,0,2
2.0,1.0,190.0,0.0,1.0,0.35,2.0,2.0,2,460.8,0,0,0,0,0,2
3.0,0.0,98.0,0.0,0.0,2.2,3.0,4.0,3+,1760.0,0,1,0,0,0,1
1.0,0.0,131.0,0.0,2.0,6.44,4.0,4.0,3,2712.0,0,1,0,0,0,0
1.0,3.0,145.0,0.0,1.0,3.0,4.0,5.0,3+,1680.0,0,1,0,0,0,0
1.0,0.0,105.0,0.0,1.0,1.1,2.0,2.0,3,1000.0,0,0,0,0,0,0
3.0,3.0,144.0,0.0,3.0,2.35,3.0,3.0,3,1200.0,1,1,0,0,0,2
3.0,1.0,134.0,1.0,1.0,12.39,16.0,18.0,3+,2702.0,0,1,0,1,0,0
3.0,3.0,167.0,0.0,0.0,1.33,4.0,4.0,3,2000.0,0,1,0,0,0,2
2.0,1.0,144.0,0.0,2.0,1.8,2.0,2.0,3,1310.0,0,0,0,0,0,2
1.0,3.0,65.0,0.0,0.0,0.5,2.0,2.0,2,605.0,0,0,0,0,0,2
3.0,3.0,181.0,0.0,3.0,1.02,2.0,2.0,3,1160.0,1,0,0,0,0,2
2.0,3.0,152.0,0.0,1.0,2.8,3.0,4.0,3,1322.0,0,1,0,0,0,2
3.0,3.0,149.0,0.0,2.0,1.55,3.0,3.0,2,1286.4,0,0,0,1,0,0
3.0,3.0,11.0,1.0,1.0,0.85,6.0,6.0,2,947.0,1,1,0,1,1,2
0.0,0.0,88.0,0.0,2.0,1.01,2.0,2.0,3,1132.0,0,0,0,0,0,2
2.0,1.0,70.0,0.0,2.0,0.8,2.0,2.0,3+,1092.8,0,0,0,0,0,2
1.0,3.0,72.0,0.0,3.0,1.7,3.0,3.0,3+,2036.0,0,1,0,0,0,2
3.0,3.0,77.0,0.0,1.0,4.75,3.0,5.0,3+,3010.4,0,1,0,0,0,0
3.0,3.0,70.0,0.0,0.0,0.38,2.0,2.0,2,650.0,0,0,0,0,0,1
3.0,2.0,134.0,0.0,2.0,1.74,3.0,3.0,3+,2300.0,0,1,0,1,0,0
1.0,3.0,111.0,0.0,3.0,1.4,3.0,3.0,3,1611.0,0,0,0,0,0,0
3.0,3.0,120.0,1.0,1.0,7.0,5.0,5.0,3+,2702.0,1,1,0,1,0,0
3.0,3.0,190.0,0.0,1.0,0.27,2.0,2.0,1,457.788667,0,0,0,0,1,0
2.0,0.0,140.0,0.0,2.0,2.0,3.0,3.0,3,1360.0,0,0,0,0,0,0
0.0,3.0,149.0,0.0,3.0,1.75,3.0,4.0,2,1850.0,0,0,0,0,0,0
1.0,3.0,27.0,0.0,0.0,1.5,2.0,2.0,3,1100.0,0,0,0,0,0,2
3.0,1.0,144.0,0.0,1.0,2.65,2.0,2.0,3,1146.4,1,0,0,0,0,2
1.0,3.0,169.0,0.0,3.0,1.2,2.0,2.0,3+,1240.0,0,0,1,0,0,2
3.0,3.0,179.0,0.0,2.0,0.45,2.0,2.0,1,784.0,1,0,0,0,0,2
3.0,1.0,120.0,0.0,0.0,2.5,3.0,3.0,2,1548.0,0,0,0,0,0,2
2.0,4.0,151.0,0.0,0.0,0.99,3.0,4.0,2,1252.0,0,0,0,0,0,2
1.0,4.0,99.0,0.0,1.0,1.3,2.0,2.0,2,1444.0,0,0,0,0,0,2
1.0,3.0,179.0,0.0,1.0,0.2,1.0,1.0,1,366.080239,0,0,0,1,0,2
3.0,2.0,95.0,1.0,1.0,4.31,5.0,4.0,3,1345.0,0,0,0,0,0,2
3.0,2.0,95.0,1.0,0.0,4.5,5.0,3.0,2,1345.0,0,0,1,1,0,2
3.0,1.0,173.0,0.0,1.0,1.01,2.0,2.0,2,1103.0,1,0,0,0,0,2
3.0,0.0,70.0,0.0,3.0,0.94,2.0,2.0,3+,1092.8,0,0,0,0,0,2
2.0,1.0,160.0,0.0,1.0,1.85,3.0,4.0,3,1452.0,0,1,0,1,0,2
3.0,3.0,78.0,0.0,3.0,3.0,3.0,3.0,3+,2100.0,0,1,0,0,0,2
3.0,3.0,143.0,0.0,1.0,2.1,2.0,2.0,2,1260.0,0,0,0,0,0,2
3.0,1.0,173.0,0.0,1.0,0.88,2.0,2.0,0,1103.033,0,0,0,0,0,2
2.0,0.0,159.0,0.0,2.0,4.75,3.0,3.0,2,2813.148,0,1,0,0,0,2
1.0,1.0,151.0,0.0,1.0,1.63,3.0,3.0,3,1161.0,0,1,0,0,1,2
3.0,0.0,127.0,1.0,0.0,13.2,6.0,6.0,0,4863.52,0,0,0,0,0,2
1.0,3.0,177.0,0.0,1.0,1.55,3.0,4.0,3,1596.0,0,1,0,0,0,2
1.0,3.0,177.0,0.0,0.0,1.3,4.0,4.0,0,2039.856,0,0,0,0,0,2
2.0,1.0,71.0,0.0,3.0,2.5,3.0,3.0,2,1111.480314,0,0,0,0,0,2
1.0,0.0,164.0,0.0,2.0,1.35,3.0,3.0,3+,1130.0,0,0,1,0,0,0
2.0,3.0,170.0,0.0,3.0,1.55,3.0,3.0,3+,1300.0,0,0,0,0,1,1
2.0,3.0,69.0,0.0,3.0,1.2,3.0,3.0,3,1034.0,1,0,0,0,0,2
3.0,2.0,114.0,1.0,0.0,1.1,8.0,4.0,3+,1797.0,0,0,0,0,0,2
1.0,3.0,64.0,0.0,1.0,2.0,3.0,3.0,3,1481.6,0,0,0,0,0,2
2.0,1.0,148.0,0.0,1.0,1.0,2.0,2.0,3,1180.0,0,0,0,0,0,2
1.0,3.0,165.0,0.0,2.0,1.22,3.0,5.0,3+,1700.0,0,1,0,1,0,0
1.0,3.0,160.0,0.0,3.0,2.01,3.0,4.0,3+,1892.8,0,1,0,0,0,2
2.0,3.0,167.0,0.0,3.0,1.05,3.0,3.0,2,1404.0,1,1,1,1,0,0
3.0,1.0,72.0,1.0,3.0,8.48,4.0,6.0,3+,3595.0,1,1,1,1,0,2
3.0,0.0,88.0,1.0,0.0,0.65,2.0,2.0,1,1130.0,0,0,1,0,0,2
3.0,4.0,114.0,1.0,0.0,0.8,5.0,4.0,3,1359.0,0,0,0,0,0,2
3.0,0.0,127.0,1.0,2.0,11.0,4.0,4.0,3+,300.0,0,1,0,0,0,0
3.0,1.0,105.0,0.0,0.0,1.1,2.0,2.0,2,795.0,0,0,0,0,0,2
3.0,0.0,38.0,1.0,0.0,0.55,2.0,2.0,0,1200.0,0,0,0,0,0,2
3.0,4.0,88.0,0.0,1.0,1.45,3.0,3.0,3,760.0,0,0,0,0,0,2
3.0,3.0,66.0,0.0,2.0,0.2,1.0,1.0,1,300.978,0,0,0,0,0,2
3.0,3.0,101.0,0.0,2.0,0.28,2.0,2.0,1,550.0,0,0,0,0,0,2
2.0,1.0,190.0,0.0,0.0,0.28,2.0,2.0,2,520.0,0,0,0,0,0,2
3.0,3.0,79.0,1.0,0.0,1.2,4.0,4.0,2,850.04,0,0,0,1,0,0
3.0,2.0,102.0,0.0,2.0,1.45,3.0,2.0,2,1090.0,0,0,0,0,0,1
3.0,3.0,94.0,1.0,0.0,2.6,4.0,4.0,3+,1076.0,1,0,1,1,0,1
2.0,1.0,105.0,0.0,2.0,1.07,2.0,2.0,2,1108.0,0,0,0,0,0,2
2.0,3.0,131.0,0.0,2.0,6.02,3.0,3.0,3,2892.006,0,0,0,0,0,2
1.0,3.0,181.0,0.0,2.0,0.26,2.0,2.0,1,550.0,0,0,0,0,1,2
1.0,3.0,181.0,0.0,2.0,1.23,3.0,5.0,3,1597.6,0,1,0,0,0,2
1.0,0.0,127.0,0.0,3.0,2.65,3.0,4.0,3+,2000.0,0,1,0,0,0,0
3.0,3.0,111.0,0.0,2.0,0.8,2.0,2.0,3,1200.0,0,0,0,0,0,2
3.0,0.0,167.0,0.0,2.0,1.05,3.0,2.0,2,1400.0,0,0,0,0,0,0
3.0,0.0,162.0,1.0,0.0,0.45,1.0,1.0,1,500.0,0,0,0,0,0,2
3.0,2.0,79.0,1.0,0.0,2.5,9.0,5.0,2,1797.0,0,0,0,1,0,2
1.0,0.0,63.0,0.0,0.0,0.91,3.0,3.0,3+,2070.4,0,1,0,0,0,2
3.0,3.0,158.0,0.0,2.0,1.25,3.0,4.0,3,1450.0,0,1,0,0,0,0
3.0,1.0,169.0,0.0,0.0,1.45,3.0,4.0,2,1696.0,0,1,0,0,0,2
1.0,3.0,77.0,0.0,3.0,2.6,2.0,2.0,3,1952.8,0,0,0,0,0,2
2.0,3.0,144.0,0.0,2.0,2.8,3.0,3.0,3,1462.4,0,0,0,0,0,2
2.0,3.0,149.0,0.0,2.0,1.32,3.0,3.0,1,1254.4,0,0,0,1,0,2
3.0,0.0,125.0,1.0,2.0,2.8,3.0,3.0,3,1800.0,0,0,0,1,0,2
3.0,1.0,170.0,0.0,2.0,0.64,2.0,2.0,1,1359.966,0,0,0,0,0,2
1.0,3.0,111.0,0.0,2.0,1.1,3.0,3.0,3,1989.87,0,0,0,0,0,2
3.0,3.0,177.0,0.0,0.0,0.8,3.0,2.0,2,1326.0,0,0,0,0,0,2
3.0,3.0,144.0,0.0,3.0,2.35,3.0,3.0,3,1320.0,1,1,0,0,0,0
1.0,4.0,181.0,0.0,0.0,1.6,3.0,3.0,3,1600.0,0,0,0,0,0,2
1.0,3.0,110.0,0.0,1.0,0.99,3.0,4.0,3,1510.0,0,1,0,0,0,2
3.0,3.0,175.0,0.0,3.0,0.66,2.0,2.0,3,960.0,1,0,0,0,0,2
3.0,1.0,142.0,0.0,0.0,0.88,1.0,1.0,2,600.0,0,0,0,0,0,2
1.0,1.0,161.0,0.0,1.0,1.5,2.0,2.0,3+,1350.0,0,0,0,0,0,0
1.0,3.0,179.0,0.0,3.0,0.43,2.0,2.0,2,1020.0,0,0,0,0,0,2
3.0,1.0,120.0,1.0,3.0,11.0,5.0,6.0,3+,350.0,0,1,0,1,0,0
2.0,3.0,152.0,0.0,0.0,1.25,2.0,2.0,3,1262.0,0,0,0,0,0,2
3.0,1.0,173.0,1.0,1.0,1.25,3.0,3.0,2,1420.32,1,0,0,0,1,2
1.0,3.0,64.0,0.0,3.0,1.9,3.0,4.0,3,1511.2,0,1,0,0,0,2
3.0,3.0,144.0,0.0,3.0,2.0,3.0,3.0,3,1650.0,0,1,0,0,0,0
0.0,3.0,114.0,0.0,1.0,0.45,2.0,2.0,1,850.0,0,0,0,0,0,2
3.0,3.0,160.0,0.0,3.0,1.34,2.0,2.0,3,1257.6,1,0,0,0,0,2
1.0,2.0,134.0,0.0,3.0,1.45,3.0,3.0,3+,1800.0,1,1,0,1,1,2
1.0,1.0,190.0,0.0,2.0,0.85,2.0,2.0,3,730.0,0,0,0,0,0,2
1.0,4.0,190.0,0.0,2.0,0.95,2.0,2.0,3+,849.0,1,0,0,0,1,2
3.0,2.0,95.0,0.0,0.0,8.0,5.0,5.0,3+,5200.0,1,1,0,1,1,1
3.0,2.0,150.0,1.0,0.0,1.3,5.0,3.0,2,957.64,0,0,0,0,0,2
3.0,2.0,127.0,1.0,2.0,7.45,4.0,4.0,3,4000.0,0,1,0,0,0,0
1.0,3.0,153.0,0.0,0.0,0.55,2.0,2.0,1,639.0,0,0,0,0,0,0
2.0,0.0,175.0,0.0,3.0,1.65,4.0,4.0,3+,1891.2,0,1,0,0,0,0
2.0,3.0,168.0,0.0,0.0,1.15,2.0,2.0,3,1260.0,1,0,0,0,0,2
3.0,0.0,95.0,1.0,3.0,10.55,5.0,6.0,3+,2702.0,1,1,1,1,0,2
1.0,3.0,175.0,0.0,2.0,1.6,4.0,4.0,3+,1891.2,0,1,0,1,0,2
2.0,3.0,185.0,0.0,2.0,0.75,2.0,2.0,2,960.0,1,0,0,1,1,2
1.0,3.0,160.0,0.0,1.0,0.96,2.0,2.0,3,722.0,0,0,0,0,0,2
3.0,3.0,165.0,0.0,3.0,1.16,3.0,3.0,3+,1660.0,0,1,1,1,0,0
1.0,2.0,120.0,0.0,1.0,4.2,3.0,4.0,2,1720.0,0,0,0,0,0,2
3.0,2.0,99.0,1.0,0.0,1.5,3.0,3.0,0,1452.6,0,0,0,0,0,2
3.0,0.0,123.0,1.0,0.0,4.3,6.0,4.0,2,1464.0,0,0,0,0,1,2
3.0,0.0,146.0,1.0,3.0,8.0,6.0,7.0,3+,3595.0,1,1,1,1,0,0
3.0,3.0,16.0,1.0,0.0,0.18,2.0,1.0,1,452.0,0,0,0,0,0,2
3.0,2.0,94.0,1.0,0.0,3.5,5.0,4.0,3,1076.0,0,0,0,0,0,2
3.0,0.0,162.0,1.0,0.0,0.62,3.0,1.0,0,548.76,0,0,0,0,0,2
0.0,3.0,125.0,0.0,1.0,2.09,3.0,3.0,3,1444.0,0,0,0,0,0,2
1.0,3.0,70.0,0.0,2.0,0.9,2.0,2.0,3,1056.0,1,0,0,0,0,0
2.0,3.0,170.0,0.0,2.0,1.93,3.0,4.0,3,1828.0,0,1,0,0,0,2
3.0,0.0,96.0,1.0,3.0,12.5,4.0,5.0,2,3240.0,1,1,0,0,0,0
1.0,3.0,190.0,0.0,1.0,0.35,2.0,2.0,2,567.0,0,0,0,0,0,2
3.0,1.0,70.0,0.0,2.0,1.4,3.0,4.0,0,1888.8,0,0,0,0,0,2
3.0,0.0,187.0,0.0,2.0,0.55,2.0,2.0,1,800.0,0,0,0,0,0,2
3.0,2.0,150.0,1.0,1.0,2.43,4.0,4.0,2,1635.52,1,0,1,1,0,2
2.0,3.0,190.0,0.0,0.0,0.32,2.0,2.0,2,554.0,0,0,0,0,0,0
3.0,3.0,152.0,1.0,3.0,4.02,4.0,4.0,3+,5498.36,1,1,1,1,0,2
3.0,3.0,150.0,0.0,2.0,0.8,3.0,2.0,1,990.0,0,0,0,0,0,0
2.0,3.0,146.0,0.0,2.0,3.4,3.0,4.0,3,1900.0,0,1,0,0,0,0
1.0,0.0,88.0,0.0,1.0,0.55,1.0,1.0,2,520.0,0,0,0,0,0,2
1.0,2.0,79.0,0.0,0.0,2.7,4.0,3.0,3,3150.158,0,0,0,0,0,2
4.0,1.0,88.0,0.0,3.0,5.9,4.0,4.0,3+,4280.0,1,1,1,1,0,0
1.0,1.0,160.0,0.0,1.0,0.83,2.0,2.0,3,1530.0,1,0,0,0,0,1
3.0,1.0,140.0,0.0,1.0,1.85,2.0,2.0,2,1250.0,0,0,0,0,0,2
3.0,3.0,170.0,0.0,2.0,1.25,3.0,4.0,3+,1544.0,0,1,0,1,0,2
3.0,0.0,124.0,1.0,2.0,8.5,4.0,4.0,2,3240.0,0,1,1,1,0,2
1.0,3.0,78.0,0.0,1.0,2.4,3.0,4.0,3+,1730.0,0,1,0,0,0,2
3.0,1.0,143.0,0.0,1.0,3.23,3.0,3.0,3,1200.0,0,1,0,0,0,2
2.0,3.0,177.0,0.0,3.0,1.68,3.0,4.0,3+,1520.0,0,1,0,0,0,0
2.0,4.0,105.0,0.0,1.0,1.25,2.0,2.0,3+,1385.0,0,0,0,0,0,2
3.0,3.0,111.0,0.0,1.0,1.35,3.0,3.0,3+,1440.0,0,0,0,1,0,2
3.0,1.0,110.0,0.0,2.0,1.35,3.0,3.0,0,1890.227,0,0,0,0,0,2
2.0,3.0,64.0,0.0,2.0,1.75,3.0,4.0,3+,1553.6,0,1,0,0,0,0
1.0,3.0,158.0,0.0,0.0,1.4,3.0,3.0,3,2208.202,0,0,0,0,0,2
3.0,0.0,41.0,1.0,1.0,1.7,5.0,4.0,3+,60.0,0,0,0,0,0,2
2.0,3.0,64.0,0.0,2.0,1.9,3.0,4.0,3,1350.0,0,1,0,0,0,2
3.0,1.0,179.0,0.0,0.0,0.25,1.0,1.0,1,304.0,0,0,0,0,0,2
3.0,3.0,71.0,0.0,2.0,0.85,3.0,3.0,2,1350.0,0,1,0,0,0,2
1.0,3.0,169.0,0.0,0.0,2.0,3.0,4.0,3,1926.4,0,1,0,0,0,2
0.0,2.0,132.0,0.0,3.0,3.25,3.0,3.0,3+,2302.0,0,0,0,1,0,0
3.0,3.0,158.0,0.0,1.0,1.25,3.0,4.0,3,1177.0,1,1,0,0,0,2
3.0,2.0,120.0,1.0,0.0,1.9,3.0,3.0,3+,4842.0,0,0,0,0,0,1
3.0,3.0,122.0,1.0,0.0,4.35,8.0,8.0,2,1840.0,1,0,0,1,0,0
1.0,3.0,147.0,0.0,1.0,1.5,2.0,2.0,2,1350.0,0,0,1,0,0,0
2.0,1.0,156.0,0.0,2.0,2.7,3.0,3.0,3,1614.4,0,0,1,0,0,2
3.0,2.0,113.0,0.0,1.0,1.75,3.0,4.0,3,2000.0,0,1,0,0,0,1
2.0,3.0,156.0,0.0,3.0,2.45,3.0,3.0,3+,1614.0,1,0,0,0,0,2
3.0,2.0,95.0,1.0,2.0,10.75,9.0,9.0,3+,3595.0,0,1,1,1,0,2
2.0,1.0,156.0,0.0,0.0,1.6,2.0,2.0,2,1124.8,0,0,0,0,0,2
1.0,3.0,175.0,0.0,3.0,1.25,4.0,4.0,3,2575.0,1,0,0,1,0,2
2.0,1.0,177.0,0.0,0.0,1.1,4.0,3.0,2,1600.0,0,0,0,0,0,2
1.0,1.0,44.0,0.0,0.0,1.75,4.0,4.0,3,2800.0,0,1,0,0,0,2
3.0,4.0,143.0,0.0,0.0,1.55,2.0,2.0,2,1050.0,0,0,0,0,0,2
3.0,2.0,81.0,0.0,0.0,2.2,3.0,4.0,3+,1760.0,0,0,0,0,0,2
0.0,3.0,64.0,0.0,2.0,1.85,3.0,3.0,3+,2025.0,0,1,0,0,0,0
3.0,2.0,95.0,1.0,3.0,6.5,5.0,5.0,3+,1797.0,1,1,1,1,0,0
3.0,0.0,135.0,1.0,1.0,3.49,4.0,4.0,2,1733.0,1,1,0,1,0,0
1.0,3.0,70.0,0.0,2.0,1.45,3.0,4.0,3+,1888.8,0,1,0,0,0,2
3.0,0.0,114.0,1.0,0.0,0.48,3.0,4.0,0,1345.0,0,0,0,0,0,2
3.0,0.0,96.0,1.0,1.0,15.0,4.0,4.0,3,4497.68,0,1,1,0,0,0
1.0,3.0,110.0,0.0,0.0,0.55,1.0,1.0,0,669.018,0,0,0,0,0,2
2.0,3.0,168.0,0.0,2.0,0.54,2.0,2.0,3+,960.0,0,0,0,0,0,2
3.0,3.0,160.0,0.0,0.0,1.0,2.0,2.0,3,1530.0,1,0,0,0,0,2
2.0,3.0,164.0,0.0,3.0,0.95,2.0,2.0,2,894.0,0,0,0,0,0,0
1.0,3.0,72.0,0.0,3.0,1.2,3.0,2.0,2,1504.0,0,0,0,0,0,2
3.0,3.0,175.0,0.0,2.0,0.65,2.0,2.0,3,1080.0,1,0,0,0,0,2
3.0,3.0,181.0,0.0,2.0,0.35,2.0,2.0,1,545.0,0,0,0,0,0,2
3.0,0.0,94.0,1.0,0.0,2.75,7.0,7.0,3+,3002.04,0,0,0,0,1,0
3.0,3.0,177.0,0.0,0.0,0.78,2.0,2.0,3,700.0,0,0,0,0,1,2
3.0,0.0,72.0,1.0,2.0,6.0,4.0,5.0,3,6232.0,0,0,0,0,0,2
3.0,3.0,71.0,0.0,3.0,1.25,3.0,3.0,3,1350.0,0,1,0,1,0,2
1.0,2.0,113.0,0.0,1.0,2.0,5.0,4.0,3,3200.0,0,1,0,0,0,1
3.0,1.0,180.0,0.0,2.0,1.15,2.0,2.0,2,1092.0,0,0,0,0,1,0
3.0,1.0,173.0,0.0,1.0,0.88,2.0,2.0,3,1105.0,1,0,0,0,0,2
3.0,3.0,160.0,0.0,2.0,1.4,2.0,2.0,2,1400.0,1,1,1,0,0,1
3.0,3.0,158.0,0.0,1.0,1.55,4.0,4.0,3+,1702.0,1,1,0,0,0,1
2.0,3.0,111.0,0.0,1.0,0.9,3.0,3.0,2,975.0,0,0,0,0,0,1
3.0,0.0,124.0,1.0,2.0,6.0,4.0,4.0,3+,2702.0,0,1,0,0,0,2
3.0,2.0,98.0,1.0,0.0,0.7,4.0,2.0,0,861.0,0,0,0,0,0,2
1.0,3.0,72.0,0.0,2.0,1.6,3.0,3.0,3,1396.0,0,0,0,0,0,2
3.0,2.0,150.0,1.0,0.0,0.53,2.0,2.0,0,903.84,0,0,0,0,0,2
3.0,1.0,83.0,0.0,0.0,0.64,2.0,2.0,1,800.0,0,0,0,0,0,2
3.0,1.0,88.0,1.0,0.0,0.35,2.0,2.0,0,540.0,0,0,0,0,0,2
2.0,3.0,72.0,0.0,2.0,2.0,4.0,4.0,2,2104.0,0,1,0,1,0,2
3.0,1.0,110.0,0.0,0.0,1.05,3.0,3.0,3,1400.0,0,0,0,0,0,0
3.0,1.0,152.0,1.0,1.0,6.0,5.0,4.0,3,2702.0,1,0,0,0,0,2
2.0,1.0,71.0,0.0,3.0,3.95,3.0,5.0,2,1512.005033,0,1,0,0,0,2
2.0,4.0,159.0,0.0,1.0,1.2,1.0,2.0,2,505.0,0,0,0,0,0,2
2.0,3.0,165.0,0.0,2.0,1.15,3.0,4.0,2,1432.0,0,1,0,1,0,0
3.0,3.0,149.0,0.0,3.0,1.8,4.0,5.0,3+,2000.0,0,1,0,0,0,2
2.0,0.0,71.0,0.0,2.0,0.7,2.0,2.0,2,1204.0,0,0,0,0,0,2
3.0,3.0,134.0,1.0,0.0,4.0,4.0,4.0,3+,1507.0,0,0,0,0,0,0
0.0,3.0,150.0,0.0,0.0,0.36,2.0,2.0,1,700.117,0,0,0,0,0,2
3.0,2.0,114.0,1.0,0.0,3.25,3.0,3.0,2,2249.0,0,0,0,0,0,2
2.0,4.0,99.0,0.0,2.0,1.1,2.0,2.0,2,845.2675392,0,0,0,0,0,2
2.0,3.0,169.0,0.0,2.0,1.07,2.0,2.0,3,1312.0,0,0,0,1,0,2
2.0,1.0,78.0,0.0,2.0,2.57,4.0,5.0,3+,1650.0,1,0,0,0,0,0
1.0,2.0,124.0,0.0,2.0,1.75,3.0,3.0,3,1800.0,0,1,0,0,0,1
2.0,3.0,190.0,0.0,2.0,0.35,2.0,2.0,2,625.0,0,0,0,0,0,2
3.0,3.0,65.0,0.0,3.0,0.99,3.0,4.0,3+,1495.0,0,1,0,1,0,2
3.0,2.0,182.0,0.0,0.0,1.25,4.0,3.0,3,1806.0,0,1,0,0,0,0
3.0,2.0,127.0,1.0,2.0,7.42,4.0,4.0,3,2162.76,0,0,0,0,0,0
0.0,3.0,149.0,0.0,3.0,1.55,3.0,3.0,2,1262.4,0,0,0,1,0,0
3.0,4.0,140.0,0.0,0.0,2.57,3.0,3.0,2,1630.0,1,0,0,0,0,2
3.0,1.0,190.0,0.0,2.0,1.35,3.0,3.0,3,2200.0,0,1,0,0,0,2
2.0,3.0,111.0,0.0,1.0,1.5,3.0,2.0,3+,1216.0,0,0,0,0,0,2
1.0,3.0,151.0,0.0,1.0,1.6,3.0,3.0,3,1161.0,1,1,0,1,1,2
3.0,3.0,139.0,0.0,3.0,2.05,2.0,3.0,2,1350.0,0,0,1,0,0,0
3.0,1.0,105.0,0.0,0.0,1.3,2.0,2.0,2,968.0,1,0,0,0,0,2
3.0,2.0,92.0,1.0,1.0,4.75,7.0,5.0,3+,259.0,0,0,0,1,1,0
3.0,3.0,144.0,0.0,3.0,2.79,4.0,4.0,3+,1975.0,1,1,0,0,0,1
3.0,3.0,190.0,0.0,2.0,0.55,2.0,2.0,3,822.0,0,0,0,0,0,2
1.0,3.0,66.0,0.0,2.0,1.16,3.0,4.0,3+,1816.0,0,1,0,0,0,0
1.0,3.0,175.0,0.0,2.0,1.24,3.0,3.0,3+,1400.0,0,0,0,0,1,2
3.0,2.0,150.0,1.0,0.0,1.15,2.0,2.0,3,900.0,0,0,0,0,0,2
3.0,3.0,147.0,0.0,2.0,0.62,2.0,2.0,2,523.0,0,0,0,0,0,2
1.0,3.0,190.0,0.0,1.0,0.3,2.0,2.0,2,467.0,0,0,0,0,0,2
0.0,1.0,151.0,0.0,2.0,1.8,3.0,5.0,3,1950.0,0,0,0,0,0,2
3.0,0.0,93.0,0.0,0.0,0.55,2.0,2.0,1,880.0,0,0,0,0,0,0
3.0,0.0,117.0,1.0,2.0,5.0,9.0,9.0,3+,2368.0,0,1,1,0,0,0
3.0,1.0,160.0,0.0,2.0,0.36,2.0,2.0,1,471.0,0,0,0,0,0,2
3.0,2.0,182.0,0.0,1.0,1.25,4.0,3.0,3,1806.0,0,1,0,0,0,2
3.0,2.0,133.0,1.0,0.0,3.55,4.0,4.0,3+,1453.0,0,0,0,0,0,0
1.0,3.0,168.0,0.0,0.0,2.2,4.0,4.0,3,2900.0,0,1,0,0,0,2
3.0,2.0,92.0,1.0,2.0,4.7,6.0,6.0,3+,160.0,0,0,1,1,0,0
3.0,3.0,123.0,1.0,2.0,5.15,9.0,9.0,3+,1937.0,0,0,1,0,0,0
3.0,2.0,94.0,1.0,0.0,10.0,8.0,10.0,3+,435.0,0,0,0,0,0,2
3.0,1.0,190.0,1.0,0.0,0.49,2.0,2.0,1,1152.0,0,0,0,0,0,2
1.0,3.0,170.0,0.0,0.0,0.5,2.0,2.0,1,520.0,0,0,0,0,0,2
1.0,0.0,64.0,0.0,3.0,1.78,3.0,4.0,3+,1544.8000000000002,0,1,0,0,0,2
3.0,0.0,96.0,1.0,2.0,31.5,7.0,9.0,3+,8998.0,1,1,1,1,0,1
2.0,3.0,146.0,0.0,3.0,3.4,3.0,4.0,3+,1886.4,0,1,0,0,0,0
3.0,3.0,88.0,1.0,1.0,2.9,4.0,4.0,3,1350.0,0,0,1,0,0,0
0.0,3.0,165.0,0.0,2.0,0.78,2.0,2.0,2,1038.4,0,0,0,0,0,0
3.0,1.0,190.0,0.0,2.0,0.65,2.0,2.0,3,520.0,0,0,0,0,0,2
1.0,3.0,92.0,0.0,1.0,2.0,2.0,2.0,2,1380.0,0,0,0,0,0,2
2.0,3.0,169.0,0.0,3.0,1.15,2.0,2.0,3+,1148.0,0,0,1,0,0,2
1.0,1.0,170.0,0.0,0.0,0.95,3.0,2.0,1,1690.0,0,0,0,0,0,2
3.0,3.0,144.0,0.0,3.0,2.77,4.0,4.0,3+,1975.0,1,1,0,0,0,1
3.0,0.0,96.0,1.0,0.0,6.75,3.0,3.0,3,2432.0,0,0,0,0,0,2
2.0,4.0,177.0,0.0,1.0,0.7,3.0,3.0,2,1259.899,0,0,0,0,0,2
2.0,3.0,190.0,0.0,2.0,1.01,2.0,2.0,3,950.0,1,0,0,0,0,2
1.0,3.0,149.0,0.0,2.0,1.42,3.0,3.0,2,1262.4,0,0,0,1,0,0
3.0,1.0,95.0,1.0,2.0,16.0,16.0,16.0,3+,2925.0,1,1,1,1,0,1
2.0,1.0,152.0,0.0,2.0,0.95,2.0,2.0,1,730.0,0,0,0,0,0,0
2.0,3.0,70.0,0.0,3.0,0.75,2.0,2.0,3+,1050.0,0,0,0,1,0,2
2.0,1.0,88.0,0.0,3.0,5.5,4.0,5.0,3+,4640.0,1,1,0,1,0,2
3.0,1.0,114.0,0.0,0.0,1.05,3.0,2.0,2,1350.0,0,0,0,0,0,0
2.0,4.0,170.0,0.0,1.0,0.74,2.0,2.0,1,1088.0,0,0,0,0,1,2
3.0,2.0,54.0,1.0,0.0,0.58,4.0,2.0,1,1022.0,0,0,0,1,0,2
3.0,0.0,135.0,1.0,3.0,3.3,4.0,3.0,3+,1668.0,1,1,1,1,0,2
2.0,3.0,110.0,0.0,1.0,0.75,2.0,2.0,3+,1429.933,0,0,0,0,0,2
2.0,0.0,88.0,0.0,2.0,1.59,3.0,4.0,3+,1536.0,0,1,0,0,0,2
2.0,4.0,137.0,0.0,0.0,5.5,3.0,3.0,1,2420.0,0,1,0,0,0,2
3.0,3.0,19.0,1.0,0.0,0.7,4.0,3.0,2,721.0,0,0,1,1,0,2
3.0,0.0,68.0,1.0,0.0,1.15,3.0,2.0,1,3500.0,0,0,0,0,0,2
3.0,3.0,144.0,0.0,2.0,2.8,4.0,4.0,3,1975.0,1,1,0,0,0,0
3.0,0.0,118.0,1.0,3.0,7.0,7.0,7.0,3+,2475.0,1,1,1,1,0,1
3.0,3.0,64.0,0.0,2.0,1.76,3.0,3.0,3,1353.6,0,0,0,0,0,2
3.0,0.0,114.0,1.0,0.0,0.67,3.0,2.0,1,786.0,0,0,0,1,1,2
3.0,3.0,181.0,0.0,1.0,1.05,2.0,2.0,3,1240.0,1,0,0,0,0,2
1.0,3.0,169.0,0.0,3.0,1.3,2.0,2.0,3+,1240.0,0,0,1,0,0,2
1.0,3.0,75.0,0.0,3.0,1.8,3.0,3.0,3+,1650.0,0,1,0,0,0,0
1.0,1.0,164.0,0.0,2.0,0.9,2.0,2.0,3,1088.0,0,0,0,0,1,2
1.0,3.0,177.0,0.0,1.0,1.9,4.0,4.0,3+,1750.0,1,1,0,1,1,2
0.0,3.0,146.0,0.0,3.0,2.72,4.0,4.0,3+,2001.0,0,1,0,1,0,0
3.0,3.0,190.0,0.0,2.0,0.9,3.0,2.0,0,1119.96,0,0,0,0,0,2
3.0,4.0,140.0,0.0,3.0,1.7,2.0,2.0,2,1120.0,1,0,0,0,0,2
1.0,3.0,168.0,0.0,2.0,0.69,2.0,2.0,3+,1080.0,1,0,0,0,0,2
3.0,2.0,83.0,1.0,0.0,4.1,3.0,3.0,2,150.0,1,0,0,1,1,0
1.0,0.0,131.0,0.0,0.0,6.0,3.0,4.0,3+,1960.0,0,1,0,0,1,0
1.0,1.0,175.0,0.0,1.0,0.7,2.0,2.0,3,1081.6,1,0,0,0,1,2
3.0,0.0,114.0,1.0,0.0,0.85,3.0,3.0,0,1129.8,0,0,0,0,0,2
2.0,4.0,26.0,0.0,0.0,1.3,3.0,3.0,3,1200.0,0,0,0,0,0,2
2.0,0.0,167.0,0.0,3.0,0.85,2.0,2.0,2,950.0,0,0,0,1,0,0
1.0,3.0,169.0,0.0,3.0,1.2,2.0,2.0,3,1000.0,0,0,0,0,0,0
3.0,3.0,96.0,1.0,1.0,13.5,5.0,5.0,3+,4520.0,1,1,0,1,1,1
3.0,3.0,76.0,1.0,3.0,9.0,5.0,5.0,3+,7994.68,0,1,0,0,0,2
1.0,3.0,132.0,0.0,3.0,11.0,4.0,6.0,3,2498.4,0,1,0,0,0,1
3.0,3.0,169.0,0.0,1.0,0.8,3.0,4.0,3,1275.0,0,1,0,0,0,0
3.0,3.0,94.0,1.0,1.0,4.5,10.0,8.0,3+,150.0,0,1,1,0,0,0
3.0,1.0,106.0,0.0,3.0,1.0,3.0,2.0,3,1010.0,0,0,0,0,0,2
3.0,3.0,190.0,0.0,2.0,1.65,3.0,3.0,0,946.0,0,0,0,0,0,2
1.0,1.0,160.0,0.0,2.0,1.7,3.0,4.0,3+,1121.0,0,1,0,0,0,2
3.0,2.0,135.0,1.0,2.0,4.6,6.0,6.0,3,2702.0,1,1,1,1,0,1
1.0,0.0,132.0,0.0,2.0,1.75,3.0,4.0,3+,1700.0,0,1,0,0,0,0
3.0,0.0,132.0,1.0,0.0,3.75,4.0,4.0,3,1449.0,0,1,0,0,0,0
3.0,0.0,130.0,0.0,0.0,5.0,5.0,5.0,3+,5200.208,0,0,0,0,0,2
1.0,1.0,110.0,0.0,1.0,1.44,3.0,3.0,3+,1990.0,0,1,0,0,0,2
3.0,2.0,150.0,1.0,0.0,1.95,2.0,2.0,2,1442.0,0,0,0,0,0,2
2.0,1.0,64.0,0.0,1.0,0.97,2.0,2.0,2,600.0,0,0,0,0,0,2
1.0,3.0,190.0,0.0,3.0,0.71,2.0,2.0,3,1020.0,0,0,0,0,0,2
3.0,1.0,88.0,0.0,1.0,5.25,4.0,5.0,3+,4640.0,1,1,0,1,0,2
1.0,0.0,127.0,0.0,0.0,6.75,4.0,4.0,0,3395.031,0,0,0,0,0,2
3.0,4.0,105.0,0.0,2.0,1.31,2.0,2.0,2,76.44,0,0,0,0,0,2
3.0,0.0,103.0,1.0,1.0,4.25,5.0,5.0,3+,180.0,0,0,1,1,0,0
3.0,3.0,71.0,1.0,0.0,1.7,4.0,4.0,3+,2600.0,0,0,0,0,0,2
1.0,4.0,177.0,0.0,0.0,0.61,3.0,2.0,2,1008.8,0,0,0,0,1,2
1.0,3.0,169.0,0.0,2.0,1.38,3.0,4.0,2,1696.0,0,1,0,0,0,2
3.0,3.0,162.0,1.0,0.0,1.6,4.0,6.0,1,5040.0,0,0,0,0,0,2
1.0,3.0,69.0,0.0,3.0,1.05,3.0,4.0,3+,1230.0,0,1,0,0,0,2
2.0,0.0,124.0,0.0,3.0,2.65,4.0,4.0,3+,1750.0,1,1,0,0,0,0
1.0,1.0,111.0,0.0,2.0,0.68,2.0,2.0,3,580.0,0,0,0,0,1,2
3.0,1.0,142.0,0.0,0.0,3.35,3.0,3.0,3+,1627.2,0,0,0,0,0,0
2.0,3.0,64.0,0.0,2.0,2.15,3.0,4.0,3,1719.2,1,1,0,0,0,2
2.0,1.0,179.0,0.0,2.0,0.42,2.0,2.0,2,569.302671,1,0,0,0,0,0
3.0,3.0,144.0,0.0,3.0,3.5,4.0,4.0,3,1580.0,0,1,0,0,0,0
3.0,2.0,81.0,1.0,0.0,3.5,6.0,4.0,2,180.0,0,0,0,0,1,0
3.0,0.0,140.0,0.0,3.0,3.6,4.0,4.0,3,2280.8,0,1,0,0,0,0
1.0,3.0,71.0,0.0,2.0,2.6,3.0,3.0,2,1368.8000000000002,0,0,0,0,0,2
1.0,2.0,121.0,0.0,0.0,2.25,4.0,4.0,2,2875.0,0,1,0,0,0,1
1.0,0.0,88.0,0.0,2.0,0.6,1.0,1.0,1,588.0,0,0,0,0,0,0
1.0,1.0,63.0,0.0,1.0,1.5,4.0,5.0,3+,1887.2,0,1,0,0,0,2
3.0,3.0,103.0,0.0,2.0,5.5,4.0,5.0,3+,2354.4,1,1,0,1,0,2
2.0,2.0,30.0,0.0,2.0,3.63,3.0,3.0,1,2500.0,0,1,1,0,0,2
1.0,3.0,111.0,0.0,1.0,1.95,4.0,3.0,3,1350.0,0,0,0,0,0,2
3.0,3.0,75.0,0.0,3.0,4.49,5.0,5.0,3+,3104.0,0,1,0,0,0,2
1.0,3.0,88.0,0.0,1.0,7.0,4.0,4.0,3+,4800.0,0,1,0,0,0,2
2.0,3.0,69.0,0.0,3.0,1.25,3.0,4.0,3,1173.0,1,1,0,0,0,2
2.0,1.0,142.0,0.0,2.0,7.9,4.0,4.0,3+,2900.0,0,0,0,0,0,2
1.0,3.0,70.0,0.0,1.0,0.28,2.0,2.0,2,489.0,0,0,0,0,0,2
1.0,3.0,110.0,0.0,1.0,1.1,3.0,4.0,3,1760.0,1,1,0,0,0,2
2.0,1.0,105.0,0.0,1.0,1.3,3.0,2.0,3+,1245.6,0,0,0,0,0,2
3.0,0.0,120.0,1.0,1.0,6.5,5.0,4.0,3+,1936.8,0,1,0,1,0,0
2.0,3.0,167.0,0.0,3.0,1.3,3.0,3.0,3,1095.334464,0,1,0,0,0,0
1.0,1.0,78.0,0.0,0.0,1.85,3.0,2.0,2,1263.2,0,0,0,0,0,2
3.0,0.0,71.0,0.0,0.0,0.7,2.0,2.0,3,1548.0,0,0,0,0,0,0
3.0,2.0,126.0,1.0,0.0,0.8,2.0,2.0,1,903.84,0,0,0,0,0,2
3.0,0.0,162.0,1.0,0.0,0.82,4.0,4.0,0,802.0,0,0,0,0,0,2
3.0,1.0,179.0,0.0,1.0,0.45,2.0,2.0,2,569.0,0,0,0,0,0,0
1.0,0.0,125.0,0.0,3.0,2.9,4.0,4.0,3+,1906.4,0,1,0,0,0,2
1.0,3.0,134.0,0.0,3.0,2.09,4.0,4.0,3+,2200.0,0,0,0,0,1,0
1.0,3.0,169.0,0.0,0.0,2.3,4.0,4.0,3+,2249.6,0,1,0,0,0,2
3.0,3.0,190.0,0.0,1.0,0.25,1.0,1.0,1,414.0,0,0,0,0,0,2
3.0,0.0,127.0,0.0,3.0,2.7,3.0,3.0,3+,2084.0,0,1,0,0,0,2
2.0,3.0,149.0,0.0,3.0,1.4,3.0,3.0,2,1262.4,0,0,0,1,0,2
1.0,3.0,169.0,0.0,3.0,2.15,4.0,5.0,3+,1968.0,0,1,0,0,0,2
3.0,2.0,112.0,1.0,3.0,4.0,6.0,6.0,3+,1840.0,1,1,0,1,1,0
3.0,3.0,166.0,0.0,0.0,0.75,2.0,2.0,2,650.0,0,0,0,0,0,2
1.0,0.0,127.0,0.0,1.0,2.35,3.0,3.0,3,1800.0,0,0,0,0,0,0
3.0,2.0,114.0,1.0,0.0,0.5,5.0,3.0,2,538.0,0,0,0,0,0,2
2.0,1.0,190.0,0.0,1.0,0.42,2.0,2.0,1,531.0,0,0,0,0,0,2
1.0,1.0,105.0,0.0,1.0,1.27,2.0,2.0,3+,1106.4,0,0,0,0,0,2
3.0,3.0,190.0,1.0,0.0,0.07,1.0,1.0,0,301.0,0,0,0,0,0,2
1.0,3.0,70.0,0.0,1.0,0.3,2.0,2.0,1,489.0,0,0,0,0,0,2
1.0,1.0,181.0,0.0,2.0,1.1,2.0,2.0,3,1200.0,1,0,0,0,0,2
1.0,3.0,64.0,0.0,0.0,1.1,2.0,2.0,1,700.0,0,0,0,0,0,2
1.0,3.0,167.0,0.0,3.0,1.76,3.0,3.0,3,1240.00128,0,1,0,0,0,0
3.0,0.0,177.0,0.0,1.0,0.95,4.0,5.0,3+,1517.6,0,1,0,0,0,2
3.0,3.0,79.0,1.0,0.0,0.7,3.0,3.0,0,1162.0,0,0,0,0,0,2
2.0,3.0,69.0,0.0,3.0,1.15,3.0,4.0,3+,1130.0,1,1,0,0,0,0
3.0,1.0,140.0,0.0,3.0,2.45,3.0,3.0,3,939.365553,1,1,0,0,0,2
1.0,3.0,124.0,0.0,3.0,2.7,3.0,3.0,3+,1700.0,1,1,0,0,0,0
1.0,0.0,63.0,0.0,0.0,0.9,3.0,3.0,3+,2070.4,0,1,0,0,0,2
1.0,1.0,179.0,0.0,0.0,0.46,2.0,2.0,0,990.099,0,0,0,0,0,2
1.0,3.0,177.0,0.0,0.0,1.0,4.0,4.0,3,2092.926,0,0,0,0,0,2
3.0,3.0,149.0,0.0,3.0,1.68,4.0,4.0,2,1608.0,0,0,0,1,0,2
3.0,0.0,127.0,1.0,3.0,6.95,3.0,3.0,1,1720.0,0,1,0,0,0,2
1.0,3.0,190.0,0.0,2.0,0.87,2.0,2.0,3+,849.0,1,0,0,0,0,2
1.0,0.0,153.0,0.0,0.0,1.35,4.0,4.0,3,1880.0,0,1,0,0,0,2
3.0,2.0,123.0,0.0,1.0,0.65,1.0,1.0,2,539.0,0,0,0,0,0,2
3.0,1.0,127.0,1.0,3.0,3.99,4.0,5.0,3+,4499.0,0,1,0,1,0,0
3.0,2.0,81.0,1.0,1.0,3.4,3.0,3.0,3,2249.0,0,0,0,0,0,2
3.0,0.0,88.0,1.0,0.0,5.7,9.0,9.0,3+,2432.0,0,0,0,1,0,0
3.0,0.0,73.0,1.0,0.0,4.25,4.0,3.0,2,1800.0,0,0,0,0,0,2
0.0,3.0,146.0,0.0,3.0,4.75,4.0,4.0,3+,3100.0,1,1,1,1,0,0
1.0,3.0,175.0,0.0,2.0,1.13,3.0,3.0,3+,1384.0,0,0,0,0,1,2
3.0,3.0,169.0,0.0,1.0,2.1,4.0,4.0,3,2400.0,0,0,0,0,0,2
3.0,2.0,49.0,1.0,0.0,0.8,4.0,4.0,0,904.0,0,0,0,0,0,2
3.0,3.0,190.0,0.0,1.0,0.26,2.0,2.0,1,481.792164,0,0,0,0,0,2
2.0,4.0,105.0,0.0,3.0,1.45,3.0,2.0,3+,86.0,1,0,0,0,0,2
2.0,3.0,164.0,0.0,3.0,2.34,3.0,4.0,3+,1670.0,0,1,0,0,0,1
1.0,3.0,175.0,0.0,0.0,1.26,3.0,3.0,3,1500.0,0,0,0,0,1,0
2.0,2.0,98.0,0.0,3.0,2.26,3.0,3.0,2,1650.0,0,1,0,0,0,2
1.0,1.0,160.0,0.0,1.0,1.95,3.0,4.0,3+,1121.0,0,1,0,0,0,2
3.0,3.0,149.0,0.0,2.0,1.68,4.0,4.0,2,1608.0,0,0,0,1,0,2
2.0,3.0,66.0,0.0,2.0,1.58,2.0,3.0,3,1360.0,0,1,0,0,0,2
2.0,3.0,144.0,0.0,1.0,2.78,3.0,3.0,3,1462.4,0,0,0,0,0,2
0.0,3.0,128.0,0.0,1.0,1.85,3.0,3.0,3+,1662.025,0,0,0,0,0,2
2.0,3.0,64.0,0.0,2.0,1.82,3.0,4.0,3+,1553.6,0,1,0,0,0,2
3.0,3.0,120.0,1.0,1.0,5.8,6.0,6.0,3,1937.0,0,1,0,0,1,0
1.0,4.0,66.0,0.0,2.0,0.49,3.0,2.0,2,645.0,0,0,0,0,0,2
3.0,2.0,80.0,1.0,0.0,1.5,2.0,2.0,2,1421.0,1,0,0,1,0,2
3.0,0.0,124.0,1.0,1.0,5.0,7.0,7.0,3,2336.0,0,0,0,0,0,0
3.0,3.0,66.0,0.0,2.0,2.0,3.0,4.0,3+,1832.0,0,1,0,0,0,2
1.0,0.0,130.0,0.0,3.0,2.0,4.0,3.0,3,1850.0,0,1,0,0,0,1
0.0,1.0,151.0,0.0,1.0,1.1,2.0,2.0,2,788.0,1,0,0,0,0,2
1.0,4.0,111.0,0.0,1.0,1.2,3.0,2.0,1,1850.0,0,1,0,0,1,2
2.0,3.0,64.0,0.0,2.0,1.92,3.0,3.0,3,2000.0,1,1,1,1,0,2
3.0,0.0,138.0,1.0,0.0,0.4,4.0,2.0,2,800.0,0,0,0,0,0,2
1.0,1.0,105.0,0.0,0.0,1.55,3.0,3.0,3+,1300.0,0,0,0,0,0,0
3.0,3.0,88.0,1.0,2.0,4.95,6.0,5.0,3+,2432.0,0,1,0,0,0,2
1.0,3.0,77.0,0.0,3.0,2.8,2.0,3.0,2,1800.0,1,1,0,0,0,2
1.0,3.0,169.0,0.0,3.0,1.91,4.0,6.0,3,3800.0,0,1,0,0,0,2
2.0,3.0,64.0,0.0,0.0,1.42,2.0,2.0,3,1368.015,0,0,0,0,0,2
3.0,3.0,105.0,1.0,2.0,1.15,2.0,2.0,3,1230.0,1,0,0,0,0,0
1.0,3.0,149.0,0.0,2.0,1.55,3.0,3.0,2,1262.4,0,0,0,1,0,2
1.0,1.0,149.0,0.0,3.0,1.7,4.0,4.0,2,1608.0,0,0,0,0,0,2
2.0,1.0,179.0,0.0,2.0,0.46,2.0,2.0,2,728.0,1,0,0,0,0,2
3.0,2.0,84.0,1.0,2.0,7.2,3.0,3.0,2,3229.0,0,0,1,0,0,2
2.0,1.0,144.0,0.0,3.0,3.5,3.0,3.0,3,2054.0,1,1,0,1,0,0
2.0,3.0,142.0,0.0,0.0,3.0,3.0,3.0,3+,1500.0,0,1,0,0,0,0
3.0,3.0,72.0,0.0,1.0,0.79,3.0,2.0,2,996.0,0,0,0,0,0,0
3.0,1.0,98.0,1.0,3.0,9.54,6.0,5.0,3+,3240.0,1,1,1,1,0,2
0.0,3.0,177.0,0.0,2.0,0.85,3.0,3.0,0,1257.6,0,0,0,0,0,2
3.0,3.0,64.0,0.0,2.0,1.4,3.0,3.0,3,1320.0,0,1,0,0,0,0
3.0,0.0,190.0,0.0,0.0,0.26,2.0,2.0,2,460.8,0,0,0,0,0,2
3.0,0.0,127.0,1.0,3.0,15.0,4.0,4.0,2,4499.0,0,1,0,0,0,2
3.0,0.0,100.0,1.0,0.0,0.75,2.0,2.0,0,1162.08,0,0,0,0,0,2
1.0,1.0,133.0,1.0,1.0,5.0,9.0,9.0,3+,100.0,0,0,0,0,1,0
1.0,3.0,153.0,0.0,2.0,0.6,2.0,2.0,1,600.0,0,0,0,1,0,2
2.0,1.0,168.0,0.0,0.0,0.3,1.0,1.0,1,450.0,0,0,0,0,0,0
3.0,2.0,134.0,0.0,1.0,0.47,1.0,1.0,1,605.0,0,0,0,0,0,0
3.0,1.0,105.0,0.0,1.0,2.15,3.0,3.0,3+,1272.0,0,0,0,0,0,2
2.0,3.0,164.0,0.0,1.0,2.35,3.0,3.0,3+,1257.0,1,1,0,1,1,1
2.0,3.0,179.0,0.0,1.0,0.6,2.0,2.0,2,860.8000000000001,1,0,0,0,0,2
3.0,0.0,130.0,1.0,0.0,5.5,9.0,9.0,3+,2709.0,0,1,0,1,1,0
3.0,3.0,71.0,0.0,3.0,1.02,2.0,3.0,3,734.420897,1,0,0,0,0,2
3.0,0.0,73.0,0.0,0.0,1.1,3.0,3.0,3,1650.0,0,0,0,0,0,2
2.0,3.0,169.0,0.0,1.0,1.25,2.0,2.0,2,1741.0,0,0,0,0,0,0
3.0,2.0,114.0,1.0,1.0,4.75,5.0,5.0,1,5069.0,1,1,0,1,0,0
0.0,3.0,146.0,0.0,1.0,2.9,3.0,3.0,3,1637.6,0,0,0,0,1,0
3.0,0.0,100.0,1.0,0.0,0.85,1.0,1.0,0,1000.68,0,0,0,0,0,2
3.0,0.0,164.0,0.0,1.0,1.28,3.0,3.0,3,1784.0,0,1,0,1,0,0
2.0,1.0,111.0,0.0,1.0,1.98,3.0,3.0,3+,1752.8000000000002,1,0,0,0,0,0
3.0,0.0,134.0,1.0,1.0,3.6,5.0,5.0,3+,1453.0,0,0,0,0,1,2
2.0,1.0,144.0,0.0,3.0,2.1,2.0,2.0,2,1048.0,0,0,0,0,0,2
1.0,3.0,169.0,0.0,1.0,1.75,3.0,4.0,3,1926.4,0,1,0,0,0,2
1.0,3.0,72.0,0.0,1.0,1.4,3.0,3.0,3+,1400.0,0,0,0,0,0,2
1.0,3.0,75.0,0.0,3.0,4.1,5.0,5.0,2,3000.0,0,1,0,0,0,2
3.0,3.0,72.0,0.0,2.0,1.75,3.0,4.0,3+,1720.0,0,1,0,0,1,2
1.0,3.0,177.0,0.0,0.0,0.45,3.0,3.0,1,750.0,0,0,0,0,0,2
3.0,3.0,153.0,0.0,2.0,0.37,1.0,1.0,2,366.510795,0,0,0,0,0,2
3.0,3.0,167.0,0.0,3.0,1.55,3.0,3.0,3,1095.0,0,1,0,0,0,0
2.0,0.0,175.0,0.0,1.0,1.7,4.0,4.0,3+,1772.0,0,1,0,0,0,2
2.0,3.0,165.0,0.0,1.0,1.12,3.0,3.0,2,1400.0,0,0,0,1,0,0
1.0,3.0,72.0,0.0,2.0,2.15,3.0,4.0,3,1676.0,0,1,0,0,0,2
3.0,3.0,144.0,0.0,0.0,2.85,4.0,4.0,3,1580.0,1,1,0,0,0,2
2.0,1.0,70.0,0.0,2.0,1.01,2.0,2.0,3+,1092.8,0,0,0,0,1,2
3.0,1.0,175.0,0.0,2.0,0.96,3.0,4.0,3,1500.0,0,1,0,0,0,2
1.0,1.0,152.0,0.0,3.0,1.69,3.0,3.0,3+,1650.0,0,1,0,0,0,2
2.0,3.0,152.0,0.0,1.0,1.75,3.0,4.0,3+,1050.0,0,0,0,0,1,1
3.0,3.0,76.0,0.0,1.0,0.96,2.0,2.0,1,1182.4,1,0,0,0,0,2
3.0,2.0,34.0,0.0,2.0,1.49,3.0,2.0,3+,1750.0,0,0,0,0,0,1
4.0,3.0,66.0,0.0,3.0,2.6,4.0,4.0,3+,2950.0,0,1,0,0,0,0
1.0,3.0,107.0,0.0,2.0,0.36,1.0,1.0,1,406.0,0,0,0,0,0,2
1.0,4.0,20.0,0.0,0.0,1.65,3.0,4.0,3,2785.0,0,0,0,0,0,2
1.0,3.0,72.0,0.0,2.0,2.95,4.0,5.0,3+,2520.0,0,1,0,0,0,2
1.0,3.0,70.0,0.0,1.0,0.35,2.0,2.0,2,547.0,0,0,0,0,0,2
2.0,3.0,190.0,0.0,1.0,0.66,2.0,2.0,3,730.0,0,0,0,1,0,2
2.0,3.0,149.0,0.0,2.0,1.36,3.0,3.0,1,1230.4,0,0,0,1,0,2
2.0,3.0,175.0,0.0,0.0,1.25,3.0,3.0,2,1395.2,0,0,0,0,1,2
3.0,1.0,144.0,0.0,3.0,1.95,3.0,3.0,3+,1400.0,0,0,1,0,0,0
3.0,3.0,33.0,1.0,0.0,0.6,5.0,4.0,3+,1055.0,1,0,0,0,0,0
2.0,3.0,160.0,0.0,0.0,0.78,2.0,2.0,3+,1036.0,0,0,0,0,0,2
2.0,3.0,71.0,0.0,2.0,2.9,3.0,4.0,2,1602.4,0,0,0,0,0,2
2.0,3.0,77.0,0.0,3.0,5.2,4.0,6.0,3+,3500.0,0,1,0,1,0,0
2.0,2.0,102.0,0.0,3.0,3.55,3.0,5.0,3+,2000.0,0,1,0,0,0,0
3.0,3.0,120.0,1.0,2.0,2.55,3.0,3.0,2,1936.8,0,0,0,0,0,0
3.0,2.0,135.0,1.0,1.0,6.21,6.0,6.0,3+,2702.0,1,1,1,1,0,2
3.0,1.0,72.0,0.0,1.0,1.75,3.0,3.0,3,1460.0,0,0,0,0,0,2
3.0,3.0,36.0,1.0,0.0,0.38,1.0,1.0,1,473.44,0,0,0,0,1,2
4.0,3.0,141.0,0.0,3.0,9.14,4.0,6.0,3,3258.0,1,1,1,0,0,0
3.0,3.0,72.0,1.0,2.0,12.5,5.0,6.0,3,4499.0,1,1,1,1,0,2
3.0,0.0,63.0,1.0,0.0,2.0,3.0,1.0,0,1335.0,0,0,0,0,0,2
1.0,3.0,148.0,0.0,3.0,1.13,2.0,2.0,3,930.0,0,0,0,0,0,0
3.0,3.0,148.0,0.0,1.0,2.22,3.0,2.0,3,1240.0,0,0,0,0,0,2
3.0,3.0,164.0,0.0,2.0,2.5,3.0,3.0,2,2132.0,0,1,0,0,0,1
1.0,0.0,175.0,0.0,1.0,1.8,4.0,4.0,3+,1772.0,0,0,0,0,0,2
3.0,2.0,40.0,1.0,0.0,1.3,4.0,4.0,2,1496.0,0,0,0,0,0,2
3.0,1.0,152.0,1.0,1.0,4.7,4.0,4.0,3+,2605.0,0,0,0,0,1,2
3.0,3.0,169.0,0.0,1.0,2.05,4.0,4.0,3+,2250.0,0,1,0,0,0,0
3.0,0.0,74.0,1.0,0.0,1.2,7.0,3.0,0,2700.76,0,0,0,0,0,2
2.0,1.0,78.0,0.0,1.0,2.75,4.0,4.0,3+,2597.0,1,1,0,1,0,1
3.0,3.0,190.0,1.0,0.0,0.5,5.0,4.0,3,675.0,0,0,0,1,0,2
3.0,3.0,120.0,1.0,2.0,9.5,5.0,5.0,3+,250.0,0,1,0,1,0,0
3.0,3.0,152.0,1.0,3.0,4.0,4.0,4.0,3+,5995.0,0,1,0,0,0,2
3.0,3.0,111.0,1.0,2.0,1.27,3.0,3.0,3,1571.0,0,0,0,1,0,2
1.0,3.0,177.0,0.0,2.0,1.18,4.0,4.0,3,2266.0,0,1,0,0,0,2
3.0,3.0,82.0,0.0,0.0,0.43,2.0,2.0,1,770.0,0,0,0,0,0,0
2.0,3.0,149.0,0.0,3.0,1.37,3.0,3.0,1,1230.4,0,0,0,0,0,2
2.0,3.0,69.0,0.0,3.0,1.42,4.0,6.0,3+,1884.0,0,1,0,0,0,2
3.0,3.0,88.0,0.0,2.0,0.95,2.0,2.0,1,990.0,0,0,0,0,0,2
2.0,3.0,111.0,0.0,3.0,1.65,3.0,3.0,2,1501.6,0,0,0,0,0,2
3.0,3.0,173.0,0.0,2.0,0.5,2.0,2.0,1,644.0,0,0,0,0,0,1
3.0,1.0,179.0,0.0,1.0,0.4,2.0,2.0,2,514.0,0,0,0,0,0,0
3.0,4.0,143.0,0.0,2.0,3.7,3.0,3.0,3+,2400.0,0,0,0,0,0,2
3.0,1.0,173.0,0.0,1.0,1.16,3.0,2.0,3,882.4000000000001,1,0,0,0,0,2
0.0,2.0,22.0,1.0,1.0,2.3,6.0,6.0,0,8136.0,0,0,0,0,1,2
3.0,1.0,160.0,0.0,3.0,1.4,3.0,3.0,3,1490.0,0,0,0,0,0,0
2.0,1.0,78.0,0.0,3.0,3.25,4.0,4.0,3+,2298.0,1,1,0,1,0,2
3.0,3.0,66.0,0.0,3.0,2.25,3.0,4.0,3+,2150.0,0,1,0,0,0,0
3.0,3.0,120.0,0.0,2.0,2.5,4.0,4.0,3+,2120.0,0,0,0,0,0,0
2.0,0.0,167.0,0.0,3.0,1.12,3.0,3.0,2,1400.0,0,0,0,0,0,0
2.0,3.0,158.0,0.0,2.0,1.75,3.0,3.0,3+,1500.0,0,1,0,0,0,2
1.0,3.0,65.0,0.0,3.0,1.15,2.0,2.0,3,865.0,1,0,0,0,0,0
2.0,3.0,78.0,0.0,3.0,3.35,4.0,4.0,3+,2692.0,1,1,0,0,0,0
3.0,1.0,105.0,0.0,2.0,1.35,3.0,2.0,2,1300.0,0,0,0,0,0,2
1.0,2.0,88.0,0.0,2.0,1.4,3.0,3.0,3+,1424.0,0,0,0,0,0,1
1.0,1.0,66.0,0.0,2.0,0.65,3.0,2.0,2,763.0,0,0,0,0,0,2
3.0,3.0,165.0,0.0,1.0,1.45,4.0,3.0,0,1799.901,0,0,0,0,0,2
1.0,3.0,178.0,0.0,0.0,0.85,2.0,2.0,0,597.036,0,0,0,0,0,2
2.0,3.0,175.0,0.0,2.0,1.78,4.0,4.0,3+,1772.0,0,0,0,0,0,2
1.0,1.0,120.0,1.0,1.0,2.2,12.0,12.0,3+,3197.0,0,1,0,0,0,1
2.0,0.0,144.0,0.0,3.0,5.4,3.0,4.0,3,2383.2000000000003,1,1,0,0,0,0
1.0,3.0,75.0,0.0,3.0,1.4,3.0,3.0,3,1450.0,0,0,0,0,0,0
2.0,3.0,64.0,0.0,2.0,1.54,3.0,3.0,3,1022.5705,0,1,0,0,0,2
3.0,2.0,174.0,1.0,0.0,1.1,2.0,2.0,1,1359.0,0,0,0,0,1,2
2.0,3.0,149.0,0.0,2.0,1.66,4.0,4.0,1,1576.0,0,0,0,1,0,2
3.0,1.0,170.0,0.0,2.0,1.25,3.0,2.0,1,1352.0,0,0,0,0,0,2
1.0,3.0,169.0,0.0,3.0,0.67,2.0,2.0,2,1150.0,0,0,0,0,1,0
0.0,3.0,144.0,0.0,3.0,2.85,4.0,4.0,3+,1580.0,1,1,0,0,0,0
2.0,3.0,77.0,0.0,1.0,3.75,3.0,5.0,3+,2241.6,0,1,0,0,0,0
3.0,2.0,150.0,1.0,0.0,2.25,5.0,3.0,0,1334.24,0,0,0,0,0,2
3.0,1.0,123.0,1.0,2.0,8.5,12.0,12.0,3+,1603.24,0,0,0,0,0,0
3.0,3.0,144.0,0.0,1.0,2.4,3.0,3.0,3,1250.0,1,1,0,0,0,0
3.0,0.0,134.0,1.0,0.0,3.4,6.0,6.0,3+,1528.0,0,0,0,0,0,0
3.0,0.0,120.0,1.0,2.0,5.3,9.0,9.0,3+,1937.0,0,1,0,0,0,0
3.0,0.0,114.0,1.0,0.0,0.65,4.0,2.0,2,581.0,0,0,0,0,0,2
2.0,3.0,152.0,0.0,2.0,1.82,3.0,3.0,3,1550.0,0,0,0,0,0,2
1.0,3.0,66.0,0.0,3.0,1.83,3.0,4.0,3+,1750.0,0,1,0,0,0,2
3.0,2.0,98.0,0.0,2.0,0.95,2.0,1.0,1,1069.0,0,0,0,0,0,2
1.0,3.0,64.0,0.0,3.0,1.45,3.0,3.0,3,1320.0,0,1,0,0,0,2
1.0,0.0,132.0,0.0,3.0,4.85,3.0,4.0,3+,1607.0,0,1,0,0,0,1
3.0,2.0,118.0,1.0,2.0,7.25,9.0,8.0,3,2475.0,0,1,0,0,0,0
1.0,1.0,152.0,0.0,3.0,1.68,3.0,3.0,3+,1560.0,0,1,0,0,0,2
3.0,1.0,190.0,0.0,2.0,0.2,1.0,1.0,1,474.046,0,0,0,0,0,2
1.0,0.0,163.0,0.0,3.0,1.1,3.0,3.0,3,1391.0,0,1,0,0,0,2
3.0,1.0,195.0,1.0,0.0,0.9,4.0,5.0,3,170.0,0,0,0,0,1,2
3.0,1.0,190.0,0.0,2.0,0.75,3.0,2.0,3+,1081.0,0,0,0,0,0,2
0.0,3.0,70.0,0.0,1.0,0.29,2.0,2.0,2,489.0,0,0,0,0,0,2
3.0,3.0,72.0,1.0,3.0,6.0,5.0,5.0,3+,6232.0,1,1,1,1,0,2
3.0,3.0,170.0,0.0,1.0,0.5,2.0,2.0,1,601.0,0,0,0,0,0,2
1.0,3.0,149.0,0.0,3.0,1.92,4.0,5.0,3+,1920.0,0,1,0,0,0,0
3.0,2.0,84.0,1.0,0.0,1.45,4.0,4.0,2,100.0,0,0,0,0,1,2
2.0,3.0,152.0,0.0,0.0,2.75,3.0,3.0,3+,2149.949,0,0,0,0,0,2
2.0,0.0,144.0,0.0,3.0,4.94,3.0,4.0,3,2434.4,0,1,0,0,0,2
3.0,2.0,174.0,1.0,0.0,0.15,2.0,1.0,0,678.0,0,0,0,0,0,2
1.0,1.0,190.0,0.0,2.0,0.3,2.0,2.0,2,555.0,0,0,0,0,0,2
2.0,3.0,146.0,0.0,3.0,4.5,4.0,4.0,3+,2523.2000000000003,0,1,0,0,0,0
1.0,1.0,63.0,0.0,0.0,1.65,4.0,3.0,3,2800.0,0,1,0,0,0,2
3.0,3.0,64.0,0.0,3.0,1.8,3.0,3.0,3,1353.6,0,0,0,0,0,2
1.0,3.0,66.0,0.0,2.0,2.6,3.0,4.0,3+,1715.0,1,1,0,0,0,2
3.0,2.0,105.0,1.0,2.0,8.0,4.0,4.0,3+,6996.0,1,1,1,1,0,2
2.0,3.0,140.0,0.0,2.0,1.6,2.0,2.0,2,1380.0,0,1,0,0,0,2
3.0,1.0,92.0,0.0,1.0,3.2,3.0,4.0,3+,2224.8,0,0,0,0,0,2
3.0,3.0,111.0,0.0,1.0,0.8,2.0,2.0,2,760.0,0,0,0,0,0,2
2.0,1.0,141.0,0.0,1.0,2.1,2.0,2.0,3,1200.0,0,0,0,0,1,0
1.0,2.0,164.0,0.0,3.0,1.35,3.0,3.0,3+,1790.0,0,0,0,0,0,2
1.0,3.0,149.0,0.0,3.0,1.4,3.0,3.0,2,1262.4,0,0,0,1,0,2
2.0,1.0,141.0,0.0,1.0,4.0,3.0,3.0,3,2071.0604712,0,1,0,0,0,0
3.0,2.0,134.0,0.0,3.0,1.35,3.0,3.0,3+,1400.0,0,0,0,0,1,0
2.0,1.0,177.0,0.0,0.0,0.95,4.0,3.0,2,1900.0,0,0,0,0,0,2
3.0,3.0,72.0,1.0,1.0,11.3,7.0,5.0,3+,460.0,1,1,0,1,1,2
1.0,3.0,179.0,0.0,0.0,0.48,2.0,2.0,2,670.0,0,0,0,0,0,2
3.0,1.0,190.0,0.0,1.0,0.32,2.0,2.0,2,519.0,0,0,0,0,0,2
1.0,0.0,154.0,0.0,3.0,3.2,4.0,4.0,3+,2625.0,0,1,0,0,0,0
3.0,2.0,99.0,1.0,0.0,1.5,7.0,2.0,0,1980.0,0,0,0,0,0,2
3.0,2.0,174.0,1.0,0.0,0.5,3.0,2.0,1,750.0,0,0,0,0,0,2
3.0,3.0,105.0,1.0,3.0,9.55,6.0,7.0,3+,4951.0,1,1,1,1,0,0
1.0,3.0,177.0,0.0,1.0,0.72,3.0,3.0,3,1600.0,0,1,0,0,0,2
1.0,3.0,144.0,0.0,2.0,2.7,3.0,3.0,3,1650.0,0,1,1,0,0,0
1.0,0.0,153.0,0.0,2.0,0.59,2.0,2.0,1,540.885975,0,0,0,0,0,2
1.0,3.0,158.0,0.0,3.0,0.75,2.0,2.0,2,1050.0,0,0,0,0,0,0
1.0,1.0,148.0,0.0,1.0,1.15,2.0,2.0,3,996.0,0,0,0,0,0,2
3.0,0.0,95.0,1.0,2.0,4.45,4.0,3.0,3+,1345.0,0,0,1,0,0,2
2.0,1.0,152.0,0.0,2.0,1.65,2.0,2.0,3,1009.6,0,0,0,0,0,2
1.0,1.0,168.0,0.0,2.0,0.95,3.0,2.0,3+,1080.0,1,0,0,0,0,0
3.0,3.0,111.0,0.0,0.0,1.25,3.0,3.0,3,2055.0,0,0,0,0,0,2
1.0,3.0,164.0,0.0,2.0,2.91,4.0,5.0,2,2837.0,0,1,0,0,0,0
2.0,1.0,88.0,0.0,1.0,7.5,4.0,4.0,3+,4280.0,0,1,0,1,1,0
2.0,3.0,154.0,0.0,1.0,3.9,4.0,4.0,3+,2150.0,0,1,0,0,1,2
1.0,0.0,151.0,0.0,2.0,2.0,4.0,5.0,3+,1850.0,0,1,0,0,0,0
1.0,3.0,180.0,0.0,0.0,0.95,2.0,3.0,3,1450.0,0,1,0,0,0,2
2.0,3.0,146.0,0.0,2.0,3.65,3.0,4.0,3+,2158.4,0,1,0,1,0,0
1.0,1.0,164.0,0.0,1.0,4.4,4.0,4.0,3+,3500.0,1,1,0,1,1,1
1.0,3.0,175.0,0.0,3.0,1.3,3.0,3.0,3+,1930.0,0,1,0,1,0,0
2.0,3.0,146.0,0.0,1.0,0.95,1.0,1.0,1,871.96,0,0,0,0,0,2
1.0,1.0,177.0,0.0,0.0,0.45,2.0,2.0,1,591.0,1,0,0,0,0,0
3.0,1.0,96.0,1.0,3.0,14.75,16.0,20.0,3+,2841.0,1,1,1,1,0,0
0.0,4.0,137.0,0.0,0.0,3.9,3.0,1.0,0,2295.063,0,0,0,0,0,2
3.0,3.0,124.0,1.0,2.0,7.25,4.0,4.0,3,3195.0,1,1,1,1,0,0
3.0,3.0,79.0,1.0,2.0,3.5,8.0,8.0,3+,4400.0,1,1,0,1,0,1
3.0,2.0,134.0,0.0,3.0,1.35,3.0,2.0,2,1300.0,0,0,0,0,1,2
3.0,2.0,79.0,1.0,0.0,0.35,2.0,1.0,0,355.08,0,0,0,0,0,2
1.0,3.0,64.0,0.0,1.0,1.28,2.0,2.0,3,972.0,0,0,0,0,0,2
2.0,0.0,167.0,0.0,2.0,1.25,3.0,3.0,2,1400.0,0,1,0,0,0,2
1.0,3.0,149.0,0.0,3.0,1.78,4.0,4.0,2,1608.0,0,0,0,1,0,0
1.0,3.0,75.0,0.0,2.0,3.3,4.0,5.0,3,2680.0,0,1,0,0,0,2
1.0,0.0,12.0,0.0,2.0,2.25,3.0,3.0,3+,2080.0,0,0,0,0,0,2
1.0,3.0,160.0,0.0,2.0,1.2,3.0,3.0,3,1163.9005069999998,1,0,0,0,0,0
1.0,0.0,88.0,0.0,2.0,1.5,3.0,4.0,3+,1536.0,0,1,0,0,0,2
1.0,3.0,64.0,0.0,3.0,0.48,2.0,2.0,1,532.0,0,0,1,0,0,2
1.0,1.0,190.0,0.0,1.0,0.27,2.0,2.0,2,460.8,0,0,0,0,0,2
3.0,2.0,85.0,1.0,0.0,3.5,6.0,6.0,3+,1452.6,0,0,0,0,0,2
1.0,3.0,179.0,0.0,2.0,0.31,2.0,2.0,1,549.174178,0,0,0,1,0,0
3.0,3.0,190.0,0.0,1.0,0.28,2.0,2.0,2,468.0,0,0,0,0,0,2
1.0,0.0,29.0,0.0,2.0,1.5,4.0,4.0,3+,1650.0,0,0,0,0,0,2
3.0,2.0,133.0,1.0,1.0,5.6,6.0,4.0,3,2702.0,0,1,0,0,0,0
3.0,0.0,120.0,1.0,3.0,8.5,5.0,5.0,3,2702.0,0,1,0,0,0,0
1.0,0.0,151.0,0.0,2.0,2.35,4.0,4.0,3+,2400.0,0,1,0,0,0,0
3.0,3.0,97.0,1.0,1.0,4.25,5.0,5.0,3+,150.0,0,1,0,1,0,0
1.0,1.0,92.0,0.0,0.0,1.99,2.0,2.0,2,1280.0,1,1,0,1,0,2
3.0,3.0,134.0,1.0,1.0,11.5,12.0,13.0,3+,2734.0,1,1,0,1,0,0
3.0,2.0,96.0,1.0,2.0,12.5,5.0,5.0,3+,3240.0,1,1,1,1,0,0
1.0,3.0,175.0,0.0,3.0,1.29,3.0,3.0,3,1430.0,1,0,0,0,0,2
2.0,3.0,64.0,0.0,3.0,2.05,3.0,4.0,3+,2025.0,0,1,0,0,0,2
1.0,1.0,105.0,0.0,1.0,1.7,3.0,3.0,3+,1350.0,0,1,0,0,0,2
3.0,3.0,177.0,0.0,0.0,0.5,2.0,2.0,3,999.0,0,0,0,0,0,2
1.0,3.0,70.0,0.0,3.0,1.39,3.0,4.0,3+,1780.0,0,1,0,1,0,0
1.0,3.0,160.0,0.0,3.0,1.93,3.0,4.0,3+,1809.6,0,1,0,0,0,2
3.0,2.0,93.0,1.0,0.0,5.0,4.0,4.0,2,3078.0,0,0,0,0,0,2
3.0,0.0,127.0,1.0,2.0,12.0,5.0,6.0,3+,360.0,0,0,0,0,0,2
3.0,1.0,160.0,0.0,1.0,1.1,2.0,2.0,3+,1080.8,0,0,0,0,0,0
3.0,3.0,145.0,0.0,3.0,3.0,4.0,4.0,3,2500.0,1,1,0,1,1,0
3.0,3.0,145.0,1.0,3.0,18.0,5.0,6.0,3+,4499.0,1,1,1,1,0,1
3.0,3.0,74.0,1.0,0.0,0.9,5.0,5.0,3,796.0,0,0,0,0,0,2
3.0,3.0,175.0,0.0,2.0,1.27,3.0,3.0,3+,1400.0,0,0,0,0,1,2
2.0,2.0,98.0,0.0,2.0,1.35,2.0,2.0,2,1050.0,0,0,1,0,0,2
0.0,3.0,149.0,0.0,3.0,1.95,4.0,4.0,2,1608.0,0,0,0,0,0,2
1.0,3.0,170.0,0.0,1.0,1.3,2.0,2.0,3,1184.0,1,0,0,0,0,2
3.0,0.0,80.0,1.0,0.0,0.45,1.0,1.0,0,936.12,0,0,0,0,0,2
0.0,3.0,177.0,0.0,2.0,0.21,1.0,1.0,1,302.0,0,0,0,0,0,2
0.0,2.0,74.0,0.0,0.0,0.8,3.0,2.0,0,1240.0,0,0,0,0,0,2
1.0,3.0,175.0,0.0,3.0,1.78,4.0,4.0,3+,1650.0,0,0,0,0,0,2
2.0,3.0,169.0,0.0,3.0,0.9,3.0,3.0,2,1485.0,0,0,0,0,0,2
2.0,3.0,77.0,0.0,3.0,3.65,3.0,4.0,3+,2241.6,0,1,0,0,0,0
1.0,3.0,60.0,0.0,1.0,0.55,2.0,2.0,0,1050.0,0,0,0,0,0,2
2.0,3.0,177.0,0.0,0.0,0.75,3.0,2.0,2,1261.0,0,0,0,0,0,2
1.0,0.0,125.0,0.0,3.0,1.85,3.0,3.0,1,1399.1347776,0,0,1,1,0,2
1.0,3.0,169.0,0.0,2.0,1.31,2.0,2.0,2,1640.0,0,1,0,0,0,2
2.0,4.0,78.0,0.0,3.0,2.37,4.0,4.0,3+,1600.0,1,0,0,0,0,2
2.0,3.0,160.0,0.0,0.0,1.65,3.0,3.0,0,1814.982,0,0,0,0,0,2
3.0,2.0,125.0,0.0,1.0,1.9,3.0,3.0,3,1400.0,0,0,0,0,1,0
1.0,3.0,144.0,0.0,2.0,1.3,2.0,2.0,2,631.0,1,0,0,0,0,2
2.0,4.0,169.0,0.0,1.0,1.8,3.0,3.0,3,127.3,0,0,0,0,0,2
1.0,0.0,173.0,0.0,3.0,1.55,3.0,2.0,3,1240.0,0,0,1,0,0,0
1.0,0.0,164.0,0.0,1.0,0.75,2.0,2.0,2,1257.0,0,0,0,0,0,2
3.0,1.0,173.0,0.0,1.0,0.95,2.0,2.0,2,1103.0,1,1,0,0,0,2
1.0,3.0,152.0,0.0,1.0,0.85,2.0,2.0,2,744.0,0,0,0,0,0,0
1.0,1.0,181.0,0.0,2.0,0.3,2.0,1.0,2,553.0,0,0,0,0,0,2
2.0,4.0,170.0,0.0,1.0,0.45,2.0,2.0,1,573.500592,0,0,0,0,0,2
3.0,1.0,190.0,1.0,0.0,0.85,3.0,2.0,2,1119.04,0,0,0,0,0,2
3.0,2.0,120.0,0.0,0.0,2.0,3.0,3.0,2,1320.0,0,1,0,0,0,1
3.0,3.0,152.0,1.0,3.0,1.04,3.0,3.0,3+,1450.0,0,0,0,0,1,0
0.0,0.0,88.0,0.0,2.0,0.98,2.0,2.0,3,1132.0,0,0,0,0,0,2
3.0,2.0,74.0,1.0,0.0,2.5,5.0,4.0,3,1398.8,0,0,1,0,0,2
2.0,1.0,155.0,0.0,0.0,1.0,2.0,2.0,2,1300.0,0,0,0,0,0,2
1.0,3.0,168.0,0.0,2.0,2.28,4.0,4.0,3+,2600.0,0,1,0,0,0,2
3.0,4.0,20.0,0.0,0.0,1.3,3.0,3.0,2,1152.0,0,0,0,0,0,2
1.0,3.0,76.0,0.0,3.0,5.25,4.0,6.0,3+,3600.0,0,1,0,0,0,0
1.0,3.0,147.0,0.0,2.0,1.4,2.0,2.0,2,860.0,1,0,0,0,1,2
1.0,3.0,175.0,0.0,2.0,1.15,3.0,3.0,3+,1544.0,0,1,0,1,0,2
1.0,0.0,154.0,0.0,1.0,4.0,4.0,5.0,2,2324.0,0,1,0,0,0,2
2.0,4.0,144.0,0.0,1.0,2.33,2.0,2.0,3,1008.8,0,0,0,0,0,0
3.0,3.0,173.0,0.0,0.0,0.42,2.0,2.0,2,680.0,0,0,0,0,0,2
2.0,3.0,169.0,0.0,3.0,1.2,2.0,2.0,3+,1148.0,0,0,1,0,0,2
1.0,3.0,169.0,0.0,1.0,1.05,2.0,2.0,3,1312.0,0,0,0,0,1,2
3.0,3.0,167.0,0.0,1.0,1.19,2.0,2.0,3,1640.0,0,0,0,0,0,2
3.0,4.0,105.0,0.0,1.0,1.65,2.0,2.0,3,1151.0,0,0,0,0,0,2
2.0,3.0,71.0,0.0,0.0,0.7,2.0,2.0,2,1505.053,0,0,0,0,0,2
3.0,2.0,124.0,1.0,0.0,8.4,4.0,4.0,3,3240.0,0,1,0,1,0,0
3.0,3.0,59.0,0.0,0.0,0.55,3.0,2.0,1,850.0,0,0,0,0,0,2
2.0,1.0,177.0,0.0,1.0,1.0,4.0,4.0,3,1616.0,0,0,0,0,0,2
2.0,1.0,160.0,0.0,1.0,1.85,3.0,4.0,3+,1720.0,0,1,0,0,0,2
2.0,3.0,146.0,0.0,3.0,3.05,3.0,4.0,2,1875.0,1,1,0,0,0,0
3.0,0.0,65.0,0.0,0.0,1.2,2.0,2.0,3,1138.4,0,0,0,0,0,2
3.0,0.0,138.0,0.0,0.0,0.38,2.0,2.0,2,850.0,0,0,0,0,0,2
2.0,0.0,170.0,0.0,2.0,1.54,4.0,4.0,3+,1891.2,1,1,0,1,0,2
3.0,3.0,124.0,1.0,0.0,8.5,4.0,4.0,1,3240.0,0,0,0,0,0,2
3.0,0.0,121.0,1.0,2.0,4.49,9.0,9.0,3+,1840.0,0,0,0,0,1,0
2.0,0.0,165.0,1.0,2.0,1.6,4.0,4.0,3+,2422.0,0,1,0,0,0,2
1.0,3.0,190.0,0.0,0.0,0.9,2.0,2.0,2,1039.0,0,0,0,0,0,2
2.0,3.0,145.0,0.0,2.0,1.85,2.0,3.0,3,1251.0,0,1,0,0,1,0
3.0,0.0,130.0,0.0,2.0,5.0,5.0,7.0,3+,5200.0,0,1,0,1,0,2
3.0,0.0,66.0,1.0,0.0,0.6,7.0,3.0,1,1173.0,0,0,0,0,0,2
0.0,3.0,149.0,0.0,3.0,2.05,4.0,4.0,2,1669.6,0,0,0,0,0,2
3.0,3.0,98.0,1.0,0.0,3.5,6.0,6.0,3,1345.0,0,0,0,0,0,2
1.0,3.0,78.0,0.0,2.0,1.75,2.0,2.0,2,1264.0,1,0,0,0,0,2
2.0,3.0,160.0,0.0,1.0,1.25,3.0,3.0,3+,1490.0,0,0,0,0,0,0
3.0,3.0,190.0,0.0,1.0,0.25,2.0,2.0,1,481.684525,0,0,0,0,0,2
1.0,0.0,98.0,0.0,1.0,7.0,4.0,3.0,2,1913.0,0,1,0,0,0,2
1.0,0.0,76.0,0.0,2.0,2.58,3.0,4.0,2,1760.0,0,1,0,0,0,2
1.0,3.0,64.0,0.0,1.0,1.4,3.0,3.0,3,1022.5705,0,1,0,0,0,2
1.0,3.0,176.0,0.0,2.0,0.95,2.0,2.0,2,1048.0,0,0,0,0,0,2
3.0,1.0,168.0,0.0,2.0,1.5,3.0,3.0,3,1700.0,0,1,0,0,0,2
3.0,3.0,151.0,0.0,1.0,1.25,2.0,2.0,3,1080.0,1,0,0,0,0,2
3.0,1.0,105.0,1.0,3.0,8.5,5.0,5.0,3+,4768.0,1,1,1,1,0,0
3.0,3.0,146.0,0.0,3.0,2.78,3.0,3.0,3+,1637.6,0,0,0,1,0,0
1.0,0.0,63.0,0.0,0.0,2.01,4.0,4.0,3+,1760.0,0,0,0,0,0,1
1.0,0.0,133.0,0.0,1.0,1.44,3.0,3.0,2,1500.0,0,0,0,0,1,0
1.0,2.0,125.0,0.0,2.0,2.51,3.0,3.0,3+,1648.8000000000002,1,0,0,0,0,0
1.0,3.0,154.0,1.0,3.0,8.5,5.0,6.0,3+,6296.0,1,1,1,1,0,0
2.0,3.0,66.0,0.0,3.0,2.52,4.0,4.0,3+,2400.0,0,1,1,0,0,0
2.0,3.0,76.0,0.0,2.0,3.4,4.0,5.0,3+,2360.0,0,1,0,0,0,0
1.0,3.0,160.0,0.0,3.0,2.03,3.0,4.0,3+,1795.2,0,1,0,0,0,2
3.0,3.0,169.0,0.0,2.0,1.14,2.0,2.0,3,1312.0,0,0,0,0,0,2
3.0,1.0,173.0,0.0,3.0,1.28,3.0,3.0,2,1450.0,1,0,0,0,0,2
3.0,3.0,72.0,1.0,2.0,5.7,4.0,4.0,3+,5403.0,1,1,0,0,0,2
0.0,3.0,190.0,0.0,1.0,0.25,2.0,2.0,1,587.13,0,0,0,0,0,2
3.0,0.0,124.0,1.0,1.0,8.5,4.0,5.0,3+,4004.0,1,1,0,1,1,0
1.0,0.0,127.0,0.0,3.0,2.35,3.0,3.0,3+,1850.0,0,0,0,0,0,0
1.0,3.0,111.0,0.0,0.0,0.45,2.0,3.0,2,590.0,0,0,0,0,0,2
1.0,3.0,168.0,0.0,2.0,1.1,3.0,3.0,2,1400.0,0,0,0,0,0,2
2.0,1.0,164.0,0.0,2.0,0.5,2.0,2.0,1,634.0,0,0,0,0,0,1
3.0,3.0,155.0,1.0,2.0,17.0,5.0,8.0,3,4842.0,1,1,1,1,0,1
1.0,3.0,167.0,0.0,3.0,1.75,3.0,3.0,3,1240.00128,0,1,0,0,0,0
3.0,0.0,68.0,1.0,0.0,1.2,7.0,4.0,1,904.0,0,0,0,0,1,2
2.0,4.0,160.0,0.0,2.0,1.9,3.0,4.0,3,1720.0,0,0,0,0,0,2
3.0,0.0,150.0,0.0,0.0,0.5,2.0,2.0,2,750.0,0,0,1,0,0,2
3.0,3.0,129.0,0.0,0.0,0.71,2.0,2.0,1,906.0,0,0,0,0,0,2
3.0,2.0,94.0,1.0,3.0,3.51,4.0,4.0,3,2841.0,1,1,1,1,0,0
2.0,3.0,170.0,0.0,3.0,1.5,3.0,3.0,1,1330.0,0,0,0,0,0,2
1.0,0.0,169.0,0.0,1.0,0.9,4.0,4.0,3,1435.0,0,0,0,0,0,0
3.0,1.0,173.0,0.0,1.0,1.0,2.0,2.0,2,1103.0,1,0,0,0,0,2
1.0,1.0,179.0,0.0,0.0,0.96,3.0,3.0,3,1548.0,0,0,1,1,0,2
1.0,3.0,132.0,0.0,1.0,4.86,3.0,4.0,3+,1500.0,0,1,0,0,0,0
3.0,2.0,138.0,1.0,1.0,0.66,3.0,2.0,1,613.0,0,0,0,0,0,2
3.0,0.0,154.0,0.0,2.0,3.25,3.0,3.0,3,2640.0,0,1,0,0,0,2
2.0,3.0,164.0,0.0,3.0,2.3,3.0,4.0,3+,1575.0,0,1,0,0,0,0
1.0,3.0,165.0,0.0,3.0,1.6,4.0,5.0,3+,1940.0,0,1,0,0,0,2
3.0,2.0,96.0,1.0,1.0,18.0,6.0,6.0,2,4520.0,0,1,0,1,1,0
3.0,3.0,70.0,0.0,0.0,0.9,2.0,2.0,3+,1092.8,0,0,0,0,0,2
2.0,3.0,149.0,0.0,3.0,3.1,4.0,6.0,3+,2500.0,0,1,0,1,0,2
3.0,0.0,123.0,0.0,3.0,1.8,4.0,4.0,3+,2700.0,0,0,1,0,0,0
3.0,3.0,146.0,0.0,3.0,2.8,3.0,3.0,3,1638.4,0,0,1,0,0,1
2.0,4.0,177.0,0.0,0.0,0.6,2.0,2.0,3,1056.0,0,0,0,0,1,2
2.0,3.0,64.0,0.0,3.0,1.75,3.0,4.0,3+,1544.8000000000002,0,1,0,0,0,0
3.0,3.0,72.0,1.0,3.0,6.3,4.0,5.0,3+,4500.0,0,0,0,0,0,0
2.0,3.0,169.0,0.0,3.0,1.2,2.0,2.0,3,1312.0,0,0,0,0,0,0
3.0,3.0,105.0,1.0,2.0,11.75,5.0,7.0,3+,4520.0,0,1,0,0,0,2
3.0,2.0,120.0,0.0,2.0,2.1,3.0,3.0,1,1089.6,0,0,1,0,0,0
2.0,3.0,164.0,0.0,2.0,1.15,3.0,2.0,3+,1082.0,0,0,0,0,0,2
3.0,0.0,8.0,1.0,0.0,0.7,4.0,4.0,0,2000.0,0,0,0,0,0,2
3.0,2.0,82.0,1.0,0.0,1.8,4.0,3.0,1,1797.0,0,0,0,0,0,2
3.0,3.0,71.0,0.0,0.0,0.7,2.0,2.0,3,1200.0,0,0,0,0,0,2
2.0,3.0,175.0,0.0,3.0,1.95,4.0,4.0,3+,2200.0,0,1,1,0,0,2
3.0,3.0,72.0,1.0,3.0,12.0,5.0,6.0,3,6000.0,1,1,0,0,0,0
1.0,3.0,168.0,0.0,3.0,1.05,3.0,3.0,3,1550.0,0,0,0,0,1,2
1.0,3.0,111.0,0.0,0.0,1.72,3.0,3.0,3,996.306584,1,0,0,0,0,0
1.0,3.0,111.0,0.0,3.0,1.65,4.0,3.0,3+,1991.0,0,0,0,0,0,0
2.0,3.0,145.0,0.0,3.0,3.2,3.0,3.0,3,1800.0,1,1,1,1,0,0
1.0,3.0,70.0,0.0,1.0,0.49,2.0,2.0,1,481.6,0,0,0,0,1,1
1.0,3.0,169.0,0.0,3.0,1.25,3.0,4.0,2,1800.0,0,1,0,0,0,0
3.0,2.0,88.0,0.0,2.0,1.55,3.0,4.0,3+,1536.0,0,1,0,0,0,2
3.0,3.0,144.0,0.0,3.0,2.35,3.0,3.0,3,1650.0,1,1,0,0,0,0
3.0,3.0,77.0,0.0,2.0,0.7,2.0,2.0,2,1497.967,0,0,0,0,0,2
3.0,0.0,149.0,0.0,1.0,2.6,4.0,4.0,3+,1920.0,0,1,0,0,0,2
1.0,2.0,182.0,0.0,1.0,0.75,3.0,3.0,3,1290.0,0,0,0,1,0,2
3.0,3.0,71.0,0.0,3.0,0.98,2.0,3.0,3,734.420897,1,0,0,0,0,2
3.0,2.0,150.0,1.0,0.0,2.4,10.0,5.0,3,2702.0,1,1,0,1,0,2
3.0,3.0,144.0,0.0,1.0,2.8,3.0,3.0,3+,1650.0,1,1,0,0,0,0
3.0,0.0,124.0,0.0,0.0,3.45,4.0,4.0,3+,2700.0,0,0,0,0,0,2
1.0,3.0,152.0,0.0,3.0,2.5,3.0,4.0,3,1880.0,0,1,1,0,0,0
3.0,2.0,126.0,1.0,0.0,3.75,5.0,5.0,3+,1836.0,0,0,0,0,0,2
3.0,3.0,70.0,0.0,3.0,1.8,3.0,4.0,3+,1384.0,0,1,0,0,0,2
3.0,0.0,57.0,1.0,2.0,2.8,3.0,3.0,2,1378.0,1,1,1,1,0,0
2.0,3.0,64.0,0.0,3.0,1.91,3.0,4.0,2,1228.16099,1,1,0,0,0,0
3.0,1.0,105.0,0.0,1.0,1.65,3.0,3.0,3,1996.0,0,1,0,0,0,2
2.0,4.0,69.0,0.0,1.0,1.4,3.0,4.0,3+,1408.0,1,1,0,0,1,2
2.0,3.0,169.0,0.0,3.0,1.3,2.0,2.0,3,894.0,0,0,0,0,0,2
3.0,0.0,114.0,1.0,0.0,1.1,6.0,4.0,1,989.92,0,0,0,0,0,2
3.0,0.0,120.0,0.0,0.0,2.5,4.0,4.0,3+,2450.0,0,1,0,0,0,2
1.0,0.0,125.0,0.0,0.0,2.7,3.0,4.0,3+,1727.2,0,0,0,0,0,2
3.0,1.0,72.0,1.0,1.0,5.65,4.0,4.0,3+,5403.0,0,1,0,0,1,0
3.0,0.0,190.0,1.0,0.0,6.25,3.0,3.0,0,8998.0,0,0,0,0,0,2
3.0,0.0,120.0,1.0,1.0,1.65,4.0,4.0,3+,500.0,0,0,0,0,1,1
1.0,2.0,134.0,0.0,2.0,1.35,3.0,3.0,3,1600.0,0,0,0,0,1,0
2.0,0.0,146.0,0.0,2.0,2.32,3.0,4.0,3+,1600.0,0,1,0,0,0,0
1.0,0.0,153.0,0.0,0.0,0.95,2.0,2.0,0,1199.949,0,0,0,0,0,2
2.0,1.0,78.0,0.0,2.0,1.5,2.0,2.0,2,1020.8,0,0,0,0,0,2
2.0,1.0,145.0,0.0,2.0,2.8,3.0,3.0,2,1600.0,1,1,0,1,0,1
2.0,4.0,111.0,0.0,0.0,1.0,3.0,5.0,3,1620.0,0,1,0,0,1,2
3.0,0.0,124.0,1.0,2.0,19.5,5.0,6.0,3,8772.0,1,1,1,1,0,0
3.0,0.0,5.0,0.0,0.0,3.0,3.0,4.0,3,2500.0,0,0,0,0,0,2
1.0,3.0,72.0,0.0,3.0,2.95,4.0,4.0,3+,2850.0,0,1,1,0,0,0
2.0,1.0,107.0,0.0,0.0,2.2,2.0,2.0,2,1183.2,0,0,0,0,0,2
2.0,3.0,175.0,0.0,3.0,1.9,4.0,4.0,3+,2300.0,0,1,1,0,0,0
3.0,1.0,133.0,1.0,0.0,2.8,4.0,4.0,0,1495.64,0,0,0,0,0,2
3.0,0.0,124.0,1.0,1.0,18.5,4.0,4.0,1,6996.0,0,0,0,0,0,2
1.0,3.0,158.0,0.0,2.0,0.71,2.0,2.0,2,810.0,1,0,0,0,0,2
1.0,2.0,63.0,0.0,1.0,0.64,3.0,2.0,3+,1526.0,0,0,0,0,0,2
3.0,3.0,150.0,1.0,0.0,0.66,3.0,1.0,1,549.0,0,0,0,0,1,2
3.0,3.0,72.0,1.0,3.0,9.5,7.0,6.0,3,3595.0,1,1,0,1,0,2
2.0,3.0,160.0,0.0,3.0,1.1,3.0,3.0,3,863.910614,1,0,0,1,0,0
2.0,3.0,139.0,0.0,1.0,3.6,4.0,5.0,3,2400.0,0,1,0,0,0,0
3.0,3.0,105.0,1.0,1.0,9.5,5.0,7.0,3+,4499.0,1,1,1,1,0,2
1.0,0.0,173.0,0.0,0.0,0.75,2.0,2.0,2,912.0,0,0,0,0,0,2
3.0,1.0,140.0,0.0,0.0,2.25,3.0,3.0,2,1549.0,0,0,0,0,0,2
3.0,2.0,52.0,1.0,0.0,2.0,11.0,10.0,3,1890.0,0,0,1,1,0,2
3.0,2.0,3.0,1.0,0.0,2.25,3.0,2.0,1,245.0,0,1,0,1,0,2
2.0,1.0,105.0,0.0,1.0,1.35,3.0,2.0,3+,1245.6,0,0,0,0,0,2
3.0,3.0,165.0,1.0,2.0,7.0,4.0,4.0,3+,3743.0,0,1,0,0,0,1
3.0,3.0,111.0,0.0,1.0,1.1,3.0,3.0,2,1295.0,0,0,0,0,0,2
1.0,3.0,160.0,0.0,0.0,1.7,3.0,2.0,3,1099.0,0,0,0,0,0,2
3.0,1.0,63.0,0.0,0.0,1.0,3.0,4.0,0,2479.544,0,0,0,0,0,2
1.0,0.0,63.0,0.0,0.0,0.9,3.0,3.0,3+,2089.0,0,1,0,0,0,2
3.0,0.0,99.0,1.0,0.0,0.55,2.0,2.0,1,715.0,0,0,0,0,0,2
1.0,3.0,156.0,0.0,3.0,2.25,3.0,3.0,3,1800.0,1,0,0,0,0,2
3.0,2.0,74.0,1.0,0.0,2.2,4.0,3.0,2,1797.0,1,0,0,1,0,2
1.0,3.0,177.0,0.0,1.0,0.71,3.0,3.0,2,1436.0,0,0,0,0,0,2
3.0,1.0,147.0,0.0,3.0,1.6,3.0,3.0,2,1017.0,0,0,1,0,0,0
1.0,3.0,169.0,0.0,1.0,1.25,3.0,4.0,2,1696.0,0,1,0,0,0,0
3.0,3.0,144.0,0.0,3.0,2.25,3.0,3.0,3+,1320.0,1,1,0,0,0,2
2.0,3.0,175.0,0.0,2.0,1.25,3.0,3.0,3,1376.0,0,0,0,0,1,2
3.0,3.0,110.0,0.0,1.0,1.25,3.0,3.0,3,1400.0,1,0,0,0,0,2
3.0,0.0,153.0,0.0,3.0,1.4,3.0,3.0,2,1762.0,0,0,0,1,0,0
3.0,1.0,147.0,0.0,1.0,1.3,2.0,2.0,2,1295.982,0,0,0,0,0,2
1.0,3.0,168.0,0.0,0.0,1.49,3.0,3.0,3,1700.0,0,1,0,0,0,2
3.0,0.0,68.0,1.0,0.0,1.35,5.0,3.0,3,2500.0,0,0,0,0,0,2
1.0,3.0,164.0,0.0,3.0,0.49,2.0,2.0,3,635.0,0,0,0,0,0,2
2.0,3.0,69.0,0.0,2.0,3.9,3.0,3.0,0,2450.057,0,0,0,0,0,2
1.0,3.0,160.0,0.0,3.0,0.95,2.0,2.0,3,1450.0,0,0,0,0,0,0
1.0,2.0,134.0,0.0,3.0,1.55,3.0,3.0,3+,1700.0,0,1,0,1,1,2
3.0,3.0,167.0,0.0,3.0,1.15,3.0,3.0,2,1308.0,1,1,1,1,0,0
1.0,3.0,179.0,0.0,2.0,0.37,3.0,2.0,1,644.111776,0,0,0,1,0,0
3.0,1.0,66.0,1.0,1.0,0.48,2.0,2.0,1,720.0,1,0,0,1,1,2
1.0,2.0,124.0,0.0,1.0,1.6,3.0,3.0,3+,1800.0,0,0,0,0,1,0
2.0,3.0,72.0,1.0,0.0,1.87,3.0,4.0,0,2152.0,0,0,0,0,0,2
3.0,3.0,175.0,0.0,2.0,1.55,4.0,4.0,3+,1891.2,0,1,0,1,0,2
1.0,3.0,175.0,0.0,2.0,1.3,4.0,5.0,2,1825.0,1,1,0,0,0,2
1.0,0.0,71.0,0.0,0.0,0.7,2.0,2.0,1,1150.0,0,0,0,0,0,2
3.0,3.0,190.0,0.0,2.0,0.9,3.0,3.0,3,1439.0,0,0,0,1,0,2
1.0,3.0,64.0,0.0,1.0,1.8,3.0,3.0,3,1353.6,0,0,0,0,0,2
3.0,0.0,95.0,1.0,3.0,15.0,5.0,5.0,3,6402.2,1,1,0,1,0,0
3.0,1.0,177.0,0.0,3.0,0.75,3.0,2.0,2,1050.0,0,0,0,0,0,2
1.0,0.0,153.0,0.0,2.0,1.16,3.0,3.0,3,1394.4,0,1,0,0,0,0
3.0,3.0,96.0,1.0,2.0,10.5,12.0,12.0,3+,2700.0,0,1,0,1,0,0
0.0,3.0,66.0,0.0,3.0,1.35,4.0,5.0,3+,2700.0,1,1,1,1,0,2
2.0,1.0,165.0,0.0,2.0,0.99,3.0,4.0,2,1432.0,0,1,0,0,0,2
3.0,3.0,167.0,0.0,1.0,0.75,2.0,2.0,2,1060.0,0,0,0,0,0,0
3.0,3.0,111.0,0.0,0.0,1.1,3.0,3.0,3,1250.0,0,0,0,0,0,2
1.0,3.0,72.0,0.0,2.0,1.26,3.0,2.0,3,1504.0,0,0,0,0,0,2
3.0,0.0,96.0,1.0,2.0,15.0,5.0,6.0,3+,4520.0,1,1,1,1,0,0
3.0,0.0,170.0,1.0,1.0,2.5,4.0,5.0,3+,3197.0,0,1,0,1,1,0
2.0,3.0,190.0,0.0,1.0,0.24,2.0,2.0,1,456.0,0,0,0,0,0,2
2.0,3.0,175.0,0.0,2.0,1.19,3.0,3.0,2,1380.8000000000002,0,0,0,0,1,2
3.0,3.0,70.0,0.0,2.0,0.88,2.0,2.0,3+,1092.8,0,0,0,0,0,2
2.0,0.0,170.0,0.0,2.0,1.3,3.0,3.0,3,1544.0,0,1,0,1,0,2
2.0,1.0,66.0,0.0,1.0,1.8,2.0,3.0,3,1360.0,0,1,0,0,0,2
3.0,1.0,152.0,1.0,3.0,6.5,4.0,4.0,3+,2691.0,1,1,0,1,0,0
1.0,4.0,69.0,0.0,2.0,6.3,5.0,6.0,3+,3500.0,0,0,0,0,0,0
1.0,3.0,64.0,0.0,2.0,1.35,2.0,2.0,2,1087.2,0,0,0,0,0,2
1.0,3.0,175.0,0.0,2.0,1.9,4.0,4.0,3+,2181.6,0,1,0,1,0,2
1.0,0.0,72.0,0.0,3.0,1.68,3.0,3.0,3+,2036.0,0,1,0,0,0,2
1.0,3.0,160.0,0.0,1.0,1.12,2.0,2.0,3,1200.0,1,0,0,0,0,2
1.0,3.0,92.0,0.0,1.0,2.55,3.0,3.0,3,1400.0,0,0,0,0,0,1
0.0,3.0,149.0,0.0,1.0,1.2,2.0,3.0,0,1100.009,0,0,0,0,0,2
1.0,1.0,170.0,0.0,1.0,0.42,2.0,2.0,1,501.0,1,1,0,1,1,2
3.0,2.0,96.0,1.0,2.0,9.0,5.0,5.0,2,2702.0,1,1,1,1,0,1
3.0,1.0,105.0,1.0,2.0,11.0,5.0,6.0,3,4499.0,1,1,0,0,0,2
3.0,3.0,190.0,0.0,1.0,0.28,2.0,2.0,2,467.0,0,0,0,0,0,0
2.0,3.0,145.0,0.0,2.0,3.0,3.0,3.0,2,1620.0,0,1,0,0,0,2
2.0,3.0,160.0,0.0,3.0,1.2,3.0,3.0,3+,863.910614,0,0,0,0,0,0
1.0,0.0,153.0,0.0,0.0,0.82,2.0,2.0,2,960.0,0,0,0,0,0,2
3.0,1.0,92.0,0.0,2.0,3.99,3.0,5.0,3+,2472.0,0,1,0,0,0,1
3.0,1.0,100.0,1.0,0.0,1.5,6.0,1.0,0,3002.04,0,0,0,0,0,2
4.0,3.0,141.0,0.0,3.0,8.35,4.0,6.0,3,3423.2000000000003,0,1,0,1,0,2
2.0,0.0,175.0,0.0,3.0,1.54,4.0,4.0,3+,1850.0,0,1,0,1,0,0
2.0,3.0,145.0,0.0,2.0,2.85,3.0,3.0,3,1550.0,1,0,0,0,0,0
3.0,1.0,152.0,1.0,3.0,0.92,2.0,3.0,3+,1187.0,0,0,0,0,1,2
0.0,3.0,149.0,0.0,3.0,1.51,3.0,3.0,2,1100.0,0,0,0,1,0,1
3.0,3.0,71.0,0.0,2.0,1.6,3.0,4.0,3+,1140.9734,0,1,0,0,0,0
3.0,3.0,190.0,0.0,0.0,0.39,2.0,2.0,2,610.0,0,0,0,0,0,2
3.0,3.0,152.0,0.0,1.0,1.6,4.0,4.0,3,1400.0,1,0,0,0,1,2
1.0,0.0,105.0,0.0,1.0,1.35,3.0,4.0,2,1236.0,0,1,0,0,0,2
0.0,1.0,180.0,0.0,1.0,0.82,2.0,2.0,3,1365.074,0,0,0,0,0,2
3.0,2.0,174.0,1.0,0.0,0.35,2.0,2.0,1,355.0,0,0,0,0,0,2
3.0,1.0,190.0,0.0,0.0,0.2,2.0,2.0,1,600.0,0,0,0,0,0,2
3.0,3.0,122.0,1.0,1.0,3.5,4.0,4.0,2,1625.0,0,0,0,1,0,0
3.0,3.0,72.0,1.0,2.0,7.0,4.0,4.0,3+,5403.0,0,0,0,0,0,0
2.0,3.0,70.0,0.0,0.0,0.28,2.0,2.0,2,489.0,0,0,0,0,0,2
1.0,0.0,75.0,0.0,3.0,3.45,4.0,4.0,3,2720.0,0,1,0,0,0,0
1.0,3.0,65.0,0.0,1.0,1.9,3.0,4.0,3+,3344.0,1,1,0,1,1,0
3.0,0.0,150.0,1.0,1.0,1.55,2.0,2.0,2,1076.0,0,0,0,0,0,0
3.0,3.0,107.0,0.0,1.0,0.4,1.0,1.0,1,392.0,0,0,0,0,0,2
2.0,2.0,120.0,0.0,0.0,5.8,4.0,4.0,3+,2800.985,0,0,0,0,0,2
3.0,3.0,143.0,0.0,2.0,2.2,2.0,3.0,3+,770.0,0,0,0,0,0,2
3.0,0.0,68.0,1.0,0.0,0.38,2.0,2.0,2,50.0,0,0,0,0,0,2
1.0,3.0,167.0,0.0,1.0,1.19,3.0,3.0,2,1600.0,0,1,0,0,0,0
1.0,3.0,69.0,0.0,3.0,1.4,4.0,6.0,3+,1403.0,0,1,0,0,0,2
2.0,3.0,146.0,0.0,3.0,3.15,3.0,4.0,3+,1961.6,0,1,0,1,0,0
3.0,1.0,170.0,0.0,2.0,0.42,2.0,2.0,1,501.0,1,1,0,1,1,2
2.0,3.0,164.0,0.0,2.0,2.29,3.0,4.0,3+,1680.0,0,1,0,0,0,1
3.0,0.0,80.0,1.0,0.0,0.62,6.0,6.0,0,1743.12,0,0,0,0,0,2
3.0,0.0,127.0,1.0,0.0,10.56,5.0,5.0,3,3240.0,0,1,0,0,0,2
3.0,4.0,137.0,0.0,1.0,4.02,3.0,3.0,1,2295.0,0,0,0,0,0,2
3.0,1.0,173.0,0.0,1.0,1.2,3.0,3.0,2,920.0,0,0,0,0,0,2
2.0,1.0,107.0,0.0,1.0,4.1,3.0,4.0,3,2538.0,1,0,0,0,0,1
3.0,2.0,102.0,0.0,1.0,0.85,2.0,2.0,1,661.0,0,0,0,0,1,0
3.0,3.0,190.0,0.0,1.0,0.29,2.0,2.0,1,519.0,0,0,0,0,0,2
2.0,1.0,179.0,0.0,3.0,0.82,2.0,2.0,3+,830.0,1,0,0,0,0,2
1.0,0.0,125.0,0.0,0.0,3.6,4.0,5.0,3,3020.0,0,1,0,1,0,1
3.0,2.0,48.0,1.0,0.0,2.5,3.0,2.0,1,4004.0,0,0,0,0,0,2
1.0,2.0,88.0,0.0,2.0,1.18,2.0,2.0,3,1252.0,1,0,0,0,0,2
1.0,3.0,71.0,0.0,2.0,1.9,2.0,2.0,2,1104.8,0,0,0,0,0,2
3.0,1.0,88.0,0.0,0.0,1.0,2.0,2.0,2,750.0,0,0,0,0,0,0
1.0,3.0,167.0,0.0,0.0,0.65,1.0,1.0,0,699.978,0,0,0,0,0,2
3.0,3.0,125.0,1.0,0.0,6.75,4.0,4.0,3,2087.44,0,1,0,0,0,0
1.0,3.0,151.0,0.0,1.0,1.62,3.0,5.0,3,1161.0,0,1,0,0,0,2
1.0,3.0,154.0,0.0,0.0,1.9,3.0,3.0,3,1975.052,0,0,0,0,0,2
1.0,3.0,164.0,0.0,2.0,1.4,3.0,3.0,3+,1180.0,0,0,0,0,0,2
3.0,3.0,144.0,0.0,2.0,3.0,4.0,4.0,3+,1580.0,0,1,0,0,0,2
1.0,3.0,64.0,0.0,3.0,2.5,4.0,5.0,3+,2350.0,0,1,0,1,0,0
2.0,3.0,175.0,0.0,1.0,0.65,2.0,2.0,3,1075.0,1,0,0,0,0,0
0.0,3.0,149.0,0.0,2.0,2.0,4.0,4.0,2,1608.0,0,0,0,0,0,2
3.0,3.0,145.0,0.0,3.0,3.4,4.0,4.0,3+,2040.0,0,1,0,0,0,0
3.0,1.0,37.0,1.0,1.0,4.0,7.0,7.0,3+,2249.0,0,0,0,0,0,2
2.0,3.0,168.0,0.0,2.0,1.52,3.0,4.0,3,1500.0,0,1,0,0,0,2
3.0,3.0,98.0,1.0,1.0,11.75,4.0,5.0,3+,2841.0,1,1,1,0,0,0
3.0,0.0,95.0,1.0,1.0,10.5,5.0,5.0,3,3616.0,1,1,0,1,0,2
1.0,3.0,72.0,0.0,2.0,1.4,3.0,3.0,3+,1400.0,0,0,0,0,0,2
0.0,3.0,149.0,0.0,3.0,1.92,4.0,4.0,2,1250.0,0,0,0,0,0,2
1.0,1.0,144.0,0.0,1.0,2.1,2.0,2.0,3,800.0,0,0,0,0,0,2
3.0,4.0,172.0,0.0,2.0,1.1,2.0,4.0,3+,1050.0,1,0,0,0,0,2
2.0,3.0,149.0,0.0,1.0,1.8,3.0,3.0,3,1704.0,0,0,0,0,0,2
3.0,3.0,190.0,0.0,0.0,0.3,2.0,2.0,2,621.0,0,0,0,0,0,2
3.0,3.0,99.0,1.0,0.0,0.37,1.0,1.0,1,484.2,0,0,0,0,0,2
2.0,3.0,160.0,0.0,3.0,1.55,3.0,4.0,3,1071.330967,0,1,0,0,0,0
2.0,3.0,177.0,0.0,1.0,1.25,3.0,3.0,3,2050.0,0,1,0,0,0,2
2.0,0.0,164.0,0.0,0.0,3.25,4.0,4.0,3+,2202.4,0,1,0,0,0,2
3.0,3.0,72.0,1.0,3.0,5.7,4.0,5.0,3+,5403.0,1,1,1,1,0,2
3.0,3.0,164.0,0.0,1.0,0.38,1.0,1.0,2,400.0,0,0,0,0,0,2
3.0,0.0,125.0,1.0,1.0,3.75,6.0,6.0,3,1464.0,0,0,0,0,1,2
3.0,3.0,190.0,0.0,1.0,0.95,3.0,2.0,3+,756.5945310000001,0,0,0,0,0,2
3.0,4.0,140.0,0.0,1.0,1.55,2.0,2.0,1,920.0,1,0,0,0,0,2
0.0,1.0,105.0,0.0,1.0,1.2,2.0,2.0,2,849.0,0,0,0,0,0,2
1.0,4.0,110.0,0.0,1.0,1.0,3.0,3.0,3+,1500.0,0,0,0,0,0,2
1.0,3.0,167.0,0.0,3.0,1.08,3.0,3.0,3,1350.0,0,0,1,0,0,2
3.0,0.0,114.0,1.0,0.0,4.12,2.0,1.0,3+,4639.0,0,0,0,0,0,2
2.0,3.0,149.0,0.0,2.0,1.75,4.0,4.0,1,1576.0,0,0,0,0,0,2
3.0,3.0,165.0,0.0,2.0,0.63,2.0,2.0,3+,907.2,1,0,0,0,0,2
1.0,0.0,134.0,0.0,3.0,1.38,3.0,3.0,3,1910.035,1,0,0,0,0,0
3.0,0.0,93.0,1.0,0.0,2.4,3.0,3.0,2,2002.0,0,0,1,1,0,2
1.0,3.0,154.0,0.0,3.0,3.3,3.0,3.0,3+,1800.0,0,1,0,0,0,0
1.0,1.0,179.0,0.0,0.0,0.57,2.0,2.0,2,1232.0,0,0,0,0,0,2
1.0,3.0,70.0,0.0,1.0,0.5,3.0,2.0,2,645.0,0,0,0,0,1,2
1.0,3.0,158.0,0.0,3.0,1.08,3.0,4.0,3+,1600.0,1,1,0,0,1,0
2.0,3.0,72.0,0.0,1.0,2.22,3.0,4.0,3,1676.0,1,1,1,1,0,2
2.0,1.0,78.0,0.0,2.0,2.0,3.0,3.0,3,1350.0,0,0,0,0,0,2
1.0,3.0,72.0,0.0,3.0,1.75,3.0,4.0,3+,1720.0,0,1,0,0,0,2
1.0,3.0,70.0,0.0,3.0,0.8,2.0,2.0,3+,1055.0,0,0,0,1,0,0
2.0,3.0,64.0,0.0,1.0,2.2,3.0,4.0,3+,1130.0,1,1,0,0,0,0
3.0,0.0,114.0,1.0,0.0,0.8,5.0,3.0,1,678.0,0,0,0,0,0,2
1.0,3.0,151.0,0.0,0.0,0.53,2.0,2.0,2,876.0,0,0,0,0,1,2
2.0,3.0,167.0,0.0,3.0,1.75,3.0,3.0,3+,1240.00128,0,1,0,0,0,2
3.0,2.0,93.0,1.0,0.0,5.1,3.0,2.0,0,100.0,0,0,0,0,1,2
2.0,3.0,64.0,0.0,2.0,4.55,4.0,4.0,3+,4550.0,0,0,0,0,0,0
2.0,1.0,179.0,0.0,1.0,0.55,3.0,2.0,2,745.0,1,0,0,0,0,1
1.0,3.0,76.0,0.0,2.0,3.45,4.0,5.0,3+,2360.0,0,1,0,0,0,2
3.0,4.0,143.0,1.0,0.0,8.5,6.0,6.0,3+,3132.0,0,0,1,1,0,2
1.0,3.0,64.0,0.0,3.0,1.24,2.0,2.0,2,972.0,0,0,0,0,0,2
1.0,3.0,169.0,0.0,3.0,2.1,3.0,4.0,3+,1685.0,0,1,0,0,0,2
3.0,3.0,143.0,0.0,1.0,2.0,3.0,3.0,2,1562.5,0,0,0,0,0,2
3.0,3.0,171.0,0.0,1.0,1.4,3.0,3.0,3+,1480.0,0,0,0,0,0,0
3.0,3.0,144.0,0.0,0.0,2.85,4.0,4.0,3,1975.0,1,1,0,0,0,2
3.0,3.0,169.0,0.0,2.0,1.85,4.0,5.0,3+,2249.6,0,0,0,0,0,2
0.0,3.0,187.0,0.0,2.0,0.74,3.0,3.0,2,1225.0,0,0,0,0,0,2
3.0,3.0,148.0,0.0,3.0,1.1,2.0,2.0,3,830.0,0,0,0,0,0,0
3.0,1.0,69.0,0.0,3.0,0.87,2.0,2.0,3+,940.0,0,0,0,0,0,2
3.0,2.0,24.0,1.0,0.0,1.35,5.0,3.0,2,4941.0,0,0,0,0,0,2
3.0,3.0,64.0,0.0,2.0,1.4,3.0,3.0,3,1022.5705,0,1,0,0,0,2
3.0,0.0,88.0,0.0,2.0,0.95,2.0,2.0,3,1132.0,0,0,0,0,0,0
3.0,0.0,95.0,1.0,0.0,10.0,5.0,5.0,3+,9000.0,0,1,0,1,0,1
1.0,3.0,151.0,0.0,2.0,1.62,3.0,3.0,3,1161.0,0,1,0,0,0,2
1.0,0.0,88.0,0.0,2.0,0.6,1.0,1.0,1,588.0,0,0,0,0,0,0
2.0,3.0,66.0,0.0,3.0,1.59,2.0,2.0,2,1240.0,0,0,0,0,0,2
2.0,0.0,176.0,0.0,2.0,2.0,4.0,4.0,3+,2181.6,1,1,0,1,0,2
1.0,1.0,137.0,0.0,1.0,6.75,4.0,4.0,2,1855.0,0,1,0,0,0,2
3.0,3.0,169.0,0.0,3.0,2.2,4.0,5.0,3+,1968.0,0,1,0,1,0,2
1.0,3.0,72.0,0.0,2.0,1.88,4.0,5.0,3,2444.0,0,0,0,0,0,2
1.0,3.0,168.0,0.0,3.0,1.24,3.0,3.0,3,1550.0,1,0,0,0,0,0
2.0,1.0,75.0,0.0,2.0,4.0,4.0,4.0,3,4060.501,0,0,0,0,0,2
2.0,3.0,141.0,0.0,2.0,7.56,4.0,4.0,3+,4200.0,0,1,0,1,0,0
2.0,3.0,72.0,0.0,2.0,2.25,3.0,4.0,3,2068.0,0,1,0,0,0,2
1.0,3.0,168.0,0.0,1.0,0.85,3.0,3.0,3+,1380.0,1,0,0,0,0,2
1.0,0.0,63.0,0.0,0.0,0.92,3.0,3.0,3+,1600.0,0,1,0,0,0,2
3.0,3.0,177.0,0.0,2.0,1.1,4.0,4.0,3,2057.0,0,1,0,0,0,2
3.0,1.0,166.0,0.0,3.0,2.85,4.0,4.0,3+,1800.0,0,1,0,0,0,1
2.0,3.0,64.0,0.0,3.0,1.9,3.0,4.0,3+,1553.6,0,1,0,0,0,2
3.0,3.0,110.0,0.0,1.0,1.25,3.0,3.0,3,1234.0,0,0,0,0,1,2
2.0,1.0,147.0,0.0,1.0,2.0,3.0,3.0,3,1400.0,1,0,0,0,0,2
1.0,0.0,73.0,0.0,0.0,2.3,6.0,4.0,2,3556.0,0,0,0,0,0,2
3.0,0.0,114.0,1.0,0.0,0.55,2.0,1.0,1,807.0,0,0,0,0,0,2
3.0,3.0,165.0,1.0,3.0,7.5,5.0,5.0,3+,3240.0,0,1,0,1,0,0
3.0,0.0,23.0,1.0,1.0,5.6,4.0,3.0,3+,1797.0,0,0,0,0,0,2
2.0,0.0,64.0,0.0,3.0,2.65,4.0,5.0,3+,2043.2,0,1,0,0,0,2
3.0,2.0,134.0,0.0,1.0,1.59,4.0,3.0,3+,1850.0,0,0,0,0,1,0
3.0,0.0,132.0,0.0,1.0,5.7,3.0,3.0,3,1381.986,0,0,0,0,0,2
2.0,0.0,170.0,0.0,3.0,1.55,4.0,4.0,3+,1750.0,0,1,0,1,0,0
3.0,0.0,80.0,1.0,0.0,2.25,10.0,10.0,2,360.0,0,0,0,0,0,2
1.0,1.0,179.0,0.0,0.0,0.28,2.0,2.0,2,613.6,0,0,0,0,1,2
2.0,3.0,124.0,0.0,1.0,15.0,5.0,6.0,3+,6700.0,1,1,0,1,0,1
1.0,0.0,70.0,0.0,3.0,1.21,3.0,3.0,3,1500.0,0,0,0,0,0,0
3.0,1.0,177.0,0.0,1.0,0.58,3.0,3.0,3,1132.0,0,0,0,0,0,2
3.0,0.0,174.0,1.0,0.0,0.6,2.0,2.0,1,560.0,0,0,0,0,0,2
2.0,3.0,168.0,0.0,3.0,0.9,3.0,3.0,3+,1450.0,0,0,0,0,0,2
3.0,2.0,150.0,1.0,0.0,3.1,3.0,3.0,2,2249.0,0,0,0,0,0,2
3.0,0.0,63.0,0.0,2.0,0.81,3.0,3.0,3+,1877.0,0,1,0,0,0,2
1.0,3.0,70.0,0.0,3.0,0.98,2.0,2.0,3,1056.0,1,0,0,0,0,0
1.0,3.0,64.0,0.0,2.0,1.95,3.0,4.0,3,2063.2000000000003,1,1,0,0,0,0
3.0,3.0,98.0,1.0,3.0,11.0,13.0,13.0,3+,3240.0,1,1,0,1,0,1
1.0,0.0,167.0,0.0,2.0,1.05,3.0,3.0,3,1225.0,0,0,0,1,0,0
1.0,1.0,148.0,0.0,0.0,1.45,3.0,2.0,3+,1206.4,0,0,0,0,0,2
3.0,0.0,114.0,1.0,0.0,0.75,5.0,4.0,3,635.0,0,0,0,0,0,2
3.0,0.0,68.0,1.0,0.0,0.6,3.0,3.0,0,451.92,0,0,0,0,0,2
2.0,3.0,132.0,1.0,0.0,2.0,9.0,9.0,3,59.0,0,1,0,0,0,1
2.0,3.0,72.0,0.0,1.0,1.97,4.0,4.0,2,2104.0,0,1,0,1,0,2
2.0,3.0,164.0,0.0,1.0,2.4,3.0,3.0,3+,1257.0,0,1,0,0,0,1
2.0,3.0,169.0,0.0,1.0,1.19,2.0,2.0,3,1671.0,0,0,0,0,0,2
3.0,2.0,74.0,1.0,0.0,1.35,10.0,6.0,3+,3498.0,0,0,0,0,0,2
1.0,3.0,151.0,0.0,2.0,1.6,3.0,5.0,3,1161.0,0,1,0,0,0,2
3.0,1.0,177.0,0.0,1.0,0.99,3.0,2.0,3,1495.0,0,0,0,0,1,2
3.0,3.0,177.0,0.0,1.0,1.0,4.0,3.0,2,1950.0,0,0,0,0,0,2
3.0,4.0,20.0,0.0,0.0,1.3,3.0,3.0,2,1120.0,0,0,0,0,0,2
3.0,1.0,94.0,1.0,2.0,5.0,13.0,13.0,3+,1464.0,0,0,0,1,0,1
2.0,1.0,148.0,0.0,1.0,1.0,2.0,2.0,2,1180.0,0,0,0,0,0,2
1.0,1.0,20.0,0.0,0.0,2.0,3.0,3.0,3,1200.0,0,0,0,0,0,2
2.0,3.0,136.0,0.0,1.0,4.85,4.0,5.0,3,2864.0,1,1,0,1,1,0
1.0,3.0,64.0,0.0,3.0,0.96,2.0,2.0,2,732.0,0,0,0,0,0,2
2.0,3.0,190.0,0.0,3.0,0.9,2.0,2.0,2,951.0,0,0,0,0,0,1
1.0,3.0,175.0,0.0,2.0,1.65,4.0,4.0,3+,1700.0,0,0,0,0,1,2
2.0,3.0,145.0,0.0,3.0,4.6,3.0,3.0,3,2500.0,1,1,1,1,0,0
3.0,0.0,88.0,1.0,0.0,0.98,9.0,4.0,3,120.0,0,0,0,0,0,2
2.0,3.0,160.0,0.0,3.0,1.5,3.0,4.0,3+,1071.330967,0,1,0,0,0,0
2.0,1.0,66.0,0.0,0.0,2.5,4.0,4.0,3+,2520.0,0,1,0,0,0,2
3.0,2.0,132.0,0.0,0.0,1.75,4.0,3.0,3+,1800.0,0,0,0,0,1,0
3.0,1.0,1.0,0.0,2.0,0.27,2.0,2.0,2,600.0,0,0,0,0,0,2
2.0,4.0,144.0,0.0,2.0,3.0,3.0,3.0,3,1462.4,0,0,0,0,0,2
3.0,3.0,75.0,0.0,2.0,4.25,5.0,5.0,3+,3104.0,0,1,0,0,0,2
1.0,3.0,69.0,0.0,3.0,1.1,3.0,4.0,3+,1130.0,0,1,0,0,0,0
2.0,3.0,76.0,0.0,3.0,3.7,4.0,5.0,3+,2450.0,0,1,0,0,0,0
1.0,3.0,77.0,0.0,3.0,2.5,2.0,2.0,3,1800.0,1,0,0,1,0,0
0.0,2.0,135.0,0.0,2.0,1.12,2.0,2.0,1,840.0,0,0,0,0,0,2
3.0,1.0,190.0,1.0,0.0,0.95,10.0,10.0,3+,1066.0,0,0,0,0,0,2
2.0,3.0,164.0,0.0,1.0,2.25,3.0,3.0,3+,1257.0,1,1,0,1,1,1
3.0,0.0,170.0,1.0,3.0,2.5,4.0,4.0,3+,3401.0,1,1,1,1,0,0
1.0,3.0,190.0,0.0,0.0,0.3,2.0,2.0,0,567.001,0,0,0,0,0,2
0.0,3.0,146.0,0.0,1.0,4.5,4.0,4.0,3+,3000.0,0,1,0,1,0,0
3.0,0.0,120.0,1.0,2.0,8.25,5.0,6.0,3+,2702.0,1,1,1,1,0,0
3.0,3.0,190.0,0.0,0.0,0.38,2.0,2.0,2,602.028,0,0,0,0,0,2
1.0,3.0,141.0,0.0,3.0,10.75,5.0,7.0,3,4411.2,0,1,0,0,0,0
3.0,2.0,98.0,1.0,0.0,5.5,4.0,3.0,3,1797.0,0,0,0,1,1,0
3.0,2.0,120.0,1.0,0.0,9.85,5.0,5.0,2,3767.0,1,1,0,1,0,2
2.0,3.0,164.0,0.0,0.0,0.48,2.0,2.0,1,498.0,0,0,0,0,0,0
3.0,3.0,81.0,1.0,0.0,4.5,5.0,5.0,1,2500.0,0,0,0,0,0,2
2.0,3.0,65.0,1.0,1.0,3.25,4.0,3.0,3+,4004.0,0,0,0,0,0,2
1.0,3.0,144.0,0.0,3.0,1.75,3.0,3.0,3,809.0,0,1,0,0,0,0
3.0,0.0,124.0,1.0,1.0,7.65,4.0,4.0,3,4002.72,1,1,0,0,1,2
3.0,1.0,147.0,0.0,3.0,1.85,3.0,4.0,3,1941.035,1,0,1,0,0,0
3.0,0.0,88.0,1.0,0.0,1.0,9.0,7.0,3+,1216.0,0,0,0,1,0,2
3.0,2.0,99.0,0.0,2.0,1.35,2.0,2.0,0,912.0,0,0,0,0,0,2
1.0,3.0,164.0,0.0,3.0,1.45,3.0,3.0,3,1500.0,0,0,0,0,1,0
3.0,1.0,140.0,1.0,3.0,2.01,3.0,3.0,3,1550.0,0,0,0,0,0,2
3.0,3.0,79.0,1.0,0.0,0.38,3.0,3.0,3,904.0,0,0,0,0,0,2
1.0,0.0,154.0,0.0,1.0,3.4,3.0,4.0,3+,1748.0,0,1,0,0,0,2
3.0,3.0,105.0,1.0,0.0,0.85,3.0,2.0,0,904.0,0,0,0,0,0,2
3.0,3.0,101.0,0.0,0.0,0.3,2.0,2.0,1,675.0,0,0,0,0,0,2
3.0,2.0,150.0,1.0,0.0,2.3,5.0,3.0,3+,1345.0,1,1,0,1,0,2
2.0,3.0,71.0,0.0,1.0,2.45,3.0,3.0,3,1320.0,0,0,0,0,0,2
2.0,3.0,154.0,1.0,1.0,3.09,5.0,5.0,3+,2922.0,0,1,0,0,0,0
3.0,2.0,134.0,0.0,3.0,1.37,3.0,3.0,3+,1400.0,0,0,0,0,1,2
1.0,3.0,169.0,0.0,0.0,1.73,4.0,5.0,3+,2048.0,0,1,0,0,0,2
1.0,0.0,159.0,0.0,0.0,1.2,3.0,3.0,2,1848.0,0,0,0,1,0,1
1.0,3.0,145.0,0.0,3.0,2.8,3.0,4.0,3,1700.0,0,1,0,0,0,0
4.0,0.0,132.0,0.0,3.0,10.0,4.0,5.0,3+,2800.0,0,1,0,0,0,1
2.0,2.0,175.0,0.0,2.0,0.65,2.0,2.0,2,1040.0,1,0,0,0,0,2
3.0,3.0,65.0,0.0,0.0,0.24,1.0,1.0,1,360.0,0,0,0,0,0,2
2.0,3.0,66.0,0.0,3.0,2.49,3.0,3.0,3+,1960.0,0,1,0,0,0,0
1.0,1.0,179.0,0.0,2.0,0.36,2.0,2.0,2,645.0,1,0,0,0,0,2
3.0,3.0,74.0,1.0,0.0,4.5,16.0,16.0,3+,1797.0,0,0,0,0,0,0
3.0,3.0,167.0,0.0,2.0,1.05,3.0,3.0,3,1500.0,0,0,1,0,0,2
3.0,1.0,143.0,1.0,3.0,3.85,3.0,3.0,3+,2494.0,0,1,0,0,0,0
3.0,0.0,110.0,0.0,2.0,0.78,2.0,2.0,3,900.0,0,0,0,0,0,0
1.0,3.0,164.0,0.0,3.0,2.29,3.0,4.0,3+,2000.0,1,1,0,0,0,1
1.0,1.0,168.0,0.0,2.0,0.84,3.0,3.0,3+,1380.0,0,0,0,1,0,2
2.0,1.0,173.0,1.0,0.0,0.7,2.0,2.0,2,1301.96,0,0,0,0,0,2
2.0,4.0,105.0,0.0,2.0,1.4,2.0,2.0,3,1385.0,0,0,0,0,0,2
0.0,3.0,144.0,0.0,3.0,2.36,3.0,3.0,3,1320.0,1,1,0,0,0,0
1.0,3.0,169.0,0.0,3.0,1.58,3.0,4.0,3,2048.0,0,1,0,0,0,2
3.0,1.0,148.0,0.0,1.0,1.25,2.0,2.0,3,694.0,0,0,0,0,0,2
1.0,3.0,64.0,0.0,1.0,2.15,3.0,3.0,3,1592.0,0,0,0,0,0,0
3.0,2.0,95.0,1.0,2.0,10.0,5.0,6.0,3,2702.0,0,1,1,0,0,0
1.0,0.0,175.0,0.0,2.0,1.79,4.0,3.0,3+,2215.0,0,0,0,0,0,2
1.0,1.0,78.0,0.0,2.0,2.48,3.0,3.0,3+,1760.0,0,1,0,0,0,2
1.0,3.0,64.0,0.0,3.0,1.49,3.0,3.0,3,1022.5705,0,0,0,0,0,0
1.0,3.0,169.0,0.0,1.0,2.0,3.0,4.0,3,2200.0,0,1,0,0,0,2
1.0,3.0,169.0,0.0,1.0,0.9,3.0,3.0,3,1269.6,0,0,0,0,0,2
2.0,0.0,175.0,0.0,2.0,1.8,4.0,4.0,3+,2181.6,0,0,0,0,0,2
3.0,2.0,127.0,1.0,0.0,7.0,4.0,4.0,2,2163.0,0,1,0,0,0,2
2.0,3.0,72.0,0.0,3.0,2.1,3.0,4.0,3+,2068.0,0,1,0,0,0,0
2.0,4.0,148.0,0.0,1.0,1.85,3.0,3.0,3+,1589.6,0,0,0,0,0,2
2.0,0.0,76.0,0.0,3.0,3.65,4.0,5.0,3+,2360.0,0,1,0,0,0,0
3.0,0.0,71.0,0.0,2.0,1.65,3.0,4.0,3,1302.0013439999998,1,0,0,0,0,0
1.0,3.0,70.0,0.0,0.0,0.51,3.0,2.0,2,645.0,0,0,0,0,1,2
0.0,3.0,70.0,0.0,1.0,0.25,1.0,1.0,0,317.985,0,0,0,0,0,2
3.0,2.0,150.0,1.0,0.0,1.35,4.0,5.0,0,3002.04,0,0,0,0,0,2
1.0,1.0,160.0,0.0,2.0,1.35,2.0,2.0,3,1200.0,1,0,0,0,1,0
2.0,1.0,179.0,0.0,2.0,0.42,2.0,2.0,2,569.0,0,0,0,0,0,0
3.0,3.0,111.0,0.0,2.0,1.1,2.0,2.0,2,1118.0,0,0,0,0,0,2
3.0,3.0,190.0,0.0,3.0,0.52,2.0,2.0,2,822.0,0,0,0,1,0,2
1.0,3.0,64.0,0.0,0.0,0.45,1.0,1.0,2,750.0,0,0,0,0,0,2
2.0,0.0,139.0,0.0,3.0,3.8,4.0,5.0,3,2800.0,0,1,0,0,0,0
3.0,0.0,123.0,1.0,1.0,6.09,12.0,11.0,3+,1620.0,0,0,0,1,0,1
3.0,1.0,142.0,0.0,2.0,4.49,4.0,4.0,3+,350.0,0,0,0,0,0,0
3.0,2.0,94.0,1.0,0.0,3.25,4.0,4.0,3,1066.0,0,0,0,0,0,2
0.0,3.0,70.0,0.0,1.0,0.27,2.0,2.0,2,489.0,0,0,0,0,0,2
3.0,1.0,64.0,0.0,2.0,2.03,3.0,3.0,2,1027.629533,0,0,0,0,0,2
3.0,1.0,140.0,0.0,3.0,1.6,2.0,2.0,2,1150.0,1,0,0,0,0,2
2.0,1.0,171.0,0.0,2.0,1.15,2.0,2.0,1,108.4,1,0,0,0,0,2
3.0,1.0,190.0,0.0,2.0,0.22,1.0,1.0,1,700.0,0,0,0,0,0,2
1.0,3.0,145.0,0.0,2.0,1.7,2.0,2.0,2,948.0,0,0,0,0,1,2
2.0,3.0,149.0,0.0,2.0,1.3,3.0,3.0,1,1230.4,0,0,0,1,0,0
1.0,3.0,65.0,0.0,1.0,1.32,3.0,3.0,3+,1200.0,1,0,0,0,0,2
1.0,3.0,70.0,0.0,0.0,0.5,3.0,2.0,2,645.0,0,0,0,0,1,2
1.0,3.0,167.0,0.0,2.0,1.42,4.0,4.0,3,1600.0,1,1,0,0,0,2
1.0,3.0,134.0,0.0,2.0,2.05,4.0,4.0,3+,2400.0,0,0,0,0,1,0
3.0,1.0,148.0,0.0,1.0,1.7,4.0,4.0,3,1599.2,0,0,0,0,0,2
3.0,0.0,126.0,1.0,0.0,0.96,7.0,4.0,2,947.0,0,0,1,1,0,0
3.0,3.0,63.0,0.0,0.0,0.75,3.0,4.0,3,2445.0,0,1,0,0,0,2
3.0,1.0,173.0,0.0,1.0,1.2,3.0,3.0,2,1423.15,1,0,0,0,1,2
2.0,3.0,164.0,0.0,1.0,2.3,3.0,3.0,3+,1257.0,1,1,0,1,1,1
3.0,3.0,131.0,0.0,1.0,5.6,3.0,3.0,3+,2313.6,0,0,0,0,0,2
2.0,1.0,148.0,0.0,2.0,1.0,2.0,2.0,2,1225.0,0,1,0,0,0,2
3.0,0.0,96.0,1.0,2.0,4.5,3.0,3.0,2,1345.0,1,1,0,0,0,2
3.0,2.0,174.0,1.0,0.0,0.22,2.0,2.0,2,33.0,0,0,0,0,0,2
2.0,3.0,169.0,0.0,1.0,1.06,2.0,2.0,2,1336.8000000000002,0,0,0,0,0,2
3.0,0.0,112.0,1.0,2.0,3.5,3.0,2.0,3,160.0,0,0,1,0,0,0
1.0,2.0,132.0,0.0,2.0,1.69,3.0,3.0,3+,1760.0,0,1,0,0,0,0
3.0,0.0,80.0,1.0,0.0,0.9,5.0,4.0,3,786.0,1,1,0,1,1,2
2.0,1.0,154.0,0.0,2.0,4.1,4.0,5.0,3+,2324.0,0,1,0,0,1,2
2.0,0.0,168.0,0.0,2.0,1.1,3.0,3.0,3+,1512.0,0,0,0,0,0,0
1.0,3.0,190.0,0.0,1.0,0.73,2.0,2.0,3,730.0,0,0,0,1,0,2
1.0,3.0,176.0,0.0,0.0,0.89,2.0,2.0,3+,1200.0,0,0,0,0,1,0
1.0,0.0,154.0,0.0,3.0,3.1,4.0,5.0,3+,2300.0,1,1,1,1,0,2
2.0,2.0,88.0,0.0,1.0,0.95,3.0,3.0,3,1600.0,0,0,0,0,0,2
3.0,0.0,103.0,1.0,0.0,3.25,4.0,4.0,3+,1453.0,1,1,1,1,0,0
3.0,3.0,174.0,1.0,0.0,0.6,3.0,3.0,1,560.0,0,0,0,0,0,2
3.0,3.0,134.0,1.0,0.0,3.25,5.0,6.0,3+,1507.0,0,0,0,1,1,0
3.0,3.0,71.0,0.0,3.0,0.87,2.0,3.0,3,734.420897,0,1,0,0,0,0
3.0,3.0,111.0,0.0,1.0,0.5,3.0,3.0,2,700.0,0,0,0,0,0,2
3.0,3.0,160.0,0.0,1.0,1.0,2.0,2.0,2,1200.0,1,0,0,0,0,2
1.0,1.0,180.0,0.0,2.0,0.4,2.0,2.0,2,587.0,0,0,0,0,0,2
1.0,3.0,146.0,0.0,3.0,2.95,3.0,3.0,3,1906.0,0,1,0,0,0,0
3.0,3.0,160.0,0.0,0.0,1.35,3.0,3.0,3,1945.0,0,0,0,0,0,2
3.0,1.0,147.0,1.0,3.0,1.83,4.0,4.0,2,2702.0,0,0,0,1,0,0
1.0,3.0,144.0,0.0,1.0,2.25,2.0,2.0,3,1433.0,0,0,0,0,0,2
3.0,1.0,66.0,0.0,2.0,0.2,1.0,2.0,2,301.0,0,0,0,0,0,2
1.0,3.0,131.0,0.0,3.0,4.8,3.0,4.0,3+,2200.0,0,1,0,1,1,0
1.0,1.0,73.0,0.0,1.0,0.9,2.0,2.0,3,960.0,0,0,0,0,1,2
1.0,1.0,105.0,0.0,1.0,1.7,3.0,3.0,3+,1590.0,0,0,0,0,0,0
1.0,3.0,71.0,0.0,3.0,1.55,3.0,3.0,3+,1550.0,0,1,0,1,0,0
0.0,4.0,157.0,0.0,2.0,1.9,3.0,3.0,2,1337.6,0,0,0,0,0,2
3.0,3.0,96.0,1.0,3.0,17.0,5.0,5.0,3+,4520.0,1,1,1,1,0,0
3.0,0.0,174.0,1.0,2.0,3.4,9.0,9.0,3,2626.0,0,0,0,0,0,0
2.0,3.0,178.0,0.0,2.0,1.25,3.0,4.0,2,1100.0,0,0,0,0,0,0
3.0,0.0,117.0,1.0,1.0,2.1,3.0,3.0,2,904.0,0,0,0,0,1,0
3.0,0.0,63.0,0.0,1.0,0.75,3.0,3.0,3+,1692.0,0,1,0,0,0,2
3.0,1.0,147.0,0.0,0.0,1.85,4.0,4.0,0,2300.0,0,0,0,0,0,2
3.0,3.0,151.0,0.0,1.0,1.64,3.0,5.0,3,1161.0,0,1,0,0,0,2
3.0,3.0,182.0,1.0,1.0,4.5,9.0,9.0,3+,3154.0,1,0,0,1,1,0
3.0,1.0,160.0,0.0,0.0,1.29,2.0,2.0,3,1257.6,0,0,0,0,0,2
1.0,0.0,127.0,0.0,3.0,2.7,3.0,3.0,3+,2200.0,0,1,0,0,0,2
3.0,3.0,135.0,1.0,2.0,3.8,8.0,8.0,3+,160.0,0,0,1,1,0,0
2.0,3.0,169.0,0.0,3.0,1.3,2.0,2.0,3+,1169.0,0,0,1,0,0,2
3.0,1.0,173.0,0.0,1.0,0.9,2.0,2.0,2,882.4000000000001,1,0,0,0,1,2
1.0,3.0,190.0,0.0,3.0,0.72,2.0,2.0,3,1264.0,0,0,0,0,0,2
2.0,4.0,151.0,0.0,1.0,1.25,3.0,3.0,3,1492.0,0,0,0,0,0,2
1.0,1.0,157.0,0.0,3.0,3.35,3.0,4.0,3+,1900.0,0,1,0,0,0,1
1.0,3.0,176.0,0.0,2.0,0.87,2.0,2.0,2,1000.0,0,0,1,0,0,2
3.0,3.0,28.0,1.0,0.0,1.0,4.0,3.0,3+,904.0,0,0,0,0,1,2
2.0,4.0,66.0,0.0,2.0,1.1,2.0,2.0,3,1015.2,0,0,0,0,1,2
0.0,3.0,177.0,0.0,0.0,1.1,3.0,2.0,3,1850.0,0,0,0,0,0,2
1.0,0.0,88.0,0.0,2.0,1.4,3.0,3.0,3+,1424.0,0,0,0,0,0,2
3.0,1.0,105.0,0.0,2.0,1.2,2.0,2.0,3+,1000.0,0,0,0,0,0,2
1.0,3.0,169.0,0.0,3.0,1.09,2.0,2.0,3,1640.0,0,0,1,0,0,2
1.0,3.0,177.0,0.0,2.0,0.8,3.0,3.0,3,1523.0,1,0,0,0,0,0
1.0,3.0,72.0,0.0,3.0,1.5,3.0,3.0,3+,1400.0,0,0,0,0,0,2
3.0,2.0,150.0,1.0,0.0,0.45,3.0,2.0,1,904.0,0,0,0,0,1,2
1.0,0.0,144.0,0.0,0.0,5.9,3.0,3.0,3,2690.4,1,0,0,0,0,1
3.0,0.0,74.0,1.0,0.0,4.0,5.0,4.0,1,180.0,0,0,0,0,0,2
3.0,2.0,87.0,1.0,0.0,7.2,4.0,4.0,2,4520.0,0,1,1,0,0,2
1.0,3.0,111.0,0.0,3.0,1.45,3.0,3.0,3,1611.0,0,0,0,0,0,2
3.0,1.0,124.0,0.0,2.0,4.3,4.0,5.0,3+,3100.0,1,1,0,1,0,2
2.0,3.0,177.0,0.0,2.0,0.9,3.0,2.0,3,1096.0,0,0,0,0,0,2
2.0,3.0,169.0,0.0,1.0,2.6,3.0,3.0,3,2129.053,0,1,0,0,0,2
3.0,2.0,15.0,0.0,0.0,2.5,4.0,4.0,3+,2800.0,1,1,0,1,0,0
1.0,3.0,164.0,0.0,1.0,2.3,3.0,4.0,3+,1950.0,0,1,0,0,0,0
1.0,3.0,76.0,0.0,0.0,2.35,3.0,3.0,3+,1615.009,0,0,0,0,0,2
1.0,1.0,151.0,0.0,1.0,1.8,3.0,3.0,3+,1560.0,0,0,0,0,1,0
3.0,3.0,145.0,1.0,3.0,12.0,5.0,6.0,3+,3154.0,0,1,1,0,0,0
2.0,2.0,118.0,0.0,2.0,2.75,3.0,3.0,2,1312.0,0,0,0,0,0,1
3.0,3.0,169.0,0.0,2.0,2.0,4.0,5.0,3+,2249.6,0,1,1,0,0,2
1.0,1.0,65.0,0.0,1.0,1.12,3.0,4.0,3+,1500.0,0,1,0,0,0,2
0.0,1.0,175.0,0.0,1.0,0.47,2.0,2.0,1,690.0,0,0,0,0,0,2
3.0,1.0,150.0,0.0,0.0,0.48,3.0,2.0,1,800.0,0,0,0,0,0,2
3.0,3.0,51.0,1.0,0.0,1.4,2.0,2.0,1,1700.08,0,0,0,0,0,2
3.0,4.0,106.0,0.0,0.0,0.72,3.0,2.0,3,864.8000000000001,0,0,0,0,0,2
1.0,1.0,169.0,0.0,3.0,1.08,2.0,2.0,3,1125.0,1,1,1,1,0,0
3.0,2.0,46.0,1.0,0.0,1.0,3.0,2.0,2,100.0,0,0,0,1,0,2
3.0,3.0,64.0,0.0,3.0,1.3,3.0,3.0,3,1022.5705,0,1,0,0,0,0
2.0,0.0,125.0,0.0,1.0,4.52,5.0,5.0,3+,3292.0,1,1,0,1,0,2
3.0,3.0,74.0,1.0,0.0,0.24,2.0,2.0,0,452.0,0,0,0,0,0,2
3.0,1.0,157.0,0.0,2.0,1.92,3.0,3.0,2,940.0,0,0,0,0,0,2
1.0,3.0,160.0,0.0,3.0,1.33,2.0,2.0,3,1247.2,1,0,0,0,0,2
1.0,0.0,98.0,0.0,3.0,2.3,3.0,3.0,3,1946.348,0,1,0,0,0,2
2.0,3.0,160.0,0.0,3.0,1.25,3.0,3.0,3,863.910614,1,0,0,1,0,2
3.0,0.0,134.0,0.0,1.0,1.7,3.0,3.0,3,1610.0,1,0,0,0,0,2
1.0,3.0,169.0,0.0,1.0,0.69,2.0,2.0,2,975.0,0,0,0,0,0,2
3.0,2.0,126.0,1.0,3.0,3.5,6.0,5.0,2,2044.4,1,1,0,1,1,1
3.0,0.0,119.0,1.0,2.0,6.5,4.0,5.0,3,3315.0,1,1,0,1,0,0
3.0,0.0,135.0,1.0,1.0,3.75,3.0,4.0,3,300.0,1,1,1,0,0,0
3.0,2.0,105.0,0.0,2.0,1.79,3.0,3.0,3,1431.2,0,0,0,0,0,2
1.0,4.0,165.0,0.0,1.0,1.25,3.0,4.0,3+,1568.0,0,0,0,0,0,2
3.0,1.0,152.0,0.0,3.0,1.9,4.0,3.0,3,1900.0,0,0,1,0,0,2
3.0,2.0,81.0,1.0,1.0,6.4,6.0,6.0,3+,348.0,0,0,0,0,1,2
1.0,1.0,144.0,0.0,1.0,2.01,2.0,2.0,3,1516.0,1,0,0,0,0,2
3.0,3.0,66.0,0.0,1.0,1.75,3.0,3.0,3,1351.2,0,0,0,0,0,2
3.0,0.0,197.0,1.0,0.0,0.78,4.0,4.0,0,802.0,0,0,0,0,0,2
1.0,3.0,141.0,0.0,3.0,9.2,4.0,6.0,3,3203.0,0,1,0,1,0,0
3.0,1.0,190.0,0.0,2.0,0.91,2.0,2.0,3,1080.0,1,0,0,0,0,2
3.0,0.0,120.0,1.0,3.0,2.45,4.0,4.0,3+,351.0,1,1,0,1,1,1
1.0,3.0,149.0,0.0,2.0,1.75,4.0,4.0,2,1608.0,0,0,0,0,0,0
3.0,1.0,173.0,0.0,1.0,1.71,3.0,2.0,0,1425.0,0,0,0,0,0,2
0.0,3.0,111.0,0.0,2.0,1.17,2.0,2.0,2,1128.0,0,0,0,0,0,2
1.0,1.0,92.0,0.0,3.0,4.63,3.0,5.0,3+,2472.0,0,1,0,0,1,2
3.0,3.0,190.0,0.0,0.0,0.4,2.0,2.0,2,602.0,0,0,0,0,0,2
1.0,0.0,159.0,0.0,0.0,0.75,2.0,2.0,1,1100.0,0,0,0,0,0,2
3.0,3.0,71.0,0.0,2.0,0.9,2.0,3.0,3,734.420897,0,1,0,0,0,2
3.0,0.0,146.0,1.0,1.0,1.85,3.0,3.0,3,250.0,0,0,0,0,0,2
2.0,1.0,177.0,0.0,0.0,0.95,4.0,3.0,3,1560.0,0,0,0,0,0,2
2.0,3.0,71.0,0.0,0.0,2.15,3.0,4.0,3+,4000.0,1,0,0,0,0,2
3.0,0.0,120.0,1.0,0.0,14.0,9.0,9.0,3+,3509.0,0,1,0,0,0,2
3.0,3.0,177.0,0.0,2.0,0.51,3.0,2.0,2,1000.0,0,0,0,0,0,2
1.0,1.0,147.0,0.0,1.0,1.7,3.0,3.0,2,1017.0,0,1,0,0,1,0
3.0,0.0,154.0,0.0,3.0,5.0,4.0,4.0,3+,3500.0,1,1,0,1,1,0
1.0,3.0,110.0,0.0,2.0,0.38,2.0,2.0,1,800.0,0,0,0,0,0,2
3.0,3.0,164.0,0.0,3.0,2.21,3.0,3.0,3+,1650.0,0,1,0,0,0,1
3.0,3.0,111.0,0.0,0.0,1.25,3.0,3.0,3+,1724.138,0,0,0,0,0,2
2.0,3.0,190.0,0.0,1.0,0.42,2.0,2.0,1,585.448521,0,0,0,0,0,2
2.0,3.0,111.0,0.0,1.0,1.79,4.0,3.0,3,1598.4,0,0,0,0,1,0
3.0,0.0,127.0,0.0,3.0,3.1,3.0,4.0,3+,2250.0,0,1,0,0,0,0
3.0,1.0,72.0,1.0,3.0,6.5,4.0,4.0,3+,5403.0,0,1,0,0,0,0
1.0,3.0,169.0,0.0,1.0,2.17,4.0,4.0,3,2400.0,1,1,0,1,0,2
2.0,1.0,71.0,0.0,2.0,3.75,3.0,3.0,2,1874.4,0,1,0,0,0,2
3.0,3.0,190.0,0.0,2.0,0.46,2.0,2.0,2,700.0,0,0,0,0,0,1
3.0,2.0,174.0,1.0,0.0,1.1,4.0,3.0,1,1836.0,0,0,0,0,0,2
2.0,1.0,152.0,0.0,2.0,1.34,2.0,2.0,3+,1043.2,0,0,0,0,0,0
1.0,4.0,190.0,0.0,1.0,0.4,2.0,2.0,3,505.0,0,0,0,0,0,2
3.0,2.0,127.0,1.0,2.0,6.8,4.0,4.0,3+,2163.0,1,1,0,1,0,2
3.0,2.0,96.0,1.0,0.0,4.5,5.0,5.0,3+,1345.0,0,0,0,0,0,2
0.0,3.0,146.0,0.0,1.0,2.98,3.0,3.0,3,1637.6,0,0,0,0,1,0
3.0,1.0,173.0,0.0,2.0,1.16,3.0,3.0,2,1423.0,1,0,0,0,0,2
2.0,3.0,75.0,0.0,3.0,3.25,4.0,4.0,3,2720.0,0,1,0,0,1,2
3.0,1.0,106.0,0.0,0.0,0.42,2.0,2.0,1,531.0,0,0,0,0,0,2
3.0,2.0,134.0,0.0,1.0,0.52,1.0,1.0,1,420.0,0,0,0,0,0,2
3.0,2.0,68.0,1.0,0.0,1.2,6.0,2.0,1,1184.0,0,0,0,0,0,2
1.0,1.0,183.0,0.0,3.0,0.35,2.0,2.0,2,554.1255719999999,0,0,0,0,0,2
3.0,2.0,88.0,1.0,1.0,6.0,5.0,6.0,3+,2432.0,1,0,0,1,1,0
1.0,3.0,70.0,0.0,1.0,0.28,2.0,2.0,2,489.0,0,0,0,0,0,2
3.0,3.0,101.0,1.0,0.0,1.0,3.0,4.0,2,904.0,0,0,0,0,0,2
3.0,3.0,124.0,1.0,0.0,5.5,4.0,4.0,2,2336.0,0,1,0,0,0,0
0.0,2.0,42.0,1.0,0.0,0.6,4.0,2.0,1,721.0,0,0,0,0,1,2
1.0,1.0,179.0,0.0,0.0,0.35,2.0,2.0,0,636.943,0,0,0,0,0,2
1.0,3.0,144.0,0.0,2.0,4.95,3.0,3.0,3,2489.6000000000004,0,1,0,0,0,0
1.0,0.0,153.0,0.0,3.0,0.95,2.0,2.0,2,958.4,0,0,0,0,0,0
3.0,0.0,135.0,1.0,2.0,3.3,4.0,4.0,2,1733.0,0,0,1,0,0,0
3.0,1.0,105.0,0.0,2.0,3.3,3.0,3.0,3,2400.0,1,1,1,1,0,2
2.0,1.0,160.0,0.0,1.0,0.8,2.0,2.0,2,1519.0,1,0,0,0,0,2
2.0,3.0,164.0,0.0,3.0,2.25,3.0,4.0,3+,2092.0,0,1,0,0,0,1
3.0,3.0,127.0,1.0,3.0,12.5,4.0,4.0,3+,340.0,1,1,0,0,0,1
1.0,3.0,151.0,0.0,3.0,1.55,3.0,5.0,3,1161.0,0,1,0,0,0,2
1.0,3.0,64.0,0.0,2.0,1.26,2.0,2.0,2,972.0,0,0,0,0,0,2
3.0,1.0,106.0,0.0,0.0,0.41,2.0,2.0,3,654.012,0,0,0,0,0,2
2.0,3.0,139.0,0.0,1.0,3.75,4.0,4.0,3,2350.0,0,1,0,0,0,0
3.0,0.0,114.0,1.0,1.0,1.9,4.0,3.0,2,190.0,0,0,1,1,0,0
3.0,1.0,105.0,0.0,1.0,1.45,3.0,2.0,3,1336.8000000000002,0,0,0,0,0,2
3.0,1.0,173.0,0.0,2.0,1.14,3.0,3.0,2,1423.0,1,0,0,0,0,2
3.0,1.0,46.0,0.0,0.0,0.22,2.0,2.0,1,500.0,0,0,0,0,0,0
1.0,0.0,175.0,0.0,2.0,1.2,3.0,3.0,3+,1930.0,0,1,0,1,0,2
1.0,0.0,145.0,0.0,3.0,3.5,3.0,3.0,3,2000.0,0,1,1,0,0,0
2.0,2.0,99.0,0.0,1.0,1.25,2.0,2.0,3,913.0,0,0,0,0,0,2
3.0,0.0,127.0,1.0,0.0,10.0,5.0,7.0,2,6994.0,0,1,0,0,0,1
3.0,0.0,100.0,1.0,0.0,1.0,1.0,1.0,0,1495.64,0,0,0,0,0,2
3.0,0.0,130.0,0.0,0.0,1.55,4.0,4.0,3,1600.0,0,0,0,0,0,2
1.0,1.0,120.0,1.0,0.0,2.1,10.0,10.0,3+,4941.0,0,1,0,0,0,2
2.0,3.0,170.0,0.0,3.0,1.54,3.0,3.0,3+,1670.0,0,1,0,0,0,2
2.0,3.0,149.0,0.0,2.0,2.0,4.0,4.0,1,1967.0,0,0,0,0,0,2
3.0,3.0,71.0,0.0,2.0,2.1,2.0,2.0,2,1104.8,0,0,0,0,0,2
1.0,0.0,21.0,0.0,0.0,0.6,2.0,2.0,0,929.944,0,0,0,0,0,2
3.0,3.0,144.0,0.0,2.0,2.35,3.0,3.0,3,1450.0,1,1,0,0,0,0
3.0,0.0,117.0,1.0,1.0,2.15,3.0,3.0,3,904.0,1,0,1,1,0,2
2.0,3.0,177.0,0.0,2.0,0.9,4.0,5.0,3+,1496.0,0,1,0,0,1,2
1.0,3.0,110.0,0.0,1.0,0.86,2.0,3.0,3,1310.0,1,0,0,0,1,2
2.0,1.0,66.0,0.0,2.0,1.8,3.0,4.0,3,2290.0,0,0,0,0,0,2
3.0,3.0,149.0,0.0,2.0,1.4,3.0,3.0,2,1262.4,0,0,0,1,0,2
3.0,3.0,152.0,0.0,3.0,1.8,3.0,3.0,3,1925.134,1,0,0,0,0,2
0.0,0.0,72.0,0.0,2.0,1.8,3.0,3.0,2,1785.0,0,1,0,0,0,2
2.0,4.0,105.0,0.0,0.0,1.7,3.0,3.0,3,1431.2,0,0,0,0,0,2
1.0,1.0,142.0,0.0,2.0,7.8,4.0,4.0,0,3949.967,0,0,0,0,0,2
3.0,1.0,190.0,0.0,3.0,0.56,2.0,2.0,3,822.0,0,0,0,0,0,2
3.0,3.0,72.0,1.0,3.0,5.9,4.0,5.0,2,2432.0,0,1,0,0,0,0
1.0,3.0,175.0,0.0,3.0,1.25,3.0,3.0,3+,1930.0,0,1,0,1,0,2
3.0,3.0,98.0,1.0,0.0,2.58,4.0,2.0,2,1300.0,0,0,0,0,0,2
1.0,2.0,112.0,0.0,0.0,2.1,4.0,4.0,3+,1759.0,0,0,0,0,0,1
2.0,3.0,65.0,1.0,2.0,3.15,4.0,5.0,0,4702.12,0,0,0,0,0,2
3.0,3.0,65.0,0.0,1.0,0.9,2.0,2.0,2,1080.0,0,0,0,0,0,2
1.0,3.0,166.0,0.0,3.0,1.8,3.0,3.0,3+,1300.0,0,1,0,0,0,1
3.0,2.0,95.0,1.0,2.0,9.5,9.0,9.0,3+,2841.0,0,0,0,0,1,2
1.0,3.0,190.0,0.0,1.0,0.96,2.0,2.0,3,849.0,1,0,0,0,0,2
3.0,1.0,95.0,1.0,0.0,8.0,3.0,9.0,2,10000.0,0,0,0,0,0,2
1.0,1.0,167.0,0.0,1.0,0.75,3.0,3.0,3,1000.0,0,0,0,0,1,0
0.0,2.0,134.0,0.0,2.0,0.55,1.0,2.0,1,610.0,0,0,0,0,0,2
3.0,1.0,120.0,1.0,0.0,13.0,3.0,3.0,3+,2702.0,0,0,0,1,0,0
3.0,2.0,100.0,1.0,0.0,0.95,4.0,3.0,2,1066.0,0,0,0,0,0,2
3.0,3.0,190.0,0.0,3.0,0.53,2.0,2.0,2,822.0,0,0,0,1,0,2
3.0,2.0,123.0,0.0,3.0,1.65,3.0,3.0,3,1720.0,0,0,0,0,1,0
3.0,3.0,175.0,0.0,2.0,0.85,3.0,4.0,3,1450.0,0,1,1,0,0,2
3.0,0.0,120.0,1.0,3.0,5.75,4.0,4.0,2,220.0,0,1,1,0,0,1
1.0,3.0,64.0,0.0,3.0,1.35,3.0,4.0,3+,1250.0,0,1,0,1,0,0
2.0,3.0,66.0,0.0,0.0,1.75,3.0,4.0,3+,1800.0,1,1,0,1,1,0
3.0,1.0,173.0,0.0,1.0,1.25,3.0,3.0,2,1423.0,1,0,0,0,0,2
1.0,3.0,153.0,0.0,3.0,1.25,3.0,4.0,2,1394.4,0,1,0,0,0,0
3.0,0.0,98.0,1.0,2.0,9.0,6.0,7.0,3+,3240.0,1,1,1,1,0,2
1.0,0.0,5.0,0.0,0.0,6.0,4.0,6.0,3+,4400.0,0,0,0,0,0,2
3.0,3.0,64.0,0.0,1.0,2.4,3.0,4.0,3+,2100.0,1,0,0,0,0,0
1.0,3.0,154.0,0.0,3.0,4.0,4.0,5.0,3+,2500.0,0,1,0,0,0,0
3.0,3.0,125.0,0.0,0.0,0.87,1.0,1.0,1,450.0,0,0,0,0,0,2
1.0,1.0,164.0,0.0,3.0,3.45,4.0,4.0,3+,2297.6,0,1,0,0,0,1
1.0,3.0,78.0,0.0,3.0,2.78,3.0,4.0,3+,2170.0,0,1,0,0,0,2
1.0,3.0,134.0,0.0,1.0,2.0,4.0,4.0,3,2100.0,0,0,0,0,1,0
1.0,1.0,181.0,0.0,0.0,1.4,3.0,5.0,3+,1597.6,0,0,0,0,0,2
1.0,3.0,151.0,0.0,2.0,1.15,2.0,2.0,2,1350.0,1,0,0,0,0,2
0.0,3.0,190.0,0.0,2.0,0.25,2.0,2.0,1,481.684525,0,0,0,1,0,2
3.0,2.0,174.0,1.0,0.0,1.65,2.0,3.0,0,903.84,0,0,0,0,0,2
2.0,3.0,170.0,0.0,3.0,1.55,3.0,3.0,1,1350.0,0,0,0,1,0,0
3.0,2.0,79.0,1.0,0.0,1.7,1.0,1.0,2,1800.0,0,0,0,0,0,2
3.0,1.0,117.0,1.0,2.0,9.0,12.0,12.0,3,6000.0,0,1,0,0,0,0
3.0,2.0,125.0,0.0,3.0,1.72,3.0,3.0,2,2200.0,0,0,0,0,0,0
3.0,0.0,63.0,1.0,0.0,4.75,6.0,7.0,0,4497.68,0,0,0,0,0,2
3.0,0.0,190.0,0.0,2.0,0.75,2.0,2.0,2,1350.135,0,0,0,0,0,2
3.0,0.0,124.0,0.0,2.0,1.8,3.0,4.0,3,1756.0,1,0,0,0,0,0
1.0,4.0,105.0,0.0,0.0,2.1,3.0,3.0,2,1431.2,0,0,0,0,0,2
2.0,3.0,177.0,0.0,0.0,0.85,3.0,2.0,2,1260.941,0,0,0,0,0,2
3.0,3.0,177.0,0.0,1.0,0.75,3.0,3.0,3,1350.0,0,0,0,0,1,0
1.0,3.0,70.0,0.0,2.0,1.35,3.0,4.0,3+,1888.8,0,1,0,0,0,0
0.0,3.0,71.0,0.0,2.0,1.25,3.0,2.0,0,1760.0,0,0,0,0,0,0
1.0,0.0,153.0,0.0,3.0,1.3,4.0,4.0,3,1880.0,0,1,0,0,0,2
3.0,3.0,68.0,0.0,0.0,0.42,3.0,2.0,1,1000.0,0,0,0,0,0,2
3.0,1.0,145.0,1.0,3.0,11.0,5.0,6.0,3+,3240.0,1,1,1,1,0,0
1.0,0.0,124.0,0.0,3.0,1.76,3.0,3.0,3+,1476.0,0,1,0,1,0,0
3.0,0.0,133.0,1.0,2.0,3.1,5.0,4.0,3+,1550.0,0,1,1,0,0,0
1.0,3.0,64.0,0.0,3.0,0.97,2.0,2.0,2,589.538803,0,0,0,0,0,2
0.0,3.0,190.0,0.0,2.0,0.27,2.0,2.0,1,457.46575,0,0,0,0,0,0
3.0,0.0,88.0,1.0,1.0,0.4,6.0,4.0,2,904.0,0,0,0,0,0,2
1.0,3.0,167.0,0.0,2.0,1.3,3.0,3.0,1,2288.0,0,0,0,0,0,0
3.0,3.0,190.0,0.0,0.0,0.54,2.0,2.0,1,830.0,0,0,0,0,0,2
3.0,3.0,170.0,0.0,2.0,0.42,2.0,2.0,1,601.0,0,0,0,0,0,2
3.0,1.0,106.0,1.0,0.0,0.66,2.0,2.0,3,817.76,0,0,0,0,0,2
3.0,0.0,134.0,0.0,1.0,0.6,1.0,1.0,1,480.0,0,0,0,0,0,2
3.0,3.0,160.0,0.0,1.0,1.3,2.0,4.0,2,1080.8,0,0,0,0,0,2
3.0,3.0,177.0,0.0,1.0,1.5,3.0,3.0,3,1536.0,0,0,0,0,1,2
2.0,3.0,146.0,0.0,0.0,3.39,3.0,4.0,3,2000.0,0,1,0,0,0,0
1.0,0.0,134.0,0.0,1.0,1.55,3.0,3.0,3+,1600.0,0,1,0,0,0,0
3.0,3.0,138.0,0.0,0.0,0.6,2.0,2.0,0,750.0,0,0,0,0,0,0
3.0,0.0,73.0,1.0,0.0,3.6,8.0,4.0,3,1840.0,0,0,0,1,0,0
1.0,3.0,167.0,0.0,0.0,1.35,3.0,3.0,3,1095.334464,0,1,0,0,0,2
2.0,3.0,71.0,0.0,3.0,1.2,3.0,2.0,3+,1400.0,0,1,0,1,0,0
1.0,0.0,127.0,0.0,3.0,2.35,3.0,3.0,3,1850.0,0,0,1,0,0,0
1.0,3.0,158.0,0.0,2.0,1.65,4.0,3.0,3,1560.0,0,1,0,0,0,2
1.0,3.0,66.0,0.0,3.0,2.23,3.0,4.0,3+,2250.0,0,1,0,0,0,0
2.0,1.0,65.0,0.0,1.0,2.0,4.0,5.0,3+,2136.0,0,1,0,0,0,2
3.0,2.0,150.0,1.0,0.0,2.25,3.0,3.0,2,1442.0,0,0,0,0,0,0
3.0,2.0,114.0,1.0,0.0,5.0,3.0,3.0,2,4951.0,0,0,0,0,0,2
2.0,1.0,179.0,0.0,0.0,0.55,2.0,2.0,3,950.0,0,0,0,0,0,2
3.0,2.0,94.0,1.0,1.0,11.0,8.0,11.0,3+,3809.04,1,1,0,1,1,0
2.0,3.0,190.0,0.0,2.0,0.24,1.0,1.0,1,340.13924000000003,0,0,0,0,0,2
3.0,1.0,92.0,0.0,3.0,4.1,3.0,3.0,3+,1459.0,0,0,0,0,0,1
3.0,3.0,69.0,0.0,1.0,0.95,2.0,2.0,3+,845.0,0,0,0,0,0,2
3.0,2.0,82.0,0.0,2.0,1.4,4.0,3.0,3,1300.0,0,0,0,0,0,0
3.0,0.0,141.0,0.0,2.0,6.5,4.0,4.0,3+,3469.6000000000004,1,0,0,0,0,2
3.0,3.0,146.0,0.0,1.0,1.2,3.0,3.0,2,180.0,0,0,0,0,0,2
1.0,1.0,64.0,0.0,3.0,1.95,3.0,3.0,3,1400.0,0,0,0,1,0,0
3.0,0.0,114.0,1.0,0.0,0.7,3.0,3.0,0,1054.48,0,0,0,0,0,2
1.0,3.0,141.0,0.0,3.0,7.15,4.0,5.0,3+,3469.6000000000004,1,1,1,0,0,0
3.0,3.0,85.0,1.0,0.0,9.5,8.0,8.0,3,450.0,1,0,0,0,0,0
3.0,0.0,132.0,0.0,2.0,1.5,3.0,3.0,3+,1550.0,0,0,0,1,0,0
2.0,3.0,170.0,0.0,3.0,1.58,3.0,3.0,1,1450.0,0,0,0,1,0,0
3.0,1.0,179.0,0.0,0.0,0.22,1.0,1.0,1,272.0,0,0,0,0,0,2
2.0,3.0,66.0,0.0,3.0,1.2,3.0,2.0,3+,1446.0,1,0,0,1,0,0
0.0,1.0,190.0,0.0,0.0,0.4,2.0,2.0,1,524.0,0,0,0,0,1,0
3.0,3.0,110.0,0.0,3.0,0.33,2.0,2.0,1,800.0,0,0,0,0,0,0
3.0,0.0,88.0,0.0,0.0,1.0,2.0,3.0,0,1000.0,0,0,0,0,0,2
1.0,3.0,69.0,0.0,1.0,1.15,3.0,4.0,3,1173.0,1,1,0,0,0,2
1.0,3.0,111.0,0.0,3.0,0.8,2.0,2.0,3,900.0,0,0,0,0,1,2
1.0,1.0,164.0,0.0,3.0,2.25,3.0,3.0,3+,1705.6,0,1,0,0,0,1
2.0,3.0,156.0,0.0,2.0,1.78,2.0,2.0,3+,1424.0,0,0,0,0,0,2
1.0,3.0,76.0,0.0,2.0,2.58,3.0,4.0,2,1760.0,0,1,0,0,0,2
3.0,0.0,96.0,1.0,2.0,5.5,4.0,4.0,3,1797.0,1,1,0,1,0,2
1.0,3.0,166.0,1.0,1.0,3.85,5.0,6.0,3+,5143.28,0,0,0,0,0,2
3.0,3.0,96.0,1.0,0.0,7.0,5.0,5.0,2,1787.0,0,1,0,0,0,2
3.0,1.0,190.0,0.0,0.0,0.85,3.0,2.0,2,670.0,0,0,0,0,0,2
3.0,3.0,167.0,0.0,3.0,1.12,3.0,3.0,2,1126.0,1,1,1,1,0,0
1.0,0.0,146.0,0.0,3.0,2.7,4.0,4.0,3+,1880.0,0,1,0,1,0,0
3.0,1.0,190.0,0.0,0.0,0.83,3.0,2.0,2,1120.0,0,0,0,0,0,2
2.0,3.0,72.0,0.0,3.0,2.2,3.0,4.0,3,1676.0,0,1,0,0,0,2
3.0,0.0,95.0,1.0,2.0,6.5,4.0,4.0,3+,1797.0,1,1,1,1,0,2
3.0,3.0,71.0,0.0,2.0,0.95,3.0,3.0,3,1457.6,0,0,0,0,1,2
1.0,4.0,105.0,0.0,2.0,1.5,3.0,3.0,3,1240.0,1,0,0,0,0,2
3.0,0.0,135.0,1.0,2.0,4.75,3.0,3.0,3,1650.0,0,0,1,0,0,0
1.0,0.0,167.0,0.0,0.0,0.8,2.0,2.0,2,1056.0,0,0,1,0,0,2
2.0,3.0,64.0,0.0,0.0,0.95,2.0,2.0,2,858.0,0,0,0,0,0,2
1.0,3.0,160.0,0.0,3.0,1.3,2.0,2.0,2,1176.0,1,0,0,0,0,0
3.0,2.0,87.0,1.0,1.0,6.95,4.0,4.0,3+,4497.68,1,1,1,1,0,2
2.0,3.0,69.0,0.0,1.0,1.17,3.0,4.0,3+,1130.0,0,1,0,0,0,2
1.0,3.0,72.0,0.0,3.0,1.68,3.0,3.0,3,1396.0,0,0,0,0,0,2
1.0,3.0,169.0,0.0,1.0,2.09,4.0,4.0,3,2400.0,1,1,0,1,0,2
3.0,3.0,190.0,0.0,3.0,0.53,2.0,2.0,2,845.0,0,0,0,1,0,2
3.0,3.0,101.0,1.0,0.0,1.1,5.0,4.0,2,900.0,0,0,0,0,0,2
1.0,1.0,160.0,0.0,2.0,1.47,2.0,2.0,3,84.01,1,0,0,0,0,2
0.0,3.0,151.0,0.0,1.0,1.75,3.0,5.0,0,1950.078,0,0,0,0,0,2
2.0,3.0,178.0,0.0,0.0,1.25,4.0,4.0,3,1700.0,0,0,0,0,0,2
1.0,0.0,120.0,0.0,2.0,2.0,3.0,3.0,2,1125.6,0,0,0,0,0,2
1.0,2.0,120.0,0.0,0.0,2.5,3.0,2.0,3,1480.0,1,0,0,0,0,2
3.0,3.0,110.0,0.0,3.0,1.4,3.0,3.0,3+,1790.0,0,1,0,0,0,2
1.0,1.0,78.0,0.0,3.0,1.38,2.0,2.0,3,1150.0,1,0,0,0,0,2
3.0,0.0,93.0,1.0,2.0,5.5,8.0,8.0,2,2519.0,1,1,0,1,0,0
3.0,0.0,57.0,1.0,2.0,2.95,3.0,3.0,3,1850.0,0,0,1,0,0,0
2.0,3.0,111.0,0.0,2.0,1.55,3.0,3.0,3+,1448.8000000000002,0,0,0,0,0,2
1.0,1.0,169.0,0.0,0.0,1.65,3.0,4.0,3,1926.4,0,0,0,1,0,2
3.0,3.0,65.0,0.0,0.0,1.57,3.0,3.0,3,1350.0,0,0,0,0,0,2
3.0,3.0,164.0,0.0,0.0,0.89,2.0,2.0,2,1075.0,0,0,0,0,1,2
1.0,3.0,160.0,0.0,3.0,1.28,3.0,3.0,3,1204.0,0,0,0,0,0,2
3.0,0.0,198.0,1.0,0.0,0.46,6.0,3.0,3,635.0,0,0,0,0,0,2
1.0,4.0,147.0,0.0,0.0,2.0,3.0,3.0,2,1017.0,0,0,0,0,1,2
2.0,3.0,111.0,0.0,3.0,1.8,4.0,3.0,3,1752.8000000000002,1,0,0,0,0,0
2.0,2.0,98.0,0.0,3.0,2.35,3.0,3.0,2,1421.6,0,1,0,0,0,2
3.0,2.0,123.0,1.0,1.0,1.15,3.0,3.0,3,2520.0,0,0,0,0,0,0
3.0,3.0,165.0,0.0,3.0,1.3,4.0,4.0,3+,1568.0,0,1,0,0,0,2
3.0,1.0,96.0,1.0,1.0,20.0,16.0,16.0,3+,4499.0,0,1,0,0,0,0
2.0,0.0,159.0,0.0,2.0,0.69,2.0,2.0,2,1280.0,0,0,0,0,0,2
1.0,0.0,127.0,0.0,1.0,6.0,4.0,3.0,3,3520.0,0,1,0,0,0,2
1.0,1.0,173.0,0.0,2.0,1.6,3.0,3.0,3,1568.0,0,0,0,0,0,2
2.0,1.0,170.0,0.0,1.0,0.87,2.0,2.0,1,1088.0,0,0,0,0,1,0
3.0,2.0,122.0,1.0,1.0,2.2,3.0,3.0,2,904.0,0,0,1,0,0,0
2.0,3.0,166.0,0.0,1.0,2.55,4.0,4.0,3+,1340.0,0,0,0,0,0,1
3.0,2.0,96.0,1.0,2.0,8.9,4.0,4.0,3+,2702.0,1,1,1,1,0,2
3.0,1.0,152.0,1.0,3.0,0.9,2.0,2.0,3+,1187.0,0,1,0,0,1,2
3.0,3.0,153.0,0.0,0.0,1.0,3.0,3.0,3+,1188.0,0,0,0,0,0,0
3.0,3.0,151.0,0.0,1.0,1.13,3.0,3.0,2,1288.0,0,0,0,0,0,2
1.0,3.0,164.0,0.0,3.0,1.1,3.0,2.0,3+,1034.0,0,0,0,0,0,2
3.0,3.0,179.0,0.0,2.0,0.38,3.0,2.0,1,644.111776,0,0,0,1,0,0
1.0,3.0,190.0,0.0,2.0,0.73,2.0,2.0,3,1015.2,0,0,0,1,0,2
3.0,1.0,165.0,1.0,2.0,1.4,3.0,3.0,2,1701.0,0,0,0,1,0,2
3.0,0.0,127.0,1.0,3.0,10.45,5.0,7.0,3+,3240.0,1,1,0,1,1,0
3.0,3.0,160.0,0.0,0.0,1.25,2.0,2.0,3,1383.049,0,0,0,0,0,2
3.0,2.0,87.0,1.0,0.0,8.5,4.0,4.0,2,400.0,1,1,0,1,0,0
3.0,0.0,190.0,1.0,0.0,0.5,2.0,1.0,2,904.0,0,0,0,0,0,2
1.0,3.0,110.0,0.0,2.0,1.05,3.0,3.0,3,1536.0,0,0,0,0,0,0
1.0,3.0,107.0,0.0,2.0,0.65,2.0,2.0,2,580.8000000000001,0,0,0,0,0,2
2.0,0.0,164.0,0.0,2.0,3.45,4.0,4.0,3+,2233.6,0,1,0,0,0,2
2.0,3.0,179.0,0.0,2.0,0.9,3.0,3.0,1,2000.0,0,0,0,0,0,2
3.0,3.0,165.0,1.0,1.0,7.0,4.0,4.0,3+,3240.0,1,1,0,1,0,0
1.0,3.0,171.0,0.0,2.0,0.95,2.0,2.0,2,1307.0,0,0,0,0,0,2
1.0,3.0,64.0,0.0,3.0,1.52,3.0,3.0,3,1022.5705,0,1,0,0,0,0
3.0,2.0,79.0,0.0,0.0,0.35,3.0,3.0,1,800.0,0,0,0,0,0,2
3.0,2.0,103.0,1.0,0.0,4.6,6.0,4.0,3+,1464.0,0,0,0,0,1,2
1.0,3.0,160.0,0.0,3.0,1.34,3.0,3.0,3,1257.6,0,0,0,0,0,2
0.0,3.0,149.0,0.0,1.0,1.7,3.0,3.0,2,1262.4,0,0,0,1,0,2
2.0,1.0,98.0,0.0,2.0,1.91,2.0,2.0,2,1150.0,0,0,0,0,0,1
2.0,3.0,178.0,0.0,2.0,1.45,3.0,4.0,2,1100.0,0,0,0,0,0,0
3.0,1.0,175.0,0.0,1.0,0.45,2.0,2.0,1,626.0,0,0,0,0,0,0
1.0,3.0,110.0,0.0,1.0,0.99,3.0,5.0,3+,1270.0,0,1,0,0,0,2
1.0,3.0,64.0,0.0,3.0,1.5,3.0,3.0,3,1022.5705,0,0,0,1,0,0
1.0,3.0,165.0,0.0,3.0,1.12,3.0,4.0,2,1400.0,0,1,0,1,0,0
2.0,3.0,167.0,0.0,2.0,0.75,2.0,2.0,2,1020.0,0,0,0,0,1,0
2.0,3.0,66.0,0.0,3.0,1.73,3.0,4.0,3+,1832.0,0,1,0,0,0,2
2.0,3.0,164.0,0.0,1.0,2.28,3.0,3.0,3+,1257.0,0,1,0,0,0,1
3.0,1.0,186.0,0.0,0.0,2.02,4.0,3.0,1,2000.0,0,0,0,0,0,2
3.0,1.0,149.0,1.0,3.0,2.95,4.0,3.0,2,1797.0,0,0,0,1,1,1
3.0,1.0,78.0,0.0,1.0,2.51,3.0,3.0,3+,1356.0,1,0,0,0,0,2
3.0,1.0,105.0,0.0,0.0,0.4,2.0,2.0,2,599.0,0,0,0,0,0,2
1.0,2.0,134.0,0.0,2.0,1.54,3.0,3.0,2,1850.0,0,1,0,1,0,0
1.0,3.0,65.0,0.0,2.0,0.8,2.0,2.0,0,1450.063,0,0,0,0,0,2
1.0,3.0,160.0,0.0,2.0,2.0,3.0,4.0,3+,1629.0,0,1,0,0,0,2
1.0,3.0,156.0,0.0,3.0,2.25,3.0,3.0,2,1650.0,0,1,0,0,0,0
3.0,3.0,98.0,0.0,1.0,1.6,2.0,2.0,2,1100.0,0,0,0,0,0,2
3.0,3.0,65.0,1.0,3.0,4.35,4.0,4.0,3+,3218.0,1,1,1,1,0,0
1.0,2.0,170.0,0.0,0.0,0.5,2.0,2.0,2,515.5908099999999,0,0,0,0,0,2
0.0,3.0,177.0,0.0,0.0,0.5,3.0,3.0,1,512.0,0,0,0,0,0,2
2.0,3.0,149.0,0.0,2.0,1.7,4.0,4.0,1,1576.0,0,0,0,0,0,2
3.0,3.0,164.0,0.0,3.0,3.3,4.0,5.0,3+,2700.0,1,1,0,0,0,0
3.0,1.0,78.0,0.0,3.0,2.33,3.0,3.0,3,1859.0,0,1,0,0,0,2
3.0,2.0,73.0,1.0,0.0,1.7,2.0,1.0,2,904.0,0,0,0,0,1,2
3.0,3.0,95.0,1.0,0.0,16.0,6.0,5.0,2,5993.32,0,0,0,0,0,2
1.0,3.0,145.0,0.0,2.0,3.4,3.0,4.0,3,1760.0,0,1,1,0,0,0
2.0,3.0,76.0,0.0,2.0,2.25,3.0,3.0,2,1360.0,0,0,0,0,0,2
3.0,1.0,114.0,1.0,0.0,0.7,3.0,2.0,1,689.0,1,0,0,0,0,2
3.0,3.0,127.0,1.0,3.0,5.88,9.0,9.0,3+,2163.0,1,1,0,1,1,1
3.0,2.0,120.0,0.0,1.0,6.0,4.0,4.0,2,2400.0,0,1,0,0,0,0
3.0,3.0,134.0,0.0,3.0,2.11,3.0,2.0,3,2150.0,0,0,0,0,1,0
3.0,1.0,66.0,1.0,0.0,0.71,4.0,2.0,1,700.0,0,0,0,0,0,2
1.0,3.0,170.0,0.0,3.0,0.67,2.0,2.0,1,1088.0,0,0,0,0,0,2
3.0,1.0,106.0,1.0,0.0,0.75,3.0,1.0,0,1076.0,0,0,0,0,0,2
3.0,3.0,175.0,0.0,3.0,0.9,3.0,4.0,3,1560.0,0,1,0,0,0,2
2.0,3.0,69.0,0.0,3.0,1.15,3.0,3.0,3,1550.0,0,1,0,1,0,0
3.0,3.0,94.0,1.0,2.0,5.25,4.0,4.0,3+,150.0,0,1,0,1,0,0
0.0,0.0,129.0,0.0,0.0,0.3,1.0,1.0,0,72.0,1,0,0,0,0,2
3.0,0.0,68.0,1.0,0.0,0.7,3.0,2.0,2,1194.36,0,0,0,0,0,2
2.0,1.0,64.0,0.0,1.0,2.5,3.0,4.0,3+,1719.2,1,1,0,0,0,0
3.0,3.0,167.0,0.0,3.0,1.4,3.0,3.0,3,1095.334464,1,1,1,1,0,0
3.0,2.0,79.0,0.0,0.0,1.15,3.0,4.0,2,1750.0,1,1,0,0,1,0
2.0,0.0,120.0,0.0,3.0,3.25,4.0,4.0,3+,3000.0,0,0,0,1,0,0
2.0,0.0,152.0,0.0,1.0,1.3,2.0,2.0,3,1420.0,0,0,0,0,0,0
3.0,1.0,106.0,0.0,0.0,0.82,3.0,2.0,2,650.0,0,0,0,0,0,2
1.0,0.0,159.0,0.0,0.0,0.7,2.0,2.0,2,1223.99,0,0,0,0,0,2
3.0,2.0,79.0,1.0,0.0,2.0,5.0,5.0,2,1345.0,0,0,0,0,0,2
3.0,0.0,177.0,0.0,3.0,0.75,3.0,4.0,3,1600.0,1,0,0,0,0,2
2.0,0.0,124.0,0.0,2.0,5.0,3.0,4.0,3,4300.0,0,0,0,0,0,2
3.0,3.0,175.0,0.0,0.0,1.75,4.0,4.0,3+,1772.0,0,0,0,0,1,2
3.0,4.0,164.0,1.0,2.0,0.75,3.0,2.0,3,1098.0,1,0,0,0,0,2
3.0,2.0,96.0,1.0,2.0,3.25,3.0,3.0,3,8811.0,1,0,0,0,0,2
2.0,1.0,145.0,0.0,2.0,4.5,5.0,5.0,3+,2936.0,0,1,0,0,0,2
3.0,1.0,173.0,0.0,1.0,1.3,3.0,3.0,2,1423.0,1,0,0,0,0,2
1.0,3.0,149.0,0.0,3.0,1.55,3.0,3.0,2,1262.4,0,0,0,1,0,0
3.0,3.0,168.0,0.0,3.0,1.2,2.0,2.0,3,1288.0,1,0,0,0,0,0
3.0,2.0,98.0,0.0,0.0,0.9,4.0,2.0,3+,1244.0,0,0,0,0,0,2
2.0,2.0,98.0,0.0,2.0,2.25,3.0,3.0,2,1550.0,0,1,0,0,0,2
2.0,3.0,190.0,0.0,0.0,1.1,2.0,2.0,3+,1165.6,1,0,0,0,1,0
3.0,0.0,99.0,1.0,1.0,0.9,3.0,4.0,3,903.84,0,0,0,0,1,0
3.0,1.0,88.0,0.0,3.0,1.53,3.0,3.0,3,1430.0,0,0,0,0,0,0
3.0,1.0,105.0,0.0,2.0,2.5,3.0,3.0,2,1884.0,0,0,0,0,0,2
3.0,2.0,85.0,1.0,0.0,0.32,5.0,1.0,0,559.52,0,0,0,0,0,2
3.0,3.0,143.0,0.0,0.0,1.65,2.0,2.0,2,864.8000000000001,0,0,0,0,0,2
1.0,3.0,145.0,0.0,1.0,2.99,3.0,3.0,3,1500.0,0,1,0,0,0,0
1.0,0.0,123.0,0.0,1.0,2.15,3.0,4.0,3+,1750.0,0,1,0,0,0,2
3.0,3.0,160.0,0.0,2.0,1.1,3.0,3.0,3,1950.0,0,0,0,0,0,0
3.0,1.0,77.0,1.0,3.0,7.99,4.0,6.0,3,6380.68,0,1,1,1,0,0
3.0,0.0,96.0,1.0,3.0,18.0,5.0,4.0,3+,4520.0,1,1,1,1,0,0
3.0,1.0,35.0,0.0,0.0,0.6,3.0,2.0,1,900.0,0,0,0,0,0,2
3.0,3.0,78.0,0.0,1.0,1.32,2.0,2.0,2,1099.0,0,0,0,0,0,2
2.0,1.0,170.0,0.0,1.0,1.25,3.0,2.0,1,1352.0,0,0,0,0,0,2
3.0,2.0,135.0,1.0,1.0,8.31,5.0,6.0,3+,3433.0,1,1,1,1,0,2
1.0,0.0,120.0,0.0,0.0,6.5,4.0,4.0,3+,2397.6,0,1,0,0,0,2
2.0,3.0,148.0,0.0,3.0,1.8,3.0,3.0,3+,1530.0,0,0,0,0,0,0
1.0,1.0,144.0,0.0,3.0,4.6,3.0,3.0,3,1717.0,1,1,1,1,0,2
3.0,1.0,114.0,1.0,2.0,0.47,2.0,2.0,1,48.0,1,0,0,0,0,0
3.0,0.0,112.0,1.0,1.0,3.9,6.0,6.0,3+,1840.0,1,1,0,1,0,2
1.0,3.0,153.0,0.0,0.0,0.65,2.0,2.0,1,639.0,0,0,0,0,0,0
2.0,3.0,152.0,0.0,0.0,1.4,2.0,2.0,2,800.0,0,0,0,0,0,2
1.0,1.0,179.0,0.0,0.0,0.56,2.0,2.0,2,1200.0,0,0,0,0,0,2
1.0,3.0,64.0,0.0,3.0,1.35,3.0,3.0,3,1022.5705,0,1,0,0,0,2
3.0,1.0,126.0,1.0,0.0,1.65,9.0,9.0,0,1936.8,0,0,0,0,0,2
1.0,3.0,160.0,0.0,3.0,1.72,3.0,4.0,3+,1300.0,0,1,0,0,0,0
3.0,3.0,190.0,0.0,3.0,0.67,2.0,2.0,3,968.0,0,0,0,1,0,2
1.0,0.0,151.0,0.0,3.0,2.0,4.0,5.0,3+,1950.0,0,1,0,0,0,0
1.0,2.0,29.0,0.0,3.0,1.5,4.0,4.0,3+,1812.0,1,1,0,0,1,2
1.0,1.0,105.0,0.0,1.0,1.55,3.0,2.0,3+,1557.0,0,0,0,0,0,2
1.0,1.0,106.0,0.0,1.0,0.24,1.0,1.0,1,412.0,0,0,0,0,0,2
1.0,3.0,164.0,0.0,1.0,0.45,2.0,2.0,2,598.0,0,0,1,0,0,0
3.0,0.0,114.0,1.0,0.0,1.25,2.0,3.0,0,1452.6,0,0,0,0,0,2
1.0,1.0,173.0,0.0,2.0,0.25,1.0,1.0,1,500.0,0,0,0,0,0,2
2.0,3.0,66.0,0.0,2.0,4.45,4.0,5.0,3+,6500.0,0,0,0,0,0,2
3.0,1.0,152.0,0.0,3.0,1.15,2.0,2.0,3,1000.0,0,0,0,1,0,2
2.0,3.0,148.0,0.0,3.0,1.78,3.0,3.0,3+,1530.0,0,0,0,0,0,0
3.0,1.0,96.0,1.0,2.0,8.25,12.0,12.0,3+,1797.0,0,1,0,0,0,0
3.0,3.0,111.0,0.0,2.0,1.07,3.0,3.0,2,1305.0,0,0,0,0,0,2
2.0,3.0,167.0,0.0,3.0,3.15,5.0,7.0,3+,2444.912246,0,1,0,0,0,0
3.0,4.0,173.0,0.0,1.0,0.86,2.0,3.0,3,882.4000000000001,0,0,0,0,0,2
3.0,0.0,68.0,1.0,0.0,0.5,2.0,2.0,0,871.56,0,0,0,0,0,2
2.0,3.0,169.0,0.0,3.0,1.18,2.0,3.0,3,1169.0,0,0,0,1,0,0
3.0,3.0,46.0,0.0,0.0,1.6,2.0,2.0,2,66.0,0,0,0,0,0,2
3.0,3.0,158.0,0.0,2.0,0.99,2.0,2.0,2,1000.0,0,0,0,0,0,2
1.0,3.0,167.0,0.0,2.0,0.98,2.0,2.0,3,1200.0,0,0,0,0,0,0
2.0,1.0,105.0,0.0,1.0,1.1,2.0,2.0,2,1380.0,0,0,0,0,0,2
2.0,3.0,156.0,0.0,3.0,1.48,2.0,2.0,3,1200.0,0,0,1,0,0,2
2.0,3.0,72.0,0.0,3.0,1.65,3.0,3.0,3,1550.0,0,0,1,0,0,0
3.0,3.0,95.0,1.0,0.0,13.0,6.0,8.0,3+,2841.0,1,1,1,1,0,1
3.0,3.0,149.0,0.0,2.0,1.4,3.0,3.0,2,1262.4,0,0,0,0,0,2
3.0,3.0,139.0,0.0,2.0,2.5,2.0,3.0,2,1240.0,1,0,0,0,0,2
3.0,3.0,152.0,1.0,3.0,5.35,4.0,4.0,3+,5993.32,1,1,1,1,0,0
3.0,3.0,190.0,1.0,0.0,1.35,5.0,5.0,3+,1345.0,0,0,0,0,0,2
3.0,0.0,124.0,1.0,1.0,4.75,7.0,7.0,3,2336.0,1,0,0,0,0,0
1.0,0.0,63.0,0.0,0.0,0.75,3.0,2.0,2,1328.0,0,0,0,0,0,2
1.0,3.0,168.0,0.0,2.0,0.35,2.0,2.0,1,481.0,0,0,1,0,0,2
2.0,1.0,158.0,0.0,2.0,0.86,2.0,2.0,2,1073.6,0,0,0,0,0,0
3.0,1.0,173.0,0.0,0.0,0.97,2.0,2.0,2,1234.0,1,0,0,0,0,2
2.0,3.0,64.0,0.0,2.0,2.4,4.0,4.0,3+,1729.6,0,0,0,0,0,2
2.0,3.0,125.0,0.0,1.0,2.23,3.0,3.0,3,1626.4,0,0,0,0,1,2
1.0,1.0,153.0,0.0,2.0,0.9,1.0,1.0,0,683.008,0,0,0,0,0,2
3.0,3.0,133.0,1.0,1.0,7.49,12.0,12.0,3+,2702.0,1,1,0,1,0,0
1.0,3.0,69.0,0.0,2.0,2.1,4.0,6.0,3+,1884.0,0,1,0,0,1,2
3.0,0.0,114.0,1.0,0.0,0.65,2.0,1.0,1,495.0,0,0,0,0,0,2
3.0,3.0,149.0,0.0,2.0,1.43,3.0,3.0,2,1262.4,0,0,0,1,0,2
3.0,3.0,169.0,0.0,1.0,1.85,3.0,4.0,3,1926.4,1,1,0,0,0,0
1.0,3.0,111.0,0.0,2.0,1.45,3.0,3.0,3,1448.8000000000002,0,0,0,0,0,2
2.0,0.0,153.0,0.0,2.0,1.32,4.0,4.0,3,1754.4,0,1,0,0,0,2
3.0,2.0,3.0,1.0,0.0,1.72,6.0,3.0,1,171.0,0,0,0,0,1,2
3.0,1.0,120.0,1.0,2.0,1.95,3.0,4.0,3+,1937.0,0,1,0,0,0,0
1.0,3.0,170.0,0.0,3.0,1.65,3.0,4.0,3,1516.0,0,1,0,0,0,2
3.0,2.0,95.0,1.0,1.0,9.0,5.0,5.0,3,2702.0,1,1,1,1,0,2
1.0,1.0,175.0,0.0,2.0,0.7,2.0,2.0,3,1081.6,1,0,0,0,0,2
2.0,1.0,152.0,0.0,1.0,1.25,2.0,2.0,2,1262.0,0,0,0,0,0,2
2.0,3.0,168.0,0.0,2.0,0.49,2.0,2.0,2,900.0,0,0,0,0,0,2
3.0,0.0,88.0,1.0,0.0,5.0,6.0,4.0,0,4002.72,0,0,0,0,0,2
1.0,3.0,64.0,0.0,2.0,1.95,3.0,3.0,3,1481.6,0,0,0,0,0,2
3.0,0.0,125.0,0.0,0.0,0.94,1.0,2.0,2,671.0,0,0,0,0,0,2
1.0,3.0,70.0,0.0,1.0,0.4,2.0,2.0,1,602.0,0,0,0,0,0,0
1.0,1.0,151.0,0.0,1.0,1.9,3.0,3.0,3,1560.0,0,1,1,1,1,2
3.0,3.0,169.0,0.0,2.0,2.2,4.0,5.0,3+,2249.6,0,0,0,0,0,2
3.0,0.0,88.0,1.0,0.0,5.2,4.0,5.0,2,4000.0,0,0,0,0,0,2
1.0,0.0,124.0,0.0,2.0,9.3,4.0,4.0,3+,3731.0,1,1,1,1,0,0
3.0,0.0,127.0,1.0,2.0,7.1,5.0,4.0,3,238.0,1,0,1,1,0,0
3.0,3.0,144.0,0.0,1.0,2.25,3.0,3.0,3,1350.0,1,1,0,0,0,0
1.0,0.0,63.0,0.0,0.0,0.85,3.0,3.0,3+,1720.0,0,1,0,0,0,2
2.0,3.0,110.0,0.0,2.0,0.66,2.0,2.0,3+,1310.044,0,0,0,0,0,2
1.0,3.0,70.0,0.0,3.0,0.8,2.0,2.0,3+,1092.8,0,0,0,0,0,0
3.0,0.0,124.0,1.0,1.0,22.0,5.0,6.0,3,8998.0,0,1,0,0,0,2
3.0,2.0,114.0,1.0,1.0,3.3,3.0,3.0,2,2249.0,0,0,0,0,0,2
2.0,3.0,132.0,0.0,3.0,5.75,3.0,4.0,3,1700.0,0,1,0,0,0,1
2.0,3.0,169.0,0.0,1.0,1.14,2.0,2.0,3,1417.6,0,0,0,0,0,2
1.0,3.0,177.0,0.0,3.0,1.42,3.0,3.0,2,1536.0,0,0,0,0,0,2
1.0,0.0,159.0,0.0,3.0,0.62,2.0,2.0,1,947.0,0,0,1,0,0,2
0.0,0.0,130.0,0.0,1.0,0.29,1.0,1.0,0,250.0,0,0,0,0,0,0
2.0,3.0,177.0,0.0,2.0,1.12,4.0,4.0,2,2090.0,0,1,0,0,0,2
1.0,3.0,131.0,0.0,1.0,8.25,3.0,4.0,3,2352.0,0,1,0,0,0,1
1.0,3.0,160.0,0.0,1.0,0.9,2.0,2.0,3,1400.0,1,0,0,0,0,2
3.0,0.0,88.0,1.0,0.0,4.0,4.0,4.0,3+,2400.0,0,1,0,0,0,2
2.0,3.0,66.0,0.0,0.0,1.3,3.0,2.0,3+,1152.0,1,0,1,1,0,0
3.0,0.0,127.0,1.0,2.0,12.0,3.0,4.0,2,3240.0,1,1,0,0,0,0
1.0,3.0,158.0,0.0,3.0,1.09,3.0,4.0,3+,1620.0,0,1,0,0,1,0
2.0,3.0,175.0,0.0,2.0,1.21,3.0,3.0,3+,1397.6,0,0,0,0,1,2
3.0,3.0,110.0,0.0,1.0,1.27,3.0,3.0,3,1410.0,1,0,0,0,1,2
3.0,1.0,65.0,0.0,2.0,1.25,3.0,3.0,3+,1056.0,0,0,0,1,0,2
3.0,0.0,66.0,1.0,2.0,1.95,3.0,5.0,3+,915.0,0,0,0,0,0,2
1.0,2.0,175.0,0.0,2.0,0.64,2.0,2.0,3,1100.0,1,0,0,0,0,2
1.0,3.0,72.0,0.0,3.0,2.2,3.0,4.0,3,1676.0,0,1,0,0,0,2
3.0,0.0,122.0,1.0,2.0,4.5,6.0,6.0,3+,205.0,0,0,1,0,0,0
3.0,0.0,21.0,1.0,0.0,0.35,1.0,4.0,1,1001.0,0,0,0,0,0,2
3.0,0.0,124.0,1.0,3.0,7.25,3.0,4.0,2,2594.0,1,1,1,1,0,0
1.0,3.0,169.0,0.0,1.0,1.87,3.0,4.0,3,2175.0,0,0,0,0,0,2
3.0,3.0,122.0,1.0,1.0,6.5,12.0,12.0,3+,2368.0,1,0,0,1,0,0
3.0,1.0,106.0,0.0,1.0,0.85,3.0,2.0,3,750.0,0,0,0,0,0,2
2.0,3.0,137.0,0.0,3.0,5.0,4.0,4.0,3+,3829.0,1,1,1,1,0,0
3.0,3.0,168.0,0.0,1.0,0.35,2.0,2.0,2,483.0,0,0,0,0,0,2
3.0,0.0,127.0,1.0,0.0,9.8,4.0,4.0,3,280.0,0,1,0,0,0,2
3.0,1.0,190.0,0.0,2.0,0.54,2.0,1.0,3,745.0,0,0,0,0,0,2
1.0,3.0,151.0,0.0,1.0,1.65,3.0,4.0,3,1161.0,0,1,0,0,1,0
3.0,0.0,125.0,1.0,1.0,6.75,12.0,12.0,3+,2110.0,0,0,0,0,1,2
1.0,3.0,72.0,0.0,0.0,1.7,1.0,1.0,2,628.0,0,0,0,0,0,2
3.0,3.0,107.0,0.0,2.0,0.37,1.0,1.0,1,281.6,0,0,0,0,0,0
2.0,3.0,171.0,0.0,3.0,1.15,2.0,2.0,3,1168.0,1,0,0,1,0,2
2.0,3.0,179.0,0.0,1.0,0.29,2.0,2.0,2,448.0,0,0,0,0,0,2
3.0,1.0,142.0,0.0,2.0,3.4,3.0,3.0,3+,2720.0,0,0,0,0,0,2
3.0,3.0,72.0,1.0,3.0,9.4,5.0,6.0,3+,3595.0,1,1,1,1,0,0
1.0,1.0,66.0,0.0,2.0,1.3,3.0,3.0,3,1317.6,0,0,0,0,1,2
2.0,2.0,88.0,0.0,1.0,0.75,2.0,2.0,2,916.0,0,0,0,0,0,0
0.0,2.0,175.0,0.0,1.0,1.25,3.0,4.0,3+,1447.0,0,1,0,0,0,1
3.0,0.0,88.0,1.0,0.0,0.7,1.0,1.0,0,903.84,0,0,0,0,0,2
3.0,2.0,120.0,1.0,0.0,5.5,1.0,1.0,0,1937.0,0,0,0,0,1,2
3.0,0.0,114.0,1.0,0.0,0.47,2.0,1.0,1,624.0,0,0,1,0,0,2
2.0,3.0,160.0,0.0,2.0,1.25,3.0,3.0,3,863.910614,1,0,0,0,0,0
3.0,3.0,77.0,1.0,2.0,7.46,4.0,4.0,3+,6348.4,0,1,0,1,0,0
1.0,3.0,64.0,0.0,2.0,1.98,3.0,3.0,3+,2000.0,0,1,0,0,0,0
3.0,3.0,160.0,0.0,3.0,1.3,3.0,3.0,3+,863.910614,0,0,0,0,0,0
1.0,3.0,72.0,0.0,2.0,1.6,3.0,3.0,3,2036.0,0,1,0,0,0,2
3.0,0.0,167.0,0.0,0.0,0.95,3.0,3.0,3,1340.0,0,0,0,0,0,2
2.0,0.0,166.0,0.0,1.0,1.87,3.0,3.0,3,1538.0,0,0,0,1,0,2
3.0,0.0,118.0,1.0,1.0,4.25,10.0,9.0,3+,1625.0,1,1,0,0,0,0
2.0,1.0,148.0,0.0,0.0,0.8,2.0,2.0,3+,1180.115,0,0,0,0,0,0
3.0,4.0,88.0,0.0,3.0,1.38,2.0,2.0,2,1130.036,0,0,0,0,0,0
1.0,4.0,170.0,0.0,0.0,1.05,3.0,3.0,3,1516.0,0,1,0,0,0,2
2.0,3.0,146.0,0.0,2.0,3.49,3.0,3.0,3,2452.0,0,1,0,0,0,2
3.0,3.0,190.0,0.0,3.0,0.72,2.0,2.0,3,968.0,0,0,0,1,0,2
2.0,2.0,95.0,0.0,0.0,3.7,4.0,4.0,3,2100.0,0,1,0,0,0,0
3.0,3.0,144.0,0.0,0.0,2.55,3.0,3.0,3,1300.0,1,1,0,0,0,2
3.0,1.0,65.0,0.0,3.0,0.8,2.0,2.0,3,705.0,0,0,0,1,0,2
3.0,0.0,127.0,1.0,1.0,10.55,5.0,5.0,3,3240.0,1,1,0,0,0,2
3.0,3.0,149.0,0.0,2.0,1.43,3.0,3.0,2,1286.4,0,0,0,1,0,2
1.0,1.0,170.0,0.0,2.0,0.43,2.0,2.0,1,501.0,1,0,0,0,0,2
1.0,1.0,157.0,0.0,0.0,3.5,3.0,4.0,3,1762.0,0,0,0,0,0,2
3.0,3.0,71.0,1.0,2.0,10.5,5.0,4.0,3+,7327.56,0,0,0,0,0,2
3.0,3.0,169.0,0.0,2.0,1.2,2.0,2.0,2,970.0,0,1,1,0,0,2
1.0,3.0,66.0,0.0,1.0,2.55,4.0,4.0,3+,2150.0,0,1,0,0,0,2
3.0,3.0,88.0,1.0,0.0,0.4,2.0,2.0,1,525.0,0,0,0,0,0,2
1.0,3.0,92.0,0.0,3.0,2.4,2.0,2.0,2,900.0,0,0,0,0,1,1
3.0,3.0,75.0,0.0,2.0,3.4,4.0,5.0,3,2720.0,0,1,1,0,0,2
3.0,1.0,171.0,0.0,0.0,0.45,2.0,2.0,1,625.0,0,0,0,0,0,2
3.0,2.0,79.0,1.0,0.0,1.7,3.0,3.0,0,180.0,0,0,0,0,0,2
1.0,3.0,169.0,0.0,3.0,1.18,2.0,2.0,3,1100.0,1,0,0,0,0,0
1.0,0.0,154.0,0.0,1.0,1.9,3.0,3.0,3,1580.0,0,1,0,0,0,0
3.0,0.0,82.0,0.0,1.0,1.6,3.0,3.0,3+,1450.0,0,0,0,1,0,2
3.0,2.0,88.0,1.0,2.0,9.0,5.0,5.0,2,4682.0,1,1,1,1,0,1
3.0,3.0,144.0,0.0,1.0,2.24,3.0,3.0,3,1650.0,1,1,0,0,0,2
2.0,0.0,175.0,0.0,2.0,1.25,3.0,3.0,3,1200.0,0,1,0,0,0,2
1.0,1.0,175.0,0.0,2.0,0.7,2.0,2.0,3,1081.6,1,0,0,0,0,2
2.0,0.0,72.0,0.0,1.0,1.7,3.0,3.0,3,1250.0,0,0,0,0,0,2
2.0,1.0,64.0,0.0,3.0,1.9,3.0,3.0,3+,1450.0,0,0,0,1,0,2
3.0,2.0,99.0,1.0,0.0,0.5,2.0,1.0,2,904.0,0,0,1,0,0,2
2.0,3.0,77.0,0.0,1.0,6.5,4.0,5.0,3,6240.399,0,0,0,0,0,2
3.0,2.0,94.0,0.0,3.0,4.25,3.0,4.0,3+,3200.0,0,1,0,1,0,0
2.0,3.0,25.0,0.0,0.0,0.45,3.0,3.0,2,800.0,0,0,0,0,0,2
1.0,2.0,89.0,0.0,0.0,0.8,2.0,2.0,2,1130.0,0,0,0,0,0,2
2.0,1.0,142.0,0.0,2.0,7.52,4.0,4.0,3,2200.0,0,0,0,0,0,2
1.0,3.0,179.0,0.0,2.0,0.56,2.0,2.0,2,1091.2,0,0,0,0,0,0
1.0,1.0,168.0,0.0,0.0,0.79,3.0,3.0,3+,1380.0,0,0,0,0,0,2
2.0,3.0,72.0,0.0,2.0,1.7,3.0,3.0,3,1320.0,0,0,0,0,0,2
3.0,1.0,72.0,1.0,2.0,5.5,4.0,4.0,3+,2432.0,0,1,0,0,0,2
3.0,3.0,98.0,1.0,0.0,1.45,3.0,2.0,1,900.0,0,0,0,0,0,2
1.0,3.0,64.0,0.0,3.0,0.48,2.0,2.0,1,532.0,0,0,1,0,0,2
2.0,0.0,127.0,0.0,3.0,1.82,3.0,3.0,3+,1500.0,0,0,0,0,1,0
3.0,1.0,172.0,0.0,0.0,0.92,2.0,2.0,3,1120.0,0,0,0,0,0,2
3.0,2.0,150.0,1.0,0.0,2.8,10.0,7.0,3,2249.0,1,1,0,1,1,0
3.0,2.0,150.0,1.0,1.0,8.0,4.0,5.0,3+,3595.0,1,1,0,1,0,2
3.0,0.0,135.0,0.0,2.0,1.5,3.0,2.0,3+,246.0,0,0,0,0,0,2
3.0,2.0,102.0,0.0,0.0,1.3,3.0,3.0,2,1300.0,0,0,0,0,0,2
0.0,0.0,125.0,0.0,0.0,0.8,1.0,1.0,1,720.007,0,0,0,0,0,2
3.0,4.0,140.0,0.0,0.0,2.17,3.0,3.0,3,1549.0,0,0,0,0,0,2
1.0,3.0,190.0,0.0,1.0,0.29,2.0,2.0,2,480.500496,0,0,0,0,0,2
4.0,3.0,66.0,0.0,3.0,2.63,4.0,4.0,3+,2750.0,0,1,0,0,0,0
3.0,1.0,120.0,1.0,2.0,7.5,12.0,12.0,3+,1937.0,1,1,1,1,0,0
1.0,3.0,171.0,0.0,2.0,1.0,2.0,2.0,3,1450.0,1,0,0,0,0,2
1.0,1.0,152.0,0.0,3.0,1.66,3.0,3.0,3+,1500.0,0,1,0,0,0,2
2.0,3.0,71.0,0.0,3.0,1.7,3.0,4.0,3+,1140.9734,0,1,0,0,0,2
3.0,0.0,88.0,1.0,0.0,5.0,6.0,6.0,2,3250.0,0,0,0,0,0,2
3.0,3.0,111.0,1.0,0.0,1.16,1.0,1.0,0,1538.68,0,0,0,0,0,2
2.0,3.0,160.0,0.0,3.0,1.2,3.0,3.0,3,867.2474229999999,1,0,0,1,0,0
3.0,0.0,95.0,1.0,3.0,6.6,6.0,7.0,3+,1797.0,1,1,0,0,0,0
3.0,2.0,126.0,1.0,0.0,3.12,4.0,2.0,1,1647.0,0,0,0,0,0,2
3.0,0.0,96.0,1.0,1.0,5.5,4.0,4.0,3+,1797.0,0,0,1,1,0,2
1.0,3.0,149.0,0.0,3.0,1.5,3.0,3.0,2,1400.0,0,0,0,1,0,0
1.0,3.0,169.0,0.0,0.0,0.93,3.0,3.0,3,1250.0,0,0,0,0,0,2
2.0,1.0,171.0,0.0,2.0,1.65,3.0,3.0,3,1460.0,0,0,0,0,0,2
1.0,3.0,169.0,0.0,1.0,1.17,2.0,3.0,3,1350.0,0,0,0,0,1,2
3.0,1.0,145.0,1.0,2.0,12.0,5.0,5.0,3+,3240.0,0,1,1,1,0,0
3.0,2.0,79.0,1.0,0.0,0.65,6.0,2.0,3,1000.0,0,0,0,0,0,2
1.0,3.0,94.0,1.0,0.0,3.2,14.0,14.0,3+,4860.0,0,0,0,0,0,1
2.0,0.0,132.0,0.0,3.0,6.75,4.0,6.0,3+,2240.0,0,1,0,0,0,0
2.0,0.0,166.0,0.0,1.0,2.7,4.0,4.0,3+,1306.0,0,1,0,0,0,2
3.0,2.0,86.0,1.0,0.0,1.52,2.0,2.0,1,763.96,0,0,0,0,0,2
2.0,3.0,190.0,0.0,1.0,1.1,3.0,2.0,3,1165.6,0,0,0,0,0,2
3.0,0.0,138.0,1.0,0.0,0.5,3.0,3.0,2,603.0,0,0,0,1,0,2
1.0,4.0,160.0,0.0,0.0,0.71,2.0,2.0,0,1285.766,0,0,0,0,0,2
3.0,3.0,190.0,0.0,3.0,0.91,3.0,3.0,3,1439.0,0,0,0,1,0,2
2.0,4.0,180.0,0.0,1.0,0.92,2.0,2.0,3+,1092.0,0,0,0,0,0,2
1.0,3.0,189.0,0.0,0.0,1.0,1.0,1.0,1,689.0,0,0,0,0,0,2
3.0,1.0,96.0,1.0,3.0,17.3,6.0,7.0,3+,4520.0,1,1,1,1,0,0
2.0,3.0,152.0,0.0,2.0,2.4,3.0,3.0,3,1720.0,0,1,0,0,0,2
3.0,3.0,134.0,1.0,0.0,11.95,12.0,12.0,3+,2745.0,0,1,0,0,0,0
1.0,3.0,170.0,0.0,2.0,2.2,3.0,3.0,1,1544.0,0,0,0,1,0,1
3.0,2.0,190.0,1.0,0.0,1.2,4.0,4.0,3+,538.0,0,0,0,0,0,2
1.0,3.0,149.0,0.0,3.0,1.7,4.0,4.0,2,1610.0,1,1,1,1,0,2
3.0,0.0,124.0,1.0,1.0,5.75,4.0,4.0,2,250.0,0,1,0,0,0,2
3.0,0.0,118.0,1.0,2.0,9.25,9.0,9.0,3+,4500.0,1,1,1,1,0,0
2.0,3.0,165.0,0.0,2.0,1.0,2.0,2.0,2,1148.0,1,0,0,0,0,0
3.0,2.0,99.0,1.0,0.0,0.9,3.0,3.0,0,968.4,0,0,0,0,0,2
2.0,3.0,149.0,0.0,2.0,1.38,3.0,3.0,1,1230.4,0,0,0,1,0,2
1.0,3.0,181.0,0.0,1.0,0.32,2.0,2.0,1,448.0,0,0,0,0,0,2
3.0,1.0,173.0,0.0,2.0,1.0,2.0,2.0,3,1110.0,1,0,0,0,1,2
2.0,3.0,168.0,0.0,2.0,2.2,4.0,4.0,3+,2747.2000000000003,0,1,0,0,0,2
3.0,3.0,149.0,0.0,3.0,1.7,4.0,4.0,2,1608.0,0,0,0,0,0,2
2.0,0.0,124.0,0.0,0.0,3.45,3.0,3.0,3,1869.007,0,0,0,0,0,2
1.0,3.0,127.0,0.0,3.0,1.4,3.0,3.0,2,1100.8,0,0,1,0,0,0
3.0,4.0,155.0,0.0,2.0,0.9,3.0,3.0,3,1622.206,0,1,0,0,0,2
3.0,2.0,192.0,1.0,3.0,16.0,6.0,7.0,3,4499.0,0,1,1,1,0,0
3.0,3.0,72.0,0.0,1.0,1.5,3.0,4.0,3+,1670.0,0,1,0,0,0,2
3.0,1.0,190.0,0.0,2.0,0.55,2.0,2.0,3,745.0,0,0,0,0,0,2
3.0,3.0,177.0,0.0,1.0,0.42,2.0,2.0,1,591.0,1,0,0,1,0,0
3.0,1.0,173.0,0.0,1.0,1.2,3.0,3.0,2,1423.0,0,0,0,0,0,2
3.0,3.0,78.0,0.0,3.0,2.35,3.0,4.0,3,1760.0,0,1,0,0,0,2
1.0,2.0,131.0,0.0,0.0,5.0,3.0,4.0,3,2900.0,0,1,0,0,0,0
1.0,1.0,65.0,0.0,2.0,1.1,3.0,3.0,3+,1300.0,0,0,0,0,0,2
1.0,0.0,120.0,0.0,0.0,6.2,4.0,4.0,3+,2397.6,0,1,0,0,0,2
3.0,1.0,98.0,1.0,3.0,10.5,5.0,6.0,3+,3240.0,1,1,0,1,0,0
3.0,1.0,151.0,0.0,1.0,1.8,3.0,4.0,3,1161.0,0,1,0,0,1,2
3.0,3.0,65.0,0.0,1.0,1.05,2.0,2.0,3,900.0,0,0,0,0,0,0
0.0,3.0,190.0,0.0,1.0,0.25,2.0,2.0,0,480.954,0,0,0,0,0,2
3.0,3.0,113.0,1.0,0.0,5.15,5.0,5.0,0,3658.4,0,0,0,0,0,2
3.0,1.0,140.0,0.0,1.0,1.9,3.0,3.0,3,837.0,0,0,0,0,0,2
3.0,3.0,145.0,0.0,2.0,3.5,3.0,3.0,2,1800.0,1,0,0,0,0,2
3.0,3.0,168.0,0.0,1.0,0.35,2.0,2.0,1,466.4,0,0,0,0,0,2
3.0,3.0,169.0,0.0,1.0,2.03,4.0,4.0,3+,2175.0,0,0,0,0,1,2
3.0,1.0,88.0,1.0,3.0,19.5,8.0,9.0,3+,7200.0,1,1,0,1,0,2
2.0,3.0,177.0,0.0,0.0,0.82,3.0,3.0,3+,1523.031,0,0,0,0,0,2
3.0,2.0,150.0,1.0,0.0,1.2,5.0,4.0,2,1076.0,0,0,0,0,0,2
1.0,3.0,64.0,0.0,2.0,2.5,4.0,5.0,3+,2558.4,0,1,0,0,0,2
3.0,2.0,94.0,1.0,0.0,1.44,4.0,2.0,2,4842.0,0,0,0,0,0,2
3.0,1.0,173.0,0.0,1.0,1.3,3.0,3.0,2,900.0,0,0,0,0,1,2
1.0,0.0,72.0,0.0,3.0,2.2,3.0,3.0,2,2318.0,0,1,0,0,0,0
3.0,2.0,94.0,1.0,0.0,1.45,3.0,3.0,1,4842.0,0,0,0,0,0,2
3.0,3.0,63.0,1.0,0.0,0.8,8.0,8.0,2,1195.0,0,0,0,0,0,2
2.0,3.0,70.0,0.0,0.0,1.65,4.0,5.0,3+,2214.4,0,1,0,0,0,2
3.0,1.0,20.0,0.0,1.0,1.6,3.0,3.0,3,1351.2,0,0,0,0,0,2
1.0,3.0,166.0,0.0,3.0,2.95,4.0,5.0,3+,1700.0,0,1,0,0,0,1
2.0,0.0,127.0,0.0,3.0,1.14,2.0,2.0,2,1100.0,0,0,0,0,1,0
2.0,1.0,156.0,0.0,3.0,1.4,2.0,2.0,2,1139.2,0,0,0,0,0,0
3.0,1.0,135.0,1.0,2.0,6.95,12.0,12.0,3+,1733.0,0,1,1,0,0,0
3.0,1.0,78.0,0.0,3.0,1.55,2.0,2.0,3,1180.0,0,0,0,0,0,2
2.0,0.0,111.0,0.0,2.0,0.75,2.0,2.0,3,1410.039,0,0,0,0,0,2
3.0,4.0,173.0,0.0,1.0,1.05,2.0,2.0,2,1103.057,1,0,0,0,1,2
3.0,0.0,162.0,1.0,0.0,0.82,4.0,3.0,3,904.0,0,0,0,0,0,2
3.0,1.0,105.0,1.0,2.0,1.35,2.0,2.0,2,1205.12,1,0,0,0,0,1
3.0,0.0,153.0,0.0,0.0,1.1,3.0,4.0,3,1441.6,0,1,0,0,0,2
2.0,1.0,66.0,0.0,1.0,1.35,3.0,2.0,2,861.9731119999999,0,0,0,0,0,2
1.0,3.0,76.0,0.0,3.0,3.9,4.0,5.0,3+,3000.0,0,1,0,0,0,1
3.0,2.0,120.0,1.0,2.0,10.5,4.0,4.0,2,3767.0,0,1,0,0,0,2
3.0,2.0,134.0,0.0,0.0,0.5,1.0,1.0,2,600.0,0,0,0,0,0,2
3.0,0.0,116.0,1.0,0.0,0.38,1.0,1.0,1,452.0,0,0,0,0,0,2
3.0,0.0,74.0,1.0,0.0,0.9,7.0,4.0,3+,904.0,0,0,0,0,0,2
1.0,3.0,64.0,0.0,1.0,1.75,3.0,3.0,3,1128.0,1,1,0,1,1,2
3.0,1.0,142.0,0.0,0.0,3.0,3.0,3.0,3,1800.0,0,0,0,0,0,2
3.0,0.0,13.0,0.0,1.0,0.64,2.0,2.0,1,850.0,0,0,0,0,0,0
3.0,0.0,177.0,0.0,1.0,0.65,3.0,3.0,3,1414.0,0,0,0,0,0,2
3.0,4.0,140.0,0.0,0.0,1.6,2.0,2.0,2,1150.0,0,0,0,0,0,2
1.0,1.0,152.0,0.0,3.0,1.18,2.0,2.0,3,1000.0,0,0,0,1,0,2
2.0,3.0,71.0,0.0,2.0,2.0,3.0,3.0,3+,1870.4,0,1,0,0,0,2
3.0,0.0,103.0,0.0,2.0,1.2,3.0,2.0,2,1150.0,0,0,0,0,1,1
1.0,3.0,107.0,0.0,0.0,0.45,1.0,1.0,1,400.0,0,0,0,0,0,2
2.0,1.0,131.0,0.0,2.0,4.8,3.0,4.0,3+,3269.755,0,0,0,0,0,2
1.0,0.0,151.0,0.0,2.0,1.67,3.0,5.0,3,1161.0,0,1,0,0,0,2
3.0,0.0,134.0,1.0,1.0,2.95,2.0,2.0,2,1452.6,0,0,0,0,0,2
0.0,3.0,141.0,0.0,0.0,0.9,1.0,1.0,0,639.023,0,0,0,0,0,2
2.0,3.0,64.0,0.0,2.0,2.22,3.0,4.0,3+,1600.0,1,1,0,0,0,2
1.0,3.0,177.0,0.0,1.0,0.65,3.0,2.0,3,1096.0,0,0,0,0,0,2
2.0,3.0,166.0,0.0,3.0,2.2,3.0,3.0,3+,1673.6,0,1,0,0,0,1
3.0,3.0,65.0,0.0,2.0,2.2,4.0,6.0,3+,2300.0,0,1,0,0,0,0
1.0,4.0,157.0,0.0,0.0,0.55,2.0,2.0,2,741.0,0,0,0,0,0,2
1.0,0.0,88.0,0.0,2.0,0.56,1.0,1.0,2,650.0,0,0,0,0,0,2
3.0,1.0,173.0,0.0,1.0,1.32,3.0,3.0,3,780.0,0,0,0,0,0,2
2.0,3.0,164.0,0.0,3.0,4.0,4.0,5.0,3+,3360.0,0,1,0,0,0,0
3.0,3.0,190.0,0.0,2.0,0.58,2.0,2.0,2,600.0,0,0,0,0,0,2
1.0,1.0,111.0,0.0,1.0,0.71,2.0,2.0,3,1000.0,0,0,0,0,1,2
2.0,1.0,78.0,0.0,3.0,3.05,3.0,4.0,3,2240.0,0,1,0,0,0,2
3.0,3.0,167.0,0.0,3.0,0.78,2.0,2.0,2,790.0,1,0,0,1,0,0
3.0,4.0,190.0,0.0,2.0,0.79,3.0,2.0,3+,864.8000000000001,0,0,0,0,0,2
3.0,0.0,124.0,0.0,1.0,2.5,4.0,5.0,3,1950.0,0,0,0,0,1,0
3.0,3.0,190.0,0.0,1.0,0.3,2.0,2.0,2,640.0,0,0,0,0,0,2
1.0,3.0,71.0,0.0,2.0,0.93,2.0,3.0,3,1026.4,0,0,0,0,0,2
1.0,3.0,190.0,0.0,3.0,1.07,3.0,3.0,3+,1300.0,0,0,0,0,0,2
3.0,0.0,74.0,1.0,0.0,1.8,8.0,5.0,2,2228.0,0,0,0,0,0,2
4.0,3.0,144.0,0.0,3.0,5.0,3.0,3.0,3+,2700.0,0,1,0,1,0,0
2.0,3.0,165.0,0.0,2.0,1.0,2.0,2.0,2,1148.0,1,0,0,0,1,2
1.0,1.0,190.0,0.0,0.0,0.26,1.0,1.0,1,394.0,0,0,0,0,0,2
3.0,1.0,180.0,0.0,3.0,2.45,3.0,4.0,3,2224.0,0,1,0,0,0,0
3.0,3.0,96.0,1.0,1.0,8.49,12.0,12.0,3+,1797.0,0,1,0,1,0,0
3.0,1.0,148.0,0.0,1.0,0.9,2.0,2.0,2,1180.0,0,0,0,0,0,2
2.0,3.0,177.0,0.0,2.0,1.55,3.0,4.0,3,1596.0,0,1,0,0,0,0
1.0,0.0,175.0,0.0,2.0,0.65,2.0,2.0,3,1080.0,1,0,0,0,0,0
3.0,3.0,158.0,0.0,2.0,1.5,3.0,3.0,3,1177.0,0,0,0,0,0,0
1.0,1.0,146.0,0.0,2.0,0.56,2.0,2.0,1,800.0,0,0,0,0,0,2
1.0,3.0,175.0,0.0,3.0,1.76,4.0,4.0,3+,1670.0,0,0,0,0,0,0
2.0,3.0,169.0,0.0,1.0,1.17,2.0,2.0,3,1671.0,0,0,0,0,0,2
1.0,1.0,110.0,0.0,1.0,0.99,3.0,3.0,1,1452.0,0,1,0,0,0,2
2.0,3.0,64.0,0.0,0.0,2.61,3.0,3.0,3,2000.0,1,1,0,0,0,2
1.0,0.0,123.0,0.0,2.0,2.4,3.0,4.0,3+,1750.0,0,1,0,0,0,2
3.0,0.0,149.0,0.0,0.0,0.75,2.0,2.0,2,1100.029,0,0,0,0,0,2
1.0,0.0,88.0,0.0,2.0,1.51,3.0,4.0,3+,1536.0,0,1,0,0,0,2
2.0,1.0,92.0,0.0,1.0,1.75,2.0,2.0,2,1104.0,0,0,0,0,0,2
1.0,3.0,160.0,0.0,3.0,1.3,3.0,3.0,2,867.2474229999999,1,0,0,1,0,2
4.0,0.0,78.0,0.0,3.0,6.0,5.0,6.0,3+,6565.0,0,0,0,0,0,2
1.0,3.0,69.0,0.0,1.0,1.34,4.0,5.0,3+,1403.0,0,1,0,0,0,2
1.0,3.0,149.0,0.0,3.0,1.7,4.0,4.0,2,1608.0,0,0,0,0,0,2
1.0,0.0,66.0,0.0,2.0,2.3,3.0,4.0,3+,1960.0,0,1,0,0,0,2
2.0,3.0,156.0,0.0,3.0,1.54,2.0,2.0,3+,1100.0,0,0,0,0,1,2
3.0,3.0,75.0,1.0,0.0,0.34,1.0,1.0,0,494.96,0,0,0,0,0,2
0.0,3.0,151.0,0.0,3.0,5.0,6.0,7.0,3+,4800.0,1,1,0,0,0,2
3.0,3.0,171.0,0.0,2.0,1.3,3.0,3.0,3+,1791.0,0,0,0,0,0,2
2.0,3.0,66.0,0.0,1.0,0.4,2.0,2.0,1,455.2000000000001,0,0,0,0,0,2
2.0,0.0,144.0,0.0,2.0,6.15,3.0,3.0,3,2710.0,1,1,0,0,0,0
1.0,3.0,176.0,0.0,3.0,1.75,4.0,3.0,3+,1573.574541,1,1,1,1,0,2
3.0,0.0,68.0,1.0,0.0,1.3,3.0,3.0,1,1129.8,0,0,0,0,0,2
3.0,3.0,95.0,1.0,3.0,7.5,9.0,9.0,3+,1937.0,1,1,0,1,0,0
3.0,1.0,167.0,1.0,0.0,1.7,3.0,3.0,3+,2163.0,0,1,0,1,0,2
2.0,3.0,110.0,0.0,3.0,0.95,2.0,2.0,3+,1030.0,0,0,1,1,0,0
2.0,1.0,105.0,0.0,1.0,2.2,3.0,3.0,3,1680.0,0,1,0,0,0,0
2.0,3.0,154.0,0.0,1.0,3.5,4.0,5.0,3+,3062.653,0,1,0,0,1,2
1.0,3.0,175.0,0.0,2.0,0.65,2.0,2.0,3,950.0,1,0,0,0,0,2
3.0,2.0,124.0,0.0,2.0,3.3,5.0,5.0,3+,3124.0,0,1,0,0,0,2
2.0,3.0,175.0,0.0,3.0,1.17,3.0,3.0,3,1290.0,0,0,0,0,0,0
1.0,1.0,171.0,0.0,2.0,1.29,3.0,3.0,3,1629.0,1,0,0,0,1,2
3.0,4.0,110.0,0.0,1.0,1.0,3.0,3.0,3,1440.0,0,0,0,0,0,2
3.0,2.0,6.0,1.0,0.0,1.1,5.0,3.0,1,1625.0,1,0,0,1,0,2
3.0,3.0,96.0,1.0,0.0,5.8,4.0,3.0,2,1797.0,0,0,1,0,0,2
3.0,0.0,95.0,1.0,3.0,6.25,5.0,5.0,3,1797.0,0,1,0,1,0,0
1.0,3.0,151.0,0.0,1.0,1.55,3.0,3.0,3,1161.0,1,1,0,1,1,2
3.0,0.0,177.0,0.0,1.0,0.6,3.0,2.0,3,1200.0,0,0,0,0,0,0
1.0,3.0,131.0,0.0,3.0,6.5,4.0,5.0,3+,2500.0,1,1,0,1,0,0
3.0,0.0,88.0,0.0,0.0,0.2,1.0,1.0,1,500.0,0,0,0,0,1,2
3.0,0.0,193.0,0.0,3.0,3.5,3.0,3.0,2,1680.0,0,1,0,0,0,0
1.0,0.0,134.0,0.0,1.0,2.05,4.0,4.0,3+,2400.0,0,0,0,0,0,0
1.0,3.0,70.0,0.0,0.0,0.52,3.0,2.0,2,645.0,0,0,0,0,1,2
2.0,3.0,149.0,0.0,3.0,1.38,3.0,3.0,1,1230.4,0,0,0,0,0,2
3.0,1.0,145.0,1.0,1.0,12.0,5.0,6.0,3+,3154.0,0,1,0,1,0,2
3.0,1.0,79.0,1.0,0.0,0.42,3.0,3.0,0,510.0,0,0,0,1,0,2
3.0,3.0,101.0,0.0,2.0,0.55,2.0,2.0,1,700.0,1,0,0,0,0,0
2.0,1.0,148.0,0.0,2.0,1.7,4.0,4.0,3+,1599.2,0,0,0,0,0,2
3.0,1.0,190.0,0.0,1.0,0.4,2.0,2.0,1,623.0,0,0,0,0,0,2
0.0,3.0,66.0,0.0,2.0,1.35,4.0,5.0,3+,2692.0,1,1,1,1,0,2
1.0,3.0,147.0,0.0,1.0,0.53,2.0,2.0,1,591.0,0,0,0,0,1,0
3.0,0.0,72.0,0.0,0.0,1.38,3.0,3.0,1,2177.0,0,0,0,0,0,2
2.0,1.0,190.0,0.0,1.0,0.35,2.0,2.0,2,554.1255719999999,0,0,0,0,0,2
2.0,3.0,71.0,0.0,3.0,2.33,3.0,3.0,3,1611.0,0,0,1,0,0,0
1.0,1.0,190.0,0.0,1.0,0.95,2.0,2.0,3+,849.0,1,0,0,0,0,0
2.0,3.0,169.0,0.0,1.0,1.05,2.0,2.0,3,1312.0,0,0,0,0,0,2
3.0,2.0,135.0,1.0,2.0,3.5,4.0,4.0,3+,1625.0,0,0,1,0,0,0
2.0,1.0,179.0,0.0,2.0,0.55,3.0,2.0,2,645.0,1,0,0,0,0,0
1.0,0.0,175.0,0.0,3.0,1.65,4.0,4.0,3+,2181.6,0,0,0,0,0,2
1.0,0.0,182.0,0.0,1.0,0.95,3.0,3.0,2,1240.0,0,0,0,0,1,2
2.0,3.0,72.0,0.0,3.0,1.35,3.0,2.0,3+,1128.0,0,0,0,0,0,2
3.0,3.0,172.0,0.0,3.0,0.92,2.0,2.0,2,1250.0,0,0,0,1,0,2
3.0,2.0,125.0,0.0,2.0,2.0,4.0,3.0,3+,2203.2000000000003,0,0,0,0,0,2
0.0,3.0,149.0,0.0,3.0,1.66,3.0,3.0,2,1310.4,0,0,0,0,0,2
3.0,1.0,140.0,0.0,1.0,1.47,2.0,2.0,2,1150.0,1,0,0,0,0,2
3.0,3.0,144.0,0.0,3.0,2.9,4.0,4.0,3+,1580.0,1,1,0,0,0,0
2.0,3.0,149.0,0.0,2.0,1.4,3.0,3.0,1,1254.4,0,0,0,1,0,2
2.0,3.0,151.0,0.0,1.0,1.65,3.0,4.0,3,1560.0,0,1,1,0,0,2
1.0,3.0,190.0,0.0,1.0,0.99,2.0,2.0,2,900.0,0,0,0,0,0,2
2.0,3.0,65.0,0.0,1.0,1.34,3.0,3.0,3+,1725.0,1,1,1,1,0,0
3.0,3.0,120.0,1.0,1.0,13.5,16.0,16.0,3+,2702.0,1,1,0,1,1,2
1.0,1.0,160.0,0.0,1.0,1.72,3.0,4.0,3,2047.619,0,0,0,0,0,2
3.0,3.0,65.0,0.0,2.0,0.93,2.0,3.0,3,1452.0,0,1,0,0,0,0
2.0,3.0,144.0,0.0,1.0,2.8,3.0,3.0,0,1828.034,0,0,0,0,0,2
2.0,3.0,148.0,0.0,1.0,1.02,2.0,2.0,2,800.0,0,0,0,0,1,0
3.0,1.0,105.0,1.0,0.0,10.0,5.0,6.0,3,4941.0,1,1,0,0,0,2
2.0,0.0,146.0,0.0,3.0,2.35,3.0,4.0,3+,1548.0,0,1,0,0,0,0
3.0,1.0,173.0,0.0,1.0,0.9,2.0,2.0,2,1104.972,0,0,0,0,0,2
1.0,3.0,66.0,0.0,3.0,1.32,2.0,2.0,2,1240.0,0,0,0,0,0,2
1.0,3.0,149.0,0.0,2.0,1.76,4.0,4.0,2,1608.0,0,0,0,0,0,2
1.0,4.0,173.0,0.0,2.0,1.5,3.0,3.0,3,1450.0,0,0,0,0,0,2
3.0,2.0,125.0,1.0,0.0,3.75,3.0,3.0,1,1701.0,0,0,0,1,0,0
3.0,1.0,132.0,1.0,2.0,3.51,4.0,4.0,3,2841.0,0,1,0,0,0,2
3.0,3.0,144.0,0.0,3.0,2.36,3.0,3.0,3,1400.0,1,1,0,0,0,0
2.0,3.0,160.0,0.0,2.0,1.3,3.0,3.0,3,863.910614,0,0,1,0,0,0
3.0,1.0,140.0,0.0,2.0,2.5,3.0,3.0,1,1549.043,0,0,0,0,0,2
2.0,3.0,177.0,0.0,1.0,1.25,4.0,3.0,0,2016.129,0,0,0,0,0,2
2.0,4.0,110.0,0.0,2.0,0.7,2.0,3.0,3+,1148.0,1,0,0,0,1,2
2.0,1.0,105.0,0.0,2.0,1.4,3.0,2.0,3+,145.0,0,0,0,0,0,2
2.0,3.0,66.0,0.0,3.0,2.55,4.0,4.0,3+,1950.0,0,1,0,0,0,2
3.0,2.0,135.0,1.0,1.0,4.7,3.0,3.0,2,2163.0,0,1,0,0,1,2
3.0,1.0,169.0,0.0,1.0,2.15,3.0,5.0,3,1926.4,0,0,0,0,0,2
2.0,1.0,181.0,0.0,0.0,0.3,2.0,1.0,0,450.0,0,0,0,0,0,2
2.0,3.0,165.0,0.0,3.0,0.86,2.0,2.0,2,1144.0,1,0,0,0,0,0
2.0,3.0,77.0,0.0,3.0,3.75,3.0,3.0,2,2241.6,0,1,0,0,0,0
2.0,1.0,140.0,0.0,3.0,3.9,3.0,4.0,3+,1249.68879,0,1,0,0,0,2
2.0,3.0,144.0,0.0,2.0,5.9,3.0,3.0,3,2690.4,1,1,0,0,0,2
1.0,3.0,168.0,0.0,0.0,0.39,2.0,2.0,0,500.0,0,0,0,0,0,2
0.0,4.0,110.0,0.0,2.0,0.9,3.0,3.0,3,1282.4,0,0,0,0,0,2
3.0,3.0,91.0,0.0,0.0,0.22,1.0,1.0,1,465.0,0,0,0,0,0,2
2.0,3.0,146.0,0.0,3.0,3.5,3.0,4.0,3,2050.0,0,1,1,0,0,0
0.0,3.0,64.0,0.0,2.0,1.25,2.0,2.0,2,972.0,0,0,0,0,0,2
3.0,3.0,177.0,0.0,0.0,0.42,3.0,3.0,1,640.0,0,0,0,0,0,2
1.0,3.0,151.0,0.0,2.0,1.65,3.0,3.0,2,1950.0,1,0,0,0,0,2
3.0,0.0,125.0,0.0,3.0,2.64,3.0,4.0,3+,1801.1018592,0,1,0,1,0,0
3.0,4.0,137.0,0.0,0.0,4.25,3.0,4.0,3,1836.0,0,0,0,0,0,2
3.0,3.0,72.0,1.0,2.0,5.85,4.0,5.0,3+,2217.0,0,1,0,0,0,0
3.0,2.0,96.0,1.0,1.0,5.8,5.0,5.0,3+,1797.0,1,1,1,1,0,2
3.0,3.0,110.0,0.0,1.0,1.43,3.0,3.0,3+,1680.0,0,1,0,0,1,2
1.0,3.0,175.0,0.0,2.0,0.95,3.0,3.0,3,1500.0,0,1,0,0,0,2
3.0,3.0,76.0,0.0,2.0,0.5,1.0,1.0,1,336.91007,0,0,0,0,0,1
2.0,3.0,144.0,0.0,1.0,2.15,2.0,2.0,3+,1433.047,0,0,0,0,0,2
3.0,0.0,125.0,0.0,3.0,1.69,3.0,3.0,3,1960.0,0,0,0,1,0,2
3.0,3.0,177.0,0.0,2.0,1.7,3.0,4.0,2,1304.0,0,0,0,0,0,2
2.0,3.0,177.0,0.0,0.0,0.95,4.0,5.0,3+,1500.0,0,0,0,0,0,2
3.0,0.0,123.0,1.0,0.0,8.81,8.0,6.0,3+,3240.0,1,1,0,0,1,0
1.0,3.0,169.0,0.0,3.0,1.1,2.0,2.0,3,1150.0,0,0,0,1,0,2
0.0,3.0,149.0,0.0,3.0,1.6,3.0,3.0,2,1262.4,0,0,0,1,0,2
2.0,3.0,70.0,0.0,1.0,0.5,2.0,2.0,1,436.8,0,0,0,0,0,2
2.0,0.0,176.0,0.0,2.0,1.65,4.0,4.0,3+,1891.2,0,1,0,0,0,2
3.0,2.0,133.0,1.0,1.0,4.6,3.0,3.0,3+,2163.0,0,1,1,1,0,0
1.0,1.0,179.0,0.0,1.0,2.0,3.0,4.0,3+,1965.0,0,1,0,0,0,2
0.0,1.0,111.0,0.0,3.0,2.08,4.0,4.0,3,1954.4,1,1,0,1,0,2
1.0,3.0,92.0,0.0,3.0,4.3,3.0,4.0,3+,2100.0,0,1,0,0,1,1
2.0,3.0,175.0,0.0,2.0,1.25,3.0,3.0,3+,1500.0,0,1,0,1,0,2
1.0,4.0,190.0,0.0,2.0,0.78,2.0,2.0,3,1080.0,1,0,0,0,0,2
2.0,1.0,130.0,0.0,0.0,1.76,4.0,4.0,3+,1944.0,0,0,0,0,0,2
2.0,3.0,190.0,0.0,2.0,0.25,2.0,2.0,1,581.0,0,0,0,0,0,0
3.0,0.0,63.0,0.0,1.0,0.85,3.0,3.0,2,2300.0,0,0,0,0,0,2
3.0,2.0,125.0,1.0,2.0,6.75,5.0,4.0,2,3423.0,1,1,1,0,0,2
4.0,3.0,165.0,0.0,3.0,3.0,4.0,6.0,3+,3912.0,0,1,0,1,0,0
3.0,0.0,95.0,1.0,2.0,9.9,5.0,5.0,2,3380.0,0,0,0,1,0,0
3.0,3.0,135.0,1.0,0.0,8.0,5.0,4.0,3,2709.0,1,1,0,1,0,2
3.0,1.0,122.0,1.0,1.0,6.81,12.0,14.0,3+,1840.0,0,1,0,0,1,0
3.0,0.0,165.0,0.0,1.0,0.67,2.0,2.0,3,1150.017,0,0,0,0,0,2
3.0,2.0,96.0,1.0,0.0,6.0,8.0,5.0,3+,1797.0,0,0,0,0,0,0
1.0,3.0,169.0,0.0,1.0,2.14,4.0,4.0,3,2000.0,1,1,0,1,0,2
3.0,2.0,82.0,1.0,0.0,1.07,2.0,2.0,1,904.0,0,1,0,0,0,2
2.0,1.0,78.0,0.0,1.0,2.9,4.0,4.0,3+,2298.0,1,1,0,0,0,2
3.0,3.0,97.0,1.0,2.0,8.0,9.0,9.0,3,3046.0,1,1,1,1,0,1
1.0,1.0,147.0,0.0,3.0,1.8,3.0,3.0,3,1227.945712,0,1,1,0,0,0
1.0,3.0,92.0,0.0,3.0,4.78,3.0,4.0,3,2250.0,0,1,0,0,1,1
0.0,2.0,118.0,0.0,0.0,3.4,4.0,4.0,3,2900.034,0,0,0,0,0,2
1.0,0.0,125.0,0.0,3.0,2.1,3.0,3.0,3,1612.43222,0,0,0,1,0,0
2.0,3.0,64.0,0.0,2.0,0.97,2.0,2.0,2,732.0,0,0,0,0,0,2
3.0,4.0,140.0,0.0,1.0,1.5,2.0,2.0,2,1200.0,1,0,0,0,0,2
3.0,2.0,14.0,0.0,2.0,1.25,3.0,3.0,2,1420.0,0,0,0,0,0,1
3.0,3.0,74.0,1.0,0.0,2.1,6.0,6.0,3+,1216.0,0,0,0,0,0,2
2.0,3.0,149.0,0.0,0.0,3.25,4.0,5.0,3+,2572.8,0,0,0,1,1,2
1.0,3.0,111.0,0.0,3.0,1.08,3.0,3.0,3,1600.0,0,0,0,0,0,2
1.0,1.0,152.0,0.0,2.0,1.1,2.0,2.0,3+,1160.0,0,0,0,0,0,2
2.0,3.0,149.0,0.0,0.0,0.6,2.0,1.0,1,600.0,0,0,0,0,0,2
2.0,0.0,177.0,0.0,3.0,0.92,4.0,5.0,3+,1600.0,0,0,0,0,0,0
3.0,2.0,135.0,1.0,2.0,3.6,4.0,4.0,2,1733.0,1,1,1,1,0,2
0.0,2.0,150.0,1.0,0.0,1.0,2.0,2.0,0,1161.0,1,0,0,0,0,2
3.0,1.0,105.0,0.0,2.0,1.2,2.0,2.0,3,77.53,0,0,0,0,0,2
2.0,3.0,149.0,0.0,2.0,1.75,4.0,4.0,1,1576.0,0,0,0,0,0,2
2.0,3.0,149.0,0.0,2.0,1.37,3.0,3.0,1,1578.0,0,0,0,1,0,2
2.0,1.0,64.0,0.0,3.0,1.99,2.0,2.0,2,963.0,0,0,0,0,0,2
3.0,1.0,190.0,1.0,2.0,1.5,2.0,3.0,2,1055.0,1,0,0,1,0,0
3.0,0.0,127.0,1.0,0.0,11.5,5.0,6.0,0,3238.76,0,0,0,0,0,2
3.0,3.0,95.0,1.0,0.0,13.5,9.0,9.0,0,6994.0,0,0,0,0,0,2
2.0,3.0,175.0,0.0,0.0,1.23,3.0,3.0,2,1395.2,0,0,0,0,1,2
3.0,3.0,123.0,1.0,3.0,5.25,9.0,9.0,3+,4500.0,0,1,0,0,0,0
3.0,3.0,78.0,0.0,3.0,3.05,3.0,4.0,3,1960.0,0,1,0,0,0,2
3.0,0.0,81.0,1.0,0.0,5.51,3.0,3.0,2,3250.0,0,0,0,0,0,2
1.0,0.0,63.0,0.0,1.0,1.25,3.0,3.0,3+,2650.0,0,1,0,0,0,2
2.0,3.0,154.0,1.0,0.0,3.1,5.0,5.0,3+,3649.0,0,0,0,0,0,2
2.0,3.0,144.0,0.0,1.0,2.5,3.0,3.0,3,1462.4,0,0,0,0,0,2
2.0,0.0,77.0,0.0,3.0,5.6,4.0,6.0,3+,3885.6,0,1,0,0,0,0
1.0,3.0,72.0,0.0,1.0,1.75,3.0,3.0,3,1250.0,0,0,0,1,0,0
3.0,1.0,140.0,0.0,2.0,1.57,2.0,2.0,2,1150.015,1,0,0,0,1,2
1.0,3.0,164.0,0.0,0.0,0.9,3.0,3.0,0,1780.063,0,0,0,0,0,2
3.0,3.0,144.0,0.0,1.0,5.5,3.0,4.0,3,2388.0,0,1,0,0,0,2
1.0,3.0,110.0,0.0,1.0,1.4,4.0,5.0,3,2100.0,1,1,0,1,1,2
3.0,3.0,190.0,0.0,1.0,0.26,2.0,2.0,2,576.0,0,0,0,0,0,2
1.0,1.0,110.0,0.0,1.0,0.87,2.0,3.0,3+,1262.4,1,0,0,0,0,2
1.0,3.0,110.0,0.0,1.0,1.0,3.0,3.0,3+,1537.0,0,0,0,0,0,0
3.0,1.0,160.0,0.0,2.0,1.41,2.0,2.0,3,1572.0,1,0,0,0,0,2
2.0,3.0,169.0,0.0,3.0,1.99,3.0,4.0,3+,2298.0,0,1,0,0,0,0
3.0,1.0,140.0,0.0,1.0,2.55,3.0,3.0,2,1630.0,0,0,0,0,1,2
3.0,2.0,45.0,1.0,0.0,2.4,8.0,4.0,2,2133.0,0,0,0,0,0,2
0.0,0.0,123.0,0.0,0.0,2.4,3.0,3.0,0,2400.0,0,0,0,0,0,0
3.0,3.0,100.0,1.0,0.0,0.7,2.0,3.0,1,1001.0,0,0,1,1,0,2
3.0,3.0,69.0,0.0,0.0,1.82,3.0,2.0,2,952.0,0,0,0,0,0,2
2.0,3.0,190.0,0.0,1.0,0.28,2.0,2.0,1,643.0,0,0,0,0,0,2
3.0,3.0,66.0,0.0,1.0,0.4,2.0,2.0,1,454.7532472,0,0,0,0,0,2
1.0,0.0,63.0,0.0,1.0,1.25,4.0,4.0,3+,2651.0,0,0,0,0,0,0
2.0,3.0,152.0,0.0,3.0,2.5,3.0,3.0,3+,1350.0,0,0,0,0,1,0
3.0,1.0,121.0,0.0,0.0,2.4,3.0,3.0,2,1555.2,0,1,0,0,0,0
2.0,0.0,170.0,0.0,2.0,1.28,3.0,4.0,3+,1560.0,0,1,0,1,0,2
1.0,3.0,65.0,1.0,0.0,2.25,3.0,5.0,3+,2000.0,0,0,0,0,0,2
3.0,0.0,31.0,1.0,0.0,10.0,4.0,4.0,3+,8136.0,0,1,0,0,0,2
3.0,0.0,81.0,1.0,0.0,6.5,5.0,5.0,0,2497.0,0,0,0,0,0,2
2.0,3.0,165.0,0.0,2.0,0.94,2.0,2.0,2,1148.0,1,0,0,0,0,0
2.0,3.0,69.0,0.0,3.0,1.35,4.0,4.0,3+,1850.0,0,1,0,1,0,0
2.0,3.0,164.0,0.0,3.0,2.4,3.0,4.0,3+,1682.4,0,1,0,0,0,1
1.0,3.0,111.0,0.0,1.0,1.71,3.0,3.0,3+,2191.184,1,0,0,0,0,2
3.0,2.0,81.0,1.0,0.0,5.5,5.0,4.0,2,300.0,1,0,0,0,0,2
3.0,3.0,165.0,1.0,0.0,5.0,4.0,4.0,3+,3240.0,0,1,1,1,0,2
3.0,0.0,113.0,1.0,1.0,1.7,2.0,2.0,3+,904.0,0,1,1,0,0,2
3.0,1.0,118.0,1.0,0.0,2.65,3.0,3.0,3,1400.0,0,1,0,0,0,0
3.0,1.0,125.0,1.0,1.0,6.75,5.0,4.0,2,4497.68,0,0,0,0,1,2
3.0,0.0,63.0,0.0,2.0,0.86,3.0,3.0,3+,1877.0,0,1,0,0,0,2
1.0,0.0,88.0,0.0,2.0,1.51,3.0,4.0,3+,1536.0,0,1,0,0,0,0
3.0,0.0,66.0,1.0,0.0,0.62,3.0,3.0,1,480.0,0,0,0,0,1,1
2.0,3.0,66.0,0.0,0.0,0.9,2.0,2.0,0,1258.917,0,0,0,0,0,2
3.0,0.0,52.0,1.0,0.0,2.0,10.0,10.0,3,1893.76,0,0,0,0,0,2
0.0,3.0,176.0,0.0,1.0,1.8,4.0,3.0,3+,2320.0,1,0,0,1,0,1
3.0,0.0,96.0,1.0,2.0,19.0,6.0,8.0,3+,4499.0,1,1,1,1,0,0
3.0,0.0,125.0,1.0,3.0,4.5,8.0,8.0,3,2884.0,1,1,1,1,0,1
1.0,3.0,170.0,0.0,3.0,1.6,3.0,3.0,3+,1300.0,0,0,0,0,1,0
1.0,3.0,175.0,0.0,2.0,1.99,4.0,4.0,3+,2727.0,0,1,0,1,0,0
3.0,3.0,70.0,0.0,1.0,0.29,2.0,2.0,2,489.0,0,0,0,0,0,2
3.0,3.0,164.0,0.0,1.0,0.96,2.0,2.0,2,1075.0,0,0,0,0,0,2
1.0,3.0,176.0,0.0,2.0,1.4,3.0,3.0,3+,1600.0,0,0,0,0,0,2
1.0,3.0,144.0,0.0,1.0,2.44,3.0,3.0,2,1462.4,0,0,0,0,0,2
3.0,3.0,111.0,0.0,1.0,1.1,3.0,3.0,1,1350.0,0,0,0,1,0,2
1.0,3.0,170.0,0.0,1.0,1.3,2.0,3.0,3,850.0,1,0,0,0,0,0
3.0,0.0,127.0,1.0,0.0,6.5,5.0,6.0,0,3002.04,0,0,0,0,0,2
2.0,3.0,190.0,0.0,2.0,1.2,3.0,3.0,0,1779.887,0,0,0,0,0,2
3.0,1.0,158.0,0.0,1.0,1.79,3.0,3.0,3,1548.0,0,1,0,0,0,0
3.0,3.0,48.0,0.0,0.0,0.35,2.0,2.0,1,750.0,0,0,0,0,0,0
1.0,3.0,65.0,0.0,1.0,2.45,4.0,6.0,3,2300.0,0,1,0,0,0,2
3.0,1.0,160.0,0.0,1.0,1.3,2.0,2.0,3,1257.6,1,0,0,0,0,2
1.0,1.0,158.0,0.0,1.0,1.9,3.0,4.0,3+,1218.042924,0,1,0,0,0,0
3.0,2.0,88.0,1.0,0.0,7.2,4.0,4.0,3+,4682.0,1,1,0,0,0,1
2.0,3.0,167.0,0.0,2.0,1.1,3.0,3.0,3,1388.0,0,1,0,0,0,0
3.0,4.0,137.0,0.0,1.0,3.78,3.0,3.0,3,2295.0,0,0,0,0,0,2
1.0,3.0,111.0,0.0,3.0,1.78,4.0,3.0,3,1752.8000000000002,0,1,0,0,0,2
1.0,3.0,145.0,0.0,1.0,1.32,2.0,2.0,2,926.4,0,0,0,0,0,2
2.0,3.0,64.0,0.0,0.0,0.95,2.0,2.0,2,675.0,0,0,0,0,0,2
1.0,0.0,124.0,0.0,2.0,1.86,3.0,3.0,3+,1944.0,0,1,0,0,0,0
3.0,3.0,146.0,0.0,1.0,2.99,3.0,3.0,3,2100.0,0,1,0,0,0,0
1.0,3.0,70.0,0.0,3.0,1.49,3.0,4.0,3+,1888.8,0,1,1,0,0,0
3.0,3.0,171.0,0.0,0.0,0.5,3.0,2.0,2,597.0,0,0,0,0,0,2
2.0,3.0,165.0,0.0,2.0,1.38,4.0,5.0,3+,2028.0,0,1,0,0,0,2
1.0,3.0,70.0,0.0,1.0,0.36,2.0,2.0,1,602.0,0,0,0,0,1,2
1.0,3.0,167.0,0.0,2.0,0.95,2.0,2.0,3,1200.0,0,0,0,0,0,0
4.0,3.0,146.0,0.0,3.0,4.55,4.0,4.0,3+,2504.0,0,1,0,0,0,0
2.0,3.0,146.0,0.0,3.0,3.5,3.0,4.0,3,2400.0,0,1,0,1,0,0
1.0,3.0,70.0,0.0,1.0,0.36,2.0,2.0,2,547.0,0,0,0,0,0,2
3.0,2.0,81.0,0.0,0.0,2.2,3.0,4.0,3+,1760.0,0,0,0,0,0,2
2.0,3.0,125.0,0.0,1.0,4.21,5.0,6.0,3+,2845.6000000000004,0,1,0,1,0,2
2.0,4.0,148.0,0.0,2.0,0.82,2.0,2.0,3+,944.0,0,0,0,0,1,2
3.0,0.0,177.0,0.0,2.0,0.65,3.0,3.0,3,1152.3400784,0,0,0,0,0,2
0.0,3.0,149.0,0.0,1.0,1.6,3.0,3.0,2,1262.4,0,0,0,1,0,2
1.0,3.0,64.0,0.0,1.0,1.45,3.0,3.0,3,1100.0,0,1,0,0,0,2
3.0,1.0,147.0,0.0,3.0,1.8,3.0,3.0,2,1227.945712,1,0,1,0,0,0
3.0,0.0,88.0,1.0,0.0,2.75,3.0,3.0,3,1561.0,1,0,0,1,0,0
3.0,3.0,152.0,1.0,3.0,1.18,3.0,3.0,3+,1450.0,0,0,0,0,1,0
2.0,3.0,164.0,0.0,1.0,4.5,4.0,6.0,3+,3360.0,0,1,0,0,0,0
2.0,1.0,157.0,1.0,0.0,1.75,4.0,4.0,0,2800.0,0,0,0,0,0,2
1.0,3.0,136.0,0.0,3.0,3.83,3.0,4.0,2,1775.0,1,1,0,0,0,0
3.0,4.0,140.0,0.0,0.0,1.65,2.0,2.0,2,1200.0,1,0,0,0,0,2
3.0,3.0,150.0,1.0,0.0,2.0,2.0,2.0,1,1797.0,0,0,0,0,0,2
1.0,1.0,190.0,0.0,0.0,0.45,2.0,2.0,1,531.0,0,0,0,0,0,2
1.0,3.0,64.0,0.0,3.0,1.38,3.0,3.0,3,1022.5705,0,1,0,0,0,0
0.0,3.0,71.0,0.0,0.0,1.0,2.0,2.0,2,1890.0,0,0,0,0,0,2
3.0,2.0,82.0,1.0,1.0,10.0,5.0,5.0,2,4520.0,0,0,0,0,0,2
3.0,3.0,68.0,0.0,1.0,0.45,3.0,2.0,1,950.0,0,0,0,0,0,0
3.0,1.0,125.0,1.0,0.0,1.6,4.0,4.0,3,4842.0,0,0,0,0,0,0
2.0,3.0,146.0,0.0,3.0,2.87,3.0,3.0,3+,1808.0,0,1,0,0,0,0
2.0,1.0,175.0,0.0,0.0,0.7,2.0,2.0,3,1040.0,1,0,0,0,0,2
3.0,1.0,180.0,0.0,3.0,3.25,4.0,4.0,3+,2688.0,0,1,0,0,0,2
2.0,3.0,125.0,0.0,1.0,2.35,3.0,3.0,3,1750.0,0,0,0,0,1,2
3.0,3.0,177.0,0.0,2.0,0.75,4.0,4.0,3+,1734.104,0,0,0,0,0,2
3.0,2.0,182.0,0.0,1.0,0.88,3.0,3.0,2,1123.0,0,0,0,0,0,0
3.0,0.0,126.0,0.0,0.0,0.9,3.0,2.0,2,800.0,0,0,0,0,1,2
3.0,3.0,145.0,1.0,3.0,9.0,4.0,4.0,3+,4235.0,0,1,1,1,0,0
3.0,2.0,81.0,0.0,2.0,1.7,5.0,5.0,2,2300.0,1,0,1,1,0,1
2.0,1.0,78.0,0.0,3.0,2.35,3.0,3.0,3,1720.0,0,1,0,0,0,2
1.0,1.0,168.0,0.0,0.0,0.41,2.0,2.0,2,483.0,0,0,0,0,0,0
2.0,3.0,125.0,0.0,1.0,4.79,5.0,5.0,3+,3292.0,1,1,0,1,0,2
4.0,0.0,135.0,0.0,3.0,5.5,5.0,6.0,3+,6123.358,0,1,0,1,0,0
3.0,2.0,150.0,1.0,0.0,3.0,7.0,7.0,0,2603.92,0,0,0,0,0,2
1.0,3.0,64.0,0.0,1.0,1.4,3.0,3.0,3,1200.0,0,1,0,0,0,2
2.0,0.0,144.0,0.0,2.0,7.0,3.0,3.0,2,3850.0,0,0,1,0,0,2
0.0,0.0,130.0,0.0,1.0,0.45,1.0,1.0,0,461.77131,0,0,0,1,0,0
1.0,3.0,169.0,0.0,3.0,1.05,2.0,2.0,3+,1336.8000000000002,0,0,1,0,0,2
1.0,3.0,168.0,0.0,2.0,1.35,3.0,3.0,3,1400.0,0,0,0,1,0,2
2.0,1.0,137.0,0.0,1.0,5.8,3.0,4.0,3,3025.0,0,1,0,0,0,0
3.0,1.0,95.0,1.0,3.0,13.0,12.0,16.0,3+,2702.0,1,1,1,1,0,0
1.0,1.0,171.0,0.0,0.0,0.45,2.0,2.0,1,625.490229,0,0,0,0,0,2
2.0,3.0,64.0,0.0,1.0,0.45,2.0,2.0,1,597.0,0,0,0,0,0,1
3.0,3.0,149.0,0.0,3.0,1.52,3.0,3.0,2,1262.4,0,0,0,1,0,0
0.0,1.0,110.0,0.0,1.0,0.95,3.0,3.0,3+,1500.0,0,0,0,0,0,2
0.0,3.0,165.0,0.0,1.0,0.85,2.0,2.0,2,1040.0,0,0,0,0,0,0
3.0,3.0,78.0,0.0,3.0,2.45,3.0,3.0,3+,1680.0,1,0,0,0,0,2
1.0,0.0,110.0,0.0,2.0,0.9,3.0,3.0,3,1537.148,0,0,0,0,0,0
3.0,3.0,98.0,1.0,3.0,12.5,16.0,17.0,3+,2432.0,1,1,0,1,1,1
2.0,3.0,171.0,0.0,3.0,1.19,2.0,2.0,3,1171.0,1,0,0,1,0,0
3.0,2.0,96.0,1.0,0.0,4.6,4.0,4.0,3+,3767.0,0,0,0,0,0,2
0.0,2.0,131.0,0.0,2.0,6.5,3.0,4.0,3+,2372.0,1,0,0,0,1,2
1.0,3.0,190.0,0.0,3.0,0.78,2.0,2.0,2,1165.6,1,0,0,0,0,0
1.0,3.0,190.0,0.0,1.0,0.4,2.0,2.0,2,597.5040889999999,0,0,0,0,0,2
3.0,3.0,177.0,0.0,1.0,0.7,3.0,2.0,2,1326.0,0,0,0,0,0,2
3.0,0.0,125.0,1.0,1.0,6.75,12.0,12.0,3+,2088.0,1,1,0,1,1,0
1.0,3.0,175.0,0.0,3.0,1.25,3.0,3.0,3,1540.0,0,0,0,1,0,2
1.0,1.0,179.0,0.0,0.0,0.6,2.0,2.0,3,1250.0,0,0,0,0,0,2
3.0,3.0,98.0,1.0,0.0,4.5,4.0,4.0,0,3195.72,0,0,0,0,0,2
1.0,3.0,70.0,0.0,1.0,0.6,3.0,2.0,2,650.0,0,0,0,0,0,2
3.0,1.0,170.0,0.0,0.0,0.6,3.0,2.0,2,750.0,0,0,0,0,0,2
1.0,3.0,168.0,0.0,2.0,0.36,2.0,2.0,1,481.0,0,0,1,0,0,1
2.0,1.0,142.0,1.0,2.0,8.5,4.0,4.0,3+,3948.92,0,0,0,0,0,2
3.0,0.0,98.0,1.0,3.0,11.25,9.0,9.0,3+,3240.0,0,1,1,1,0,0
1.0,3.0,144.0,0.0,3.0,1.7,3.0,3.0,3,809.0,1,0,0,0,0,0
3.0,3.0,170.0,0.0,2.0,0.45,2.0,2.0,1,581.3582389999999,0,0,0,0,0,2
3.0,0.0,124.0,1.0,1.0,8.4,4.0,5.0,3+,4004.0,1,1,0,1,0,0
3.0,0.0,113.0,1.0,0.0,15.0,5.0,5.0,3+,4499.0,0,1,0,0,0,0
3.0,2.0,95.0,1.0,2.0,6.3,4.0,4.0,3+,1797.0,0,1,1,0,0,2
3.0,3.0,144.0,0.0,1.0,6.15,3.0,5.0,3+,3844.0,0,1,0,0,0,1
3.0,0.0,177.0,0.0,2.0,0.56,3.0,1.0,3,1184.0,0,0,0,0,0,0
1.0,1.0,78.0,0.0,2.0,2.85,3.0,3.0,3+,1773.6,0,1,0,0,0,2
3.0,0.0,58.0,1.0,0.0,1.3,6.0,4.0,2,904.0,1,0,0,0,1,2
0.0,1.0,190.0,0.0,2.0,0.4,2.0,2.0,1,602.0,0,0,0,0,0,0
3.0,3.0,145.0,0.0,2.0,1.5,2.0,3.0,3,1050.0,0,1,0,0,1,0
1.0,0.0,63.0,0.0,0.0,0.9,3.0,3.0,3+,1829.6,0,1,0,0,0,2
0.0,1.0,78.0,0.0,1.0,3.72,5.0,4.0,3+,2660.0,0,0,0,1,0,1
2.0,3.0,66.0,0.0,1.0,2.45,3.0,4.0,3+,1840.0,0,1,0,0,0,0
1.0,0.0,88.0,0.0,0.0,0.8,3.0,2.0,3,1080.0,0,0,0,0,0,2
3.0,2.0,96.0,1.0,1.0,4.0,4.0,4.0,3,1345.0,0,0,1,0,0,2
1.0,3.0,76.0,0.0,1.0,0.36,1.0,1.0,1,405.0,0,0,0,0,0,2
3.0,2.0,79.0,0.0,0.0,1.15,3.0,4.0,2,2090.909,0,1,0,0,1,2
1.0,3.0,152.0,0.0,1.0,1.51,3.0,3.0,3,1580.8000000000002,0,1,0,0,0,2
2.0,3.0,144.0,0.0,1.0,2.0,2.0,2.0,2,1000.0,0,0,0,0,0,2
2.0,1.0,170.0,0.0,2.0,1.3,4.0,6.0,2,2228.8,0,1,0,0,1,2
2.0,1.0,179.0,0.0,2.0,0.55,2.0,2.0,2,1130.0,1,0,0,0,0,2
3.0,3.0,171.0,0.0,1.0,1.5,3.0,3.0,2,1850.0,0,0,0,0,0,2
3.0,3.0,150.0,0.0,0.0,0.66,3.0,3.0,2,1135.0,0,0,0,0,0,2
2.0,0.0,167.0,0.0,2.0,1.25,4.0,4.0,3,1600.0,0,1,0,0,0,2
2.0,3.0,66.0,0.0,2.0,0.98,3.0,3.0,3,1317.6,0,0,0,0,1,2
3.0,3.0,94.0,1.0,0.0,1.9,10.0,9.0,3+,5014.16,0,0,0,0,1,1
2.0,3.0,168.0,0.0,1.0,0.27,1.0,1.0,1,339.0,0,0,0,0,0,1
1.0,1.0,105.0,0.0,0.0,2.0,3.0,3.0,3+,1431.2,0,0,0,0,0,2
3.0,2.0,150.0,1.0,0.0,2.0,2.0,2.0,2,1442.0,0,0,0,0,0,2
2.0,0.0,124.0,0.0,2.0,4.25,4.0,5.0,3+,3642.4,1,0,0,0,0,0
2.0,1.0,141.0,0.0,1.0,3.95,3.0,3.0,3,2588.0,0,1,0,0,0,0
3.0,1.0,117.0,1.0,1.0,9.5,12.0,12.0,3+,2368.0,0,0,1,0,0,0
2.0,1.0,156.0,0.0,0.0,2.2,3.0,3.0,3,1614.4,1,0,0,0,0,0
3.0,3.0,151.0,0.0,1.0,1.23,2.0,2.0,3,1080.0,1,0,0,0,0,2
3.0,1.0,103.0,1.0,1.0,9.25,12.0,12.0,3+,2358.0,0,1,0,1,1,1
2.0,3.0,127.0,0.0,3.0,2.5,3.0,3.0,3,1674.4,0,0,0,1,0,0
2.0,3.0,71.0,0.0,1.0,2.95,3.0,4.0,2,1400.0,0,0,0,0,0,2
1.0,0.0,125.0,0.0,2.0,1.9,3.0,3.0,3,1805.0,0,1,0,0,0,0
3.0,0.0,127.0,1.0,0.0,11.29,5.0,5.0,3+,3240.0,1,0,0,1,0,2
3.0,3.0,70.0,0.0,3.0,1.3,3.0,3.0,3+,1457.0,0,0,0,1,0,0
2.0,3.0,169.0,0.0,1.0,1.05,2.0,2.0,1,92.0,0,0,0,0,0,2
2.0,1.0,177.0,0.0,0.0,0.79,3.0,2.0,2,1038.4,0,0,0,0,0,2
1.0,1.0,64.0,0.0,2.0,2.12,3.0,3.0,3,1320.0,0,0,0,0,0,2
3.0,2.0,130.0,0.0,2.0,1.5,4.0,4.0,3,1312.0,0,0,0,0,0,2
1.0,2.0,134.0,0.0,2.0,1.54,3.0,4.0,3+,1850.0,0,1,0,0,0,0
2.0,3.0,66.0,0.0,0.0,2.65,4.0,4.0,3+,2650.0,0,1,0,0,0,0
3.0,3.0,104.0,0.0,0.0,2.5,3.0,4.0,3+,1162.0,0,0,0,0,0,2
3.0,3.0,114.0,0.0,2.0,0.46,2.0,2.0,1,900.0,0,0,0,0,0,0
2.0,3.0,149.0,0.0,3.0,1.31,3.0,3.0,2,1230.4,0,0,0,1,0,0
2.0,3.0,64.0,0.0,3.0,2.15,3.0,4.0,3+,1719.2,1,1,0,0,0,0
3.0,1.0,135.0,1.0,1.0,7.25,9.0,9.0,3+,2702.0,0,1,0,1,1,0
1.0,0.0,63.0,0.0,2.0,0.48,2.0,2.0,3,770.0,0,0,0,0,0,2
3.0,3.0,96.0,1.0,3.0,18.9,6.0,8.0,2,4520.0,1,1,1,1,0,0
2.0,1.0,152.0,0.0,3.0,2.55,3.0,3.0,3,1720.0,0,1,0,1,1,0
3.0,2.0,196.0,1.0,0.0,3.75,4.0,4.0,3+,1840.0,0,0,0,0,0,0
3.0,2.0,81.0,1.0,1.0,4.15,5.0,4.0,2,2249.0,0,0,0,0,0,0
3.0,3.0,64.0,0.0,1.0,1.75,3.0,3.0,3+,1128.0,0,0,0,0,0,2
3.0,3.0,177.0,0.0,2.0,0.71,3.0,3.0,3,1326.0,0,0,0,1,0,2
1.0,3.0,64.0,0.0,3.0,1.45,3.0,3.0,2,1320.0,0,1,0,0,0,0
2.0,1.0,141.0,0.0,1.0,2.1,2.0,2.0,2,1206.5901344,0,1,0,0,0,2
2.0,3.0,169.0,0.0,3.0,1.98,3.0,4.0,3,2408.0,0,0,1,0,0,2
3.0,0.0,74.0,1.0,0.0,1.05,3.0,2.0,0,1076.0,0,0,0,0,0,2
2.0,1.0,105.0,0.0,2.0,1.67,3.0,2.0,2,1671.0,0,0,0,0,0,2
3.0,2.0,120.0,0.0,2.0,2.35,3.0,3.0,2,1405.0,0,0,1,0,0,0
3.0,3.0,181.0,0.0,1.0,1.38,4.0,5.0,3+,1930.0,0,1,0,0,1,2
3.0,0.0,56.0,1.0,0.0,1.8,5.0,5.0,3+,3024.0,0,0,0,0,0,2
1.0,0.0,169.0,0.0,2.0,1.1,3.0,4.0,3,1300.0,0,1,0,0,0,1
2.0,3.0,149.0,0.0,3.0,1.38,3.0,3.0,1,1538.0,0,0,0,0,0,2
0.0,2.0,129.0,0.0,0.0,0.3,1.0,1.0,2,410.0,0,0,0,0,0,2
1.0,0.0,135.0,0.0,1.0,2.5,3.0,3.0,3,1800.0,0,0,0,0,0,2
3.0,1.0,110.0,0.0,0.0,1.26,3.0,3.0,3,965.0,0,0,0,0,0,2
2.0,3.0,72.0,0.0,2.0,1.4,3.0,3.0,3+,1400.0,0,0,0,0,1,2
1.0,1.0,76.0,0.0,1.0,0.6,2.0,2.0,3,710.0,0,0,0,0,0,2
1.0,1.0,156.0,0.0,0.0,1.5,2.0,2.0,1,1400.0,0,0,0,0,0,2
1.0,3.0,111.0,0.0,3.0,0.98,3.0,3.0,3+,1400.0,0,0,0,1,0,2
2.0,3.0,66.0,0.0,1.0,1.2,2.0,2.0,2,683.830567,0,0,0,0,0,2
1.0,2.0,174.0,0.0,1.0,1.1,3.0,2.0,3,1800.0,0,0,0,0,0,2
1.0,3.0,164.0,0.0,1.0,2.2,3.0,3.0,3+,1257.0,1,1,0,1,1,1
3.0,3.0,147.0,0.0,2.0,0.55,2.0,2.0,2,523.0,0,0,0,0,0,2
3.0,0.0,68.0,1.0,0.0,0.55,4.0,4.0,0,484.2,0,0,0,0,0,2
3.0,1.0,190.0,1.0,1.0,1.55,2.0,3.0,2,1055.0,1,0,0,1,0,0
3.0,1.0,157.0,0.0,2.0,1.08,3.0,3.0,3,1568.0,0,1,0,0,0,2
3.0,3.0,96.0,1.0,0.0,16.0,4.0,4.0,3,4499.0,1,0,1,1,0,2
2.0,3.0,169.0,0.0,1.0,1.75,3.0,3.0,2,1825.008,0,0,0,0,0,2
2.0,3.0,175.0,0.0,3.0,1.2,3.0,3.0,3+,1400.0,0,0,0,0,0,2
1.0,3.0,71.0,0.0,2.0,0.9,2.0,3.0,3,1026.4,0,1,0,0,1,2
3.0,3.0,123.0,0.0,1.0,1.05,2.0,2.0,2,997.0,0,0,0,0,0,0
3.0,0.0,32.0,0.0,2.0,1.85,3.0,2.0,3,1248.0,1,1,0,0,0,2
1.0,0.0,63.0,0.0,0.0,0.85,3.0,3.0,0,2199.793,0,0,0,0,0,2
1.0,3.0,125.0,0.0,1.0,2.55,3.0,4.0,3,1760.0,1,0,0,0,0,0
3.0,2.0,96.0,1.0,1.0,5.8,4.0,4.0,3+,4520.0,0,0,0,0,0,2
3.0,1.0,190.0,0.0,1.0,0.27,2.0,2.0,2,576.0,0,0,0,0,0,2
2.0,1.0,190.0,0.0,1.0,0.32,2.0,2.0,1,585.0,0,0,0,0,0,2
3.0,0.0,127.0,0.0,1.0,1.05,2.0,2.0,2,988.0,0,0,0,0,0,2
3.0,0.0,112.0,1.0,0.0,3.5,3.0,2.0,2,1722.0,0,0,0,0,0,2
3.0,3.0,165.0,0.0,3.0,1.28,3.0,3.0,3,1500.0,1,0,0,0,0,0
2.0,0.0,64.0,0.0,0.0,1.6,2.0,2.0,3,1367.521,0,0,0,0,0,2
3.0,2.0,96.0,1.0,2.0,13.5,5.0,5.0,3,4520.0,1,1,1,1,0,0
1.0,4.0,190.0,0.0,1.0,0.93,2.0,2.0,2,875.0,0,0,0,0,1,2
3.0,2.0,134.0,0.0,1.0,0.45,1.0,1.0,2,480.0,0,0,0,0,0,2
2.0,3.0,144.0,0.0,1.0,3.67,3.0,3.0,2,1632.0,0,1,0,0,0,2
1.0,3.0,70.0,0.0,0.0,0.36,2.0,2.0,1,438.4,0,0,0,0,0,2
2.0,0.0,175.0,0.0,1.0,1.25,3.0,3.0,3,1362.4,0,1,0,0,0,2
3.0,3.0,39.0,1.0,1.0,2.95,4.0,4.0,2,2702.0,0,1,0,0,0,0
2.0,3.0,149.0,0.0,2.0,1.72,4.0,4.0,1,1576.0,0,0,0,0,0,2
0.0,2.0,99.0,0.0,0.0,0.8,3.0,3.0,1,1040.0,0,0,0,0,0,2
3.0,3.0,72.0,1.0,3.0,6.2,5.0,5.0,2,2432.0,0,1,0,0,0,2
2.0,3.0,165.0,0.0,3.0,1.37,3.0,3.0,3,1565.0,1,1,0,1,0,0
3.0,0.0,113.0,1.0,0.0,0.34,1.0,1.0,1,451.92,0,0,0,0,0,2
3.0,1.0,133.0,1.0,1.0,1.64,3.0,3.0,2,1625.0,1,1,0,0,0,0
2.0,3.0,77.0,0.0,3.0,3.4,3.0,3.0,2,2241.6,0,0,0,0,0,0
2.0,3.0,167.0,0.0,0.0,1.08,3.0,3.0,2,1388.0,0,0,0,0,1,2
1.0,3.0,131.0,0.0,1.0,5.0,3.0,4.0,3+,2200.0,0,1,0,1,1,0
3.0,0.0,132.0,0.0,3.0,1.55,3.0,3.0,3+,1900.0,0,0,0,1,1,0
2.0,3.0,71.0,0.0,1.0,3.95,3.0,4.0,2,1512.0,0,1,0,0,0,2
3.0,1.0,72.0,0.0,1.0,1.5,3.0,3.0,1,2267.0,0,1,0,0,0,2
3.0,0.0,79.0,1.0,0.0,0.7,4.0,4.0,1,1701.0,0,0,0,0,0,2
2.0,3.0,177.0,0.0,2.0,1.55,3.0,3.0,3,1600.0,0,1,0,0,0,0
2.0,3.0,190.0,0.0,2.0,0.35,2.0,2.0,2,576.0,0,0,0,0,0,2
1.0,0.0,159.0,0.0,0.0,1.05,3.0,3.0,3,1390.0,0,0,0,0,0,2
0.0,3.0,149.0,0.0,3.0,1.2,2.0,3.0,1,1080.0,0,0,0,0,0,2
1.0,3.0,190.0,0.0,0.0,0.38,2.0,2.0,2,650.0,0,0,0,0,0,2
3.0,0.0,74.0,1.0,0.0,0.38,2.0,2.0,1,452.0,0,0,0,0,0,2
3.0,3.0,153.0,0.0,1.0,1.2,3.0,3.0,3,1296.0,0,0,0,0,1,0
3.0,3.0,149.0,0.0,2.0,1.43,3.0,3.0,2,1039.0,0,0,0,1,0,2
1.0,2.0,136.0,0.0,1.0,4.0,3.0,4.0,3,1731.2,0,1,0,0,0,0
2.0,3.0,170.0,0.0,1.0,1.3,3.0,3.0,3,1544.0,0,1,0,1,0,0
2.0,4.0,159.0,0.0,1.0,0.99,2.0,2.0,3,1296.8000000000002,0,0,0,0,1,2
3.0,3.0,149.0,0.0,2.0,1.65,3.0,3.0,2,1859.784,0,0,0,0,0,0
3.0,2.0,124.0,0.0,3.0,1.5,3.0,3.0,3,1400.0,0,0,0,0,0,0
3.0,1.0,140.0,0.0,1.0,2.6,3.0,3.0,2,1304.0,0,0,0,0,0,2
1.0,3.0,92.0,0.0,3.0,2.55,3.0,3.0,3,1400.0,0,0,0,0,1,0
1.0,3.0,69.0,0.0,3.0,1.25,3.0,4.0,3+,1130.0,0,1,0,0,0,2
1.0,3.0,78.0,0.0,2.0,2.45,3.0,3.0,3,1780.0,0,0,0,0,0,2
3.0,2.0,150.0,1.0,0.0,1.16,5.0,4.0,2,110.0,0,0,0,0,0,2
1.0,0.0,63.0,0.0,0.0,0.65,3.0,2.0,3+,1526.0,0,0,0,0,0,2
3.0,4.0,20.0,0.0,0.0,1.2,3.0,3.0,3+,1940.178,0,1,0,0,0,2
1.0,3.0,110.0,0.0,1.0,0.98,3.0,4.0,3,1510.0,0,1,0,0,1,2
1.0,3.0,69.0,0.0,1.0,1.14,3.0,4.0,3,1173.0,1,1,0,0,0,2
0.0,3.0,170.0,0.0,1.0,1.25,3.0,4.0,3,1184.0,1,0,0,0,0,2
1.0,3.0,78.0,0.0,2.0,1.75,2.0,2.0,3,1258.4,1,0,0,0,0,2
1.0,1.0,175.0,0.0,0.0,0.4,2.0,2.0,1,526.0,0,0,0,0,0,2
3.0,3.0,72.0,1.0,1.0,11.25,7.0,5.0,3+,4499.0,1,1,0,1,0,2
3.0,0.0,127.0,0.0,3.0,2.65,3.0,3.0,3+,2350.0,0,1,0,0,0,2
3.0,1.0,7.0,0.0,1.0,1.6,3.0,3.0,3,1400.0,0,0,0,0,0,2
1.0,1.0,181.0,0.0,2.0,0.31,2.0,2.0,2,525.0,0,0,0,0,0,2
2.0,3.0,190.0,0.0,3.0,0.96,2.0,2.0,3+,849.0,1,0,0,0,0,2
3.0,1.0,152.0,0.0,2.0,1.6,3.0,3.0,3,1575.0,0,1,0,0,1,2
1.0,2.0,134.0,0.0,2.0,1.39,3.0,2.0,3,1650.0,0,1,0,1,0,0
1.0,3.0,167.0,0.0,2.0,1.1,3.0,3.0,3+,1500.0,0,0,0,0,0,0
3.0,0.0,127.0,1.0,1.0,7.35,4.0,4.0,3+,2163.0,0,1,0,1,0,0
3.0,1.0,94.0,0.0,1.0,6.5,4.0,5.0,3+,3500.0,0,1,0,0,0,1
1.0,3.0,120.0,0.0,0.0,6.5,4.0,5.0,2,2352.0,0,1,0,0,0,2
3.0,3.0,105.0,0.0,1.0,1.55,3.0,4.0,1,1256.0,0,1,0,0,0,2
3.0,2.0,98.0,1.0,2.0,6.0,4.0,4.0,3+,2702.0,1,0,0,0,0,0
3.0,3.0,112.0,1.0,3.0,4.0,9.0,9.0,3+,3800.0,0,0,1,1,0,0
1.0,3.0,64.0,0.0,3.0,1.55,3.0,4.0,3,1022.5705,0,1,0,0,0,0
3.0,0.0,127.0,1.0,0.0,11.58,5.0,5.0,3,3240.0,0,1,0,0,0,2
1.0,0.0,182.0,0.0,1.0,1.5,4.0,3.0,3+,1850.0,0,0,0,0,0,2
1.0,1.0,120.0,1.0,0.0,3.0,12.0,12.0,3+,5022.0,0,0,0,0,1,1
0.0,3.0,178.0,0.0,0.0,0.4,2.0,2.0,0,730.06,0,0,0,0,0,2
3.0,0.0,46.0,1.0,0.0,0.34,2.0,2.0,2,269.0,0,0,0,0,0,2
3.0,0.0,150.0,1.0,0.0,0.75,3.0,5.0,3,603.0,0,0,0,0,0,2
1.0,4.0,65.0,0.0,2.0,1.5,3.0,3.0,3+,1730.0,0,0,0,0,0,2
3.0,0.0,125.0,1.0,3.0,4.45,6.0,6.0,3,2884.0,1,1,1,1,0,1
2.0,3.0,149.0,0.0,1.0,2.06,3.0,3.0,3,1449.6,0,0,0,0,0,2
1.0,0.0,170.0,0.0,3.0,1.26,3.0,3.0,3,1544.0,0,1,0,0,1,2
3.0,1.0,190.0,0.0,2.0,0.95,2.0,2.0,3+,834.9557229999999,1,0,0,0,0,2
3.0,4.0,110.0,0.0,3.0,0.4,2.0,2.0,3,680.0,0,0,0,0,0,2
1.0,3.0,75.0,0.0,3.0,3.4,4.0,5.0,3,2800.0,0,1,0,0,0,2
2.0,3.0,175.0,0.0,3.0,1.65,4.0,4.0,3+,2215.0,0,0,0,0,0,0
3.0,3.0,169.0,0.0,3.0,1.1,2.0,2.0,3+,1218.0,0,0,1,0,0,2
3.0,3.0,110.0,0.0,1.0,0.42,2.0,2.0,2,750.0,0,0,0,0,0,2
3.0,3.0,78.0,0.0,1.0,2.7,3.0,4.0,3+,1650.0,0,1,0,0,0,0
1.0,1.0,78.0,0.0,2.0,1.83,2.0,2.0,0,1310.044,0,0,0,0,0,2
3.0,3.0,110.0,0.0,1.0,1.44,3.0,3.0,3+,1600.0,1,1,0,0,1,2
1.0,2.0,182.0,0.0,0.0,1.3,4.0,4.0,3+,2579.877,0,0,0,0,0,2
3.0,0.0,126.0,1.0,1.0,0.7,2.0,2.0,0,904.0,0,0,0,0,0,0
3.0,3.0,72.0,1.0,3.0,6.0,4.0,4.0,3+,2432.0,1,1,1,1,0,2
1.0,3.0,169.0,0.0,3.0,0.55,2.0,2.0,2,950.0,0,0,0,0,1,2
2.0,4.0,151.0,0.0,2.0,1.3,3.0,3.0,3,2321.429,0,0,0,0,0,0
1.0,3.0,168.0,0.0,0.0,0.85,2.0,2.0,3,1050.0,0,0,0,0,0,0
1.0,3.0,145.0,0.0,2.0,3.45,3.0,4.0,3,1800.0,0,1,0,0,0,0
1.0,3.0,175.0,0.0,2.0,0.75,2.0,2.0,3,1300.0,0,0,0,0,0,2
3.0,3.0,167.0,0.0,3.0,1.72,3.0,3.0,3,1240.00128,0,1,0,0,0,0
3.0,0.0,122.0,1.0,1.0,4.25,5.0,4.0,2,1840.0,0,0,1,0,0,0
1.0,3.0,171.0,0.0,2.0,1.45,2.0,2.0,3+,1166.384,1,0,0,0,0,1
3.0,0.0,167.0,0.0,2.0,1.04,3.0,2.0,2,1100.0,0,0,0,0,0,2
1.0,1.0,180.0,0.0,0.0,0.5,2.0,1.0,2,587.0,0,0,0,0,0,2
2.0,3.0,156.0,0.0,3.0,1.6,2.0,2.0,2,1345.0,0,0,0,0,0,0
3.0,3.0,143.0,0.0,0.0,1.4,2.0,2.0,2,1235.0,0,0,0,0,1,2
2.0,1.0,110.0,0.0,2.0,1.5,3.0,4.0,3+,1886.4,0,1,0,0,1,2
3.0,2.0,88.0,1.0,0.0,3.0,6.0,4.0,3+,1561.0,0,0,0,0,0,0
2.0,3.0,156.0,0.0,3.0,1.54,2.0,2.0,3+,1139.0,0,0,0,0,1,2
1.0,0.0,142.0,0.0,2.0,2.2,3.0,4.0,3+,1373.6,1,0,0,0,0,0
3.0,3.0,95.0,1.0,3.0,10.85,6.0,6.0,1,2841.0,0,0,1,0,0,0
1.0,1.0,179.0,0.0,1.0,0.26,1.0,1.0,1,380.0,0,0,0,0,0,2
2.0,1.0,190.0,0.0,0.0,0.21,1.0,1.0,1,450.0,0,0,0,0,0,2
3.0,3.0,179.0,0.0,1.0,0.21,1.0,1.0,1,366.080239,0,0,0,1,0,2
3.0,1.0,146.0,1.0,0.0,1.5,5.0,3.0,2,180.0,0,0,0,0,0,2
1.0,3.0,151.0,0.0,2.0,1.07,2.0,2.0,3,1080.0,1,0,0,0,0,2
3.0,3.0,65.0,0.0,2.0,0.89,2.0,3.0,3,1081.0,0,1,0,0,0,0
0.0,2.0,99.0,0.0,2.0,1.2,2.0,2.0,3,1155.2,0,0,0,0,0,2
3.0,2.0,79.0,1.0,0.0,2.9,7.0,7.0,3,2702.0,0,0,0,0,0,2
1.0,3.0,164.0,0.0,1.0,4.45,4.0,4.0,3+,3600.0,1,1,0,1,1,0
3.0,3.0,178.0,1.0,1.0,1.3,3.0,2.0,1,1152.0,0,0,0,0,0,2
2.0,0.0,146.0,0.0,3.0,2.95,3.0,3.0,3+,2036.0,0,1,0,1,0,0
2.0,1.0,180.0,0.0,1.0,1.6,3.0,4.0,0,2399.88,0,0,0,0,0,2
3.0,1.0,173.0,0.0,1.0,0.85,2.0,2.0,2,1103.0,1,0,0,0,0,2
1.0,1.0,73.0,0.0,1.0,0.8,2.0,3.0,2,1250.0,0,0,0,0,0,2
1.0,3.0,175.0,0.0,1.0,2.05,4.0,4.0,3+,1772.0,0,0,0,0,0,0
2.0,1.0,169.0,0.0,2.0,1.3,2.0,2.0,2,1312.0,0,0,0,0,0,2
3.0,3.0,126.0,0.0,0.0,0.26,1.0,1.0,1,583.0,0,0,0,0,0,2
0.0,3.0,110.0,0.0,0.0,0.95,3.0,1.0,0,1819.923,0,0,0,0,0,2
3.0,0.0,122.0,1.0,2.0,5.65,8.0,6.0,3+,2368.0,0,1,0,0,0,0
1.0,3.0,169.0,0.0,1.0,2.1,4.0,4.0,3,2400.0,1,1,0,1,0,2
1.0,0.0,167.0,0.0,2.0,1.15,3.0,3.0,1,1400.0,0,0,0,0,0,0
1.0,3.0,151.0,0.0,1.0,1.78,3.0,3.0,3+,1560.0,0,1,0,0,1,2
1.0,3.0,190.0,0.0,2.0,0.26,2.0,2.0,1,481.684525,0,0,0,0,0,2
1.0,3.0,70.0,0.0,1.0,0.28,2.0,2.0,2,489.0,0,0,0,0,0,2
2.0,3.0,164.0,0.0,2.0,0.64,2.0,2.0,3,1225.0,0,0,0,0,0,0
1.0,2.0,120.0,0.0,3.0,5.25,4.0,4.0,3,2575.0,0,1,0,1,1,2
4.0,3.0,175.0,0.0,3.0,1.88,4.0,4.0,3+,2727.0,0,1,0,1,0,2
3.0,0.0,68.0,1.0,0.0,0.74,3.0,3.0,0,1000.68,0,0,0,0,0,2
3.0,1.0,190.0,0.0,2.0,0.35,2.0,2.0,1,629.0,0,0,0,0,0,2
1.0,3.0,75.0,0.0,3.0,3.7,4.0,5.0,3,2720.0,0,1,0,0,0,2
3.0,0.0,94.0,1.0,3.0,6.0,6.0,7.0,3+,2841.0,1,1,1,1,0,0
1.0,3.0,164.0,0.0,2.0,1.15,3.0,2.0,3+,1282.0,1,0,0,0,0,0
3.0,3.0,110.0,0.0,1.0,1.43,3.0,3.0,3+,1700.0,1,1,0,0,1,2
2.0,1.0,64.0,0.0,2.0,1.95,3.0,3.0,3,1128.0567199999998,0,0,1,0,0,2
2.0,3.0,111.0,0.0,1.0,1.77,4.0,3.0,3,1860.0,1,1,0,1,1,2
3.0,3.0,164.0,0.0,1.0,1.45,3.0,2.0,3+,1082.0,0,0,0,0,1,2
3.0,2.0,96.0,1.0,2.0,4.5,3.0,3.0,2,1345.0,0,0,0,1,0,0
0.0,3.0,149.0,0.0,1.0,1.9,4.0,4.0,2,1608.0,0,0,0,0,0,2
1.0,3.0,72.0,0.0,3.0,1.72,3.0,4.0,3+,1720.0,0,1,0,0,0,2
3.0,3.0,139.0,0.0,3.0,2.82,3.0,3.0,3,2200.0,0,1,0,0,0,0
3.0,0.0,190.0,1.0,0.0,5.5,3.0,3.0,0,1001.0,0,0,0,0,0,2
1.0,2.0,98.0,0.0,0.0,4.3,3.0,4.0,3,2769.5945256,0,1,1,0,0,2
1.0,0.0,134.0,0.0,2.0,1.55,3.0,3.0,3+,1750.0,0,1,0,1,0,0
2.0,2.0,124.0,0.0,3.0,1.6,3.0,3.0,3,1600.0,0,0,0,0,1,0
3.0,1.0,173.0,0.0,2.0,1.1,2.0,2.0,2,1103.0,0,0,1,0,0,2
3.0,3.0,96.0,1.0,0.0,4.0,4.0,3.0,2,8811.0,0,0,0,0,0,0
3.0,2.0,80.0,1.0,0.0,4.5,4.0,5.0,2,4951.0,0,0,0,0,0,2
2.0,4.0,76.0,0.0,0.0,1.65,3.0,4.0,3+,1860.0,0,1,0,0,1,2
3.0,3.0,68.0,1.0,0.0,0.43,3.0,3.0,3,462.68,0,0,0,0,0,2
3.0,3.0,46.0,0.0,0.0,0.29,2.0,1.0,1,900.0,0,0,0,0,1,2
3.0,3.0,124.0,1.0,3.0,8.25,4.0,4.0,3+,240.0,0,1,1,0,0,0
3.0,3.0,175.0,0.0,3.0,0.92,3.0,4.0,3,1161.0,0,1,0,0,0,2
3.0,4.0,140.0,0.0,0.0,1.7,2.0,2.0,2,1150.0,0,0,0,0,0,2
1.0,3.0,107.0,0.0,0.0,0.5,1.0,1.0,1,500.0,0,0,0,0,0,2
1.0,3.0,169.0,0.0,3.0,1.93,3.0,4.0,3,2408.0,0,1,0,0,0,2
3.0,3.0,177.0,0.0,0.0,0.78,2.0,2.0,3,700.0,0,0,0,0,1,2
1.0,3.0,64.0,0.0,2.0,2.12,3.0,3.0,3,1250.0,0,0,0,0,0,2
3.0,0.0,135.0,1.0,2.0,3.15,5.0,4.0,3+,1550.0,0,0,1,0,0,0
3.0,2.0,88.0,1.0,1.0,1.15,3.0,3.0,2,592.0,0,0,0,0,0,0
1.0,2.0,134.0,0.0,2.0,1.85,3.0,4.0,3,2050.0,0,1,0,0,0,2
3.0,3.0,152.0,0.0,1.0,1.7,4.0,3.0,3,1900.0,0,0,0,0,0,0
3.0,0.0,120.0,1.0,3.0,10.85,8.0,8.0,3,3767.0,1,1,1,1,0,1
2.0,3.0,164.0,0.0,3.0,2.3,3.0,4.0,3+,1600.0,0,1,0,0,0,1
3.0,0.0,125.0,1.0,1.0,4.05,3.0,3.0,3,1950.0,0,1,1,0,0,2
3.0,1.0,145.0,1.0,3.0,8.7,4.0,5.0,2,2248.84,1,1,0,0,0,2
2.0,1.0,158.0,0.0,3.0,2.1,3.0,4.0,3+,1500.0,0,1,0,0,0,0
3.0,4.0,144.0,0.0,1.0,1.9,2.0,2.0,3,1008.8,0,0,0,0,0,2
2.0,1.0,105.0,0.0,1.0,1.15,2.0,2.0,2,92.44,0,0,0,0,0,2
3.0,0.0,120.0,0.0,2.0,3.8,3.0,3.0,3+,2450.032,0,1,0,1,0,0
1.0,3.0,76.0,0.0,3.0,2.65,3.0,4.0,2,1950.0,0,1,0,0,0,0
3.0,3.0,88.0,0.0,1.0,1.28,3.0,3.0,3,1340.0,0,0,0,0,0,0
1.0,3.0,92.0,0.0,3.0,1.65,2.0,2.0,2,1000.0,0,0,0,1,1,1
3.0,2.0,135.0,1.0,0.0,6.0,4.0,5.0,2,2702.0,0,1,0,1,0,0
1.0,3.0,179.0,0.0,2.0,0.2,1.0,1.0,1,366.080239,0,0,0,0,0,2
3.0,2.0,98.0,0.0,2.0,1.0,1.0,1.0,1,880.0,1,0,0,1,0,0
3.0,3.0,122.0,1.0,1.0,2.25,4.0,3.0,3,85.0,1,0,0,0,0,0
3.0,0.0,105.0,1.0,1.0,9.5,6.0,6.0,3+,4941.0,0,0,0,0,0,0
1.0,3.0,64.0,0.0,2.0,1.35,3.0,3.0,3,1022.5705,0,1,0,0,0,2
2.0,1.0,164.0,0.0,3.0,2.26,3.0,4.0,3+,1680.0,0,1,0,0,0,1
1.0,3.0,169.0,0.0,1.0,1.25,2.0,2.0,3,1741.0,0,0,0,0,0,2
2.0,4.0,157.0,0.0,1.0,0.75,2.0,2.0,2,588.0,0,0,0,0,0,2
3.0,3.0,72.0,1.0,3.0,7.0,5.0,5.0,3+,6232.0,0,1,0,0,0,2
1.0,1.0,105.0,0.0,1.0,1.35,3.0,2.0,3+,1312.0,0,0,0,1,0,2
3.0,4.0,134.0,0.0,0.0,2.0,4.0,4.0,2,1840.0,0,0,0,0,0,2
3.0,3.0,120.0,1.0,0.0,2.5,7.0,7.0,3,8622.0,0,0,0,0,1,1
3.0,0.0,63.0,0.0,0.0,0.68,3.0,3.0,3,1526.032,0,0,0,0,0,2
2.0,3.0,71.0,0.0,1.0,0.98,2.0,3.0,3,734.420897,1,1,1,1,0,2
3.0,2.0,85.0,1.0,0.0,3.0,4.0,4.0,0,2700.0,0,0,0,0,0,2
1.0,0.0,130.0,0.0,0.0,1.85,3.0,3.0,3,1880.0,0,1,0,0,0,2
3.0,0.0,103.0,1.0,0.0,4.6,2.0,2.0,2,1069.0,0,0,0,0,0,2
2.0,0.0,127.0,0.0,2.0,2.51,3.0,3.0,3,1674.4,0,0,1,1,0,0
3.0,3.0,40.0,1.0,0.0,0.42,2.0,2.0,1,904.0,0,0,0,0,0,2
2.0,3.0,148.0,0.0,1.0,1.0,2.0,2.0,3,800.0,0,0,0,0,0,2
2.0,1.0,177.0,0.0,2.0,0.5,3.0,3.0,1,640.0,0,0,0,0,0,1
1.0,3.0,164.0,0.0,3.0,2.45,3.0,3.0,2,1500.0,0,1,0,0,0,0
3.0,0.0,127.0,1.0,2.0,7.5,3.0,3.0,2,240.0,0,1,0,0,0,0
3.0,2.0,150.0,1.0,0.0,3.85,4.0,4.0,3,2626.0,0,0,0,0,0,2
1.0,3.0,143.0,0.0,0.0,0.7,1.0,1.0,0,350.0,0,0,0,0,0,2
3.0,2.0,118.0,1.0,0.0,9.0,8.0,5.0,3+,3240.0,0,1,1,1,0,0
3.0,1.0,190.0,0.0,3.0,0.68,2.0,2.0,2,824.0,0,0,0,0,0,2
3.0,3.0,125.0,1.0,0.0,6.5,5.0,5.0,2,3455.0,1,1,0,1,0,0
3.0,0.0,79.0,1.0,0.0,3.71,3.0,3.0,1,1873.0,0,0,0,1,0,2
3.0,1.0,179.0,0.0,0.0,0.4,2.0,2.0,3,594.490197,0,0,0,0,0,2
3.0,3.0,124.0,0.0,2.0,1.38,3.0,3.0,1,1450.0,0,0,0,0,0,2
3.0,0.0,88.0,1.0,0.0,5.6,8.0,6.0,3+,3240.0,1,1,1,1,0,2
3.0,3.0,154.0,1.0,1.0,8.6,4.0,5.0,3+,6994.0,0,0,0,0,0,0
3.0,3.0,139.0,1.0,3.0,18.02,9.0,12.0,3+,6391.44,0,1,0,0,0,0
1.0,3.0,144.0,0.0,1.0,4.7,3.0,3.0,3+,1231.0,0,1,0,1,0,0
2.0,3.0,149.0,0.0,2.0,1.36,3.0,3.0,1,1039.0,0,0,0,1,0,2
2.0,3.0,171.0,0.0,1.0,1.45,3.0,3.0,3,1794.0,0,0,0,0,0,2
3.0,3.0,64.0,0.0,1.0,1.42,3.0,3.0,3,1022.0,0,0,0,0,1,2
1.0,3.0,164.0,0.0,2.0,2.35,3.0,4.0,3+,2354.0,0,1,0,0,0,2
0.0,0.0,134.0,0.0,3.0,0.65,1.0,1.0,1,755.0,0,0,0,0,0,2
3.0,0.0,120.0,1.0,2.0,15.5,5.0,6.0,3,5489.0,1,1,1,1,0,2
1.0,3.0,190.0,0.0,1.0,0.46,2.0,2.0,2,710.0,0,0,0,0,0,1
2.0,3.0,148.0,0.0,3.0,1.32,2.0,2.0,3,1205.6,1,0,0,0,0,2
3.0,1.0,181.0,0.0,1.0,0.3,2.0,2.0,1,550.0,0,0,0,0,0,2
3.0,3.0,64.0,0.0,3.0,1.9,3.0,3.0,3+,2250.0,0,1,0,0,0,2
2.0,0.0,88.0,0.0,2.0,1.02,2.0,2.0,3,1132.0,0,0,0,0,0,2
2.0,3.0,111.0,0.0,3.0,1.55,4.0,3.0,3+,1800.0,0,0,0,0,1,0
3.0,0.0,138.0,1.0,0.0,0.85,2.0,2.0,0,1100.0,0,0,0,0,0,2
3.0,3.0,111.0,1.0,0.0,2.5,5.0,5.0,3+,1905.0,0,0,0,0,0,2
3.0,1.0,173.0,0.0,1.0,1.3,3.0,3.0,3+,1910.0,0,1,0,0,0,2
2.0,1.0,190.0,0.0,2.0,0.3,2.0,2.0,1,585.448521,0,0,0,0,0,2
3.0,3.0,167.0,0.0,3.0,1.42,3.0,3.0,2,1775.0,0,0,0,0,0,0
2.0,0.0,111.0,0.0,1.0,1.0,3.0,3.0,3+,1416.0,0,0,0,0,0,2
1.0,3.0,70.0,0.0,2.0,1.3,3.0,3.0,3,1202.0,0,0,0,1,0,2
3.0,3.0,177.0,0.0,0.0,0.99,3.0,2.0,3,1091.029,0,0,0,0,0,2
2.0,3.0,64.0,0.0,1.0,1.8,3.0,4.0,3,1511.2,0,1,0,0,0,2
2.0,0.0,146.0,1.0,1.0,8.0,6.0,7.0,3+,3595.0,1,1,0,1,0,0
1.0,3.0,168.0,0.0,1.0,1.15,2.0,2.0,3,1200.0,1,0,0,0,0,0
1.0,0.0,169.0,0.0,1.0,0.72,3.0,3.0,2,1250.0,0,0,0,0,1,2
3.0,1.0,190.0,0.0,1.0,0.54,2.0,2.0,3,528.292212,0,0,0,0,0,2
3.0,3.0,190.0,0.0,3.0,0.65,2.0,2.0,2,922.4,0,0,0,1,0,2
3.0,3.0,112.0,1.0,0.0,2.1,7.0,7.0,3+,904.0,1,0,1,1,0,2
2.0,3.0,170.0,0.0,3.0,1.27,3.0,4.0,3,1450.0,0,1,0,1,0,2
1.0,3.0,177.0,0.0,1.0,0.8,4.0,3.0,2,1520.0,0,0,0,0,1,2
3.0,1.0,97.0,1.0,1.0,8.25,12.0,12.0,3+,1845.0,0,1,0,1,0,0
3.0,3.0,145.0,0.0,0.0,3.9,3.0,4.0,3,2092.724,0,0,0,0,0,2
1.0,1.0,78.0,0.0,3.0,1.35,2.0,2.0,3,965.0,0,0,0,0,0,2
1.0,4.0,173.0,0.0,2.0,0.8,2.0,3.0,3,1328.0,1,0,0,0,1,2
1.0,2.0,125.0,0.0,1.0,1.79,3.0,3.0,3,1400.0,0,1,0,0,0,2
3.0,0.0,138.0,0.0,1.0,0.48,3.0,2.0,2,100.0,0,0,0,0,0,2
3.0,3.0,144.0,0.0,2.0,2.8,3.0,3.0,2,1320.0,0,1,0,0,0,2
1.0,3.0,164.0,0.0,3.0,2.2,3.0,4.0,3+,2300.0,0,1,0,0,0,0
3.0,1.0,105.0,0.0,1.0,1.75,3.0,3.0,0,1995.894,0,0,0,0,0,2
1.0,3.0,165.0,0.0,3.0,0.85,2.0,2.0,2,1144.0,1,0,0,0,0,2
3.0,0.0,134.0,0.0,3.0,1.45,3.0,3.0,3+,1520.0,0,0,0,0,0,0
2.0,1.0,147.0,0.0,1.0,0.7,2.0,2.0,1,591.0,0,0,0,0,0,2
1.0,4.0,173.0,0.0,1.0,0.8,2.0,2.0,2,1297.0,0,0,0,0,0,2
3.0,0.0,68.0,1.0,0.0,0.35,2.0,2.0,1,500.0,0,0,0,0,0,2
3.0,0.0,127.0,0.0,2.0,2.75,3.0,3.0,3,2200.0,0,1,0,0,0,2
3.0,0.0,170.0,1.0,3.0,2.47,4.0,4.0,3+,2200.0,0,1,0,1,0,0
1.0,0.0,124.0,0.0,1.0,5.15,3.0,3.0,3+,2264.0,0,1,0,0,0,1
3.0,1.0,66.0,0.0,2.0,1.95,3.0,3.0,3+,2290.0,0,1,0,0,0,2
3.0,3.0,112.0,1.0,1.0,4.3,9.0,9.0,3+,164.0,0,0,0,1,1,0
1.0,3.0,151.0,0.0,2.0,1.66,3.0,5.0,3,1161.0,0,1,0,0,0,2
2.0,1.0,66.0,0.0,3.0,2.3,3.0,4.0,3+,2290.0,0,1,0,0,0,2
1.0,3.0,190.0,0.0,1.0,0.27,2.0,2.0,2,621.404,0,0,0,0,0,2
1.0,3.0,145.0,0.0,0.0,2.7,4.0,4.0,3,2211.2000000000003,0,1,0,0,1,2
3.0,1.0,190.0,0.0,2.0,0.95,3.0,2.0,3+,1210.191,0,0,0,0,0,2
3.0,0.0,191.0,1.0,0.0,0.82,3.0,2.0,1,2100.0,0,0,0,0,0,2
3.0,3.0,145.0,1.0,3.0,12.0,4.0,4.0,3+,3240.0,1,1,1,1,0,0
3.0,3.0,127.0,1.0,3.0,12.25,5.0,7.0,3+,5844.0,1,1,0,1,1,0
3.0,3.0,174.0,1.0,0.0,3.5,9.0,9.0,3+,2605.0,1,0,0,0,0,2
2.0,3.0,169.0,0.0,2.0,1.83,3.0,3.0,3+,1829.0,0,0,0,0,0,2
2.0,1.0,92.0,0.0,3.0,2.79,3.0,3.0,3,1300.0,0,0,0,0,0,1
3.0,0.0,98.0,0.0,0.0,1.35,2.0,2.0,2,1125.751,0,0,0,0,0,2
3.0,3.0,43.0,0.0,0.0,0.4,2.0,2.0,1,600.0,0,0,0,0,0,2
1.0,0.0,152.0,0.0,1.0,1.2,2.0,2.0,3,1136.0,0,0,0,0,0,2
1.0,1.0,190.0,0.0,1.0,2.6,2.0,2.0,2,554.1255719999999,0,0,0,0,0,2
2.0,3.0,175.0,0.0,2.0,1.75,4.0,4.0,3+,2181.6,0,1,0,1,0,2
1.0,3.0,70.0,0.0,3.0,0.82,2.0,2.0,3+,1092.8,0,0,0,0,0,2
3.0,2.0,95.0,1.0,3.0,6.5,9.0,9.0,3+,1937.0,1,1,1,1,0,0
2.0,1.0,171.0,0.0,1.0,1.5,3.0,3.0,3+,1480.0,0,0,0,0,0,2
3.0,3.0,134.0,0.0,3.0,1.5,3.0,3.0,3+,1800.0,0,1,0,0,0,0
1.0,3.0,175.0,0.0,3.0,0.65,2.0,2.0,3,1080.0,1,0,0,0,0,2
2.0,3.0,66.0,0.0,2.0,1.9,3.0,3.0,3,1082.0,0,0,0,1,0,0
3.0,2.0,127.0,1.0,3.0,7.0,4.0,4.0,2,3000.0,0,1,0,0,0,2
3.0,1.0,140.0,0.0,1.0,1.6,2.0,2.0,2,1150.0,1,0,0,0,0,2
0.0,0.0,117.0,0.0,0.0,1.5,1.0,1.0,0,2700.0,0,0,0,0,0,2
3.0,3.0,68.0,1.0,0.0,0.65,3.0,2.0,1,721.0,0,0,0,1,1,2
3.0,0.0,93.0,1.0,2.0,5.65,7.0,7.0,3+,4000.0,0,1,0,1,0,2
0.0,1.0,171.0,0.0,3.0,2.1,4.0,4.0,3,1725.0,1,1,0,0,0,2
1.0,2.0,98.0,0.0,2.0,2.35,3.0,4.0,3,1600.0,0,1,0,0,0,0
3.0,3.0,129.0,0.0,2.0,2.1,4.0,4.0,3,2300.11,0,0,0,0,0,2
3.0,3.0,169.0,0.0,1.0,1.18,2.0,2.0,3,1640.0,0,0,0,0,0,2
3.0,1.0,69.0,0.0,0.0,1.0,2.0,2.0,3+,845.0,0,0,0,0,0,0
2.0,3.0,146.0,0.0,3.0,3.5,3.0,4.0,3+,1886.4,0,1,0,0,0,0
1.0,3.0,65.0,0.0,0.0,0.5,2.0,2.0,0,605.0,0,0,0,0,0,2
3.0,3.0,149.0,0.0,3.0,0.9,3.0,2.0,3+,1050.0,0,0,0,0,0,0
2.0,1.0,177.0,0.0,2.0,0.95,4.0,3.0,2,1900.0,0,0,0,0,0,2
1.0,3.0,164.0,0.0,3.0,3.5,4.0,5.0,3+,2200.0,0,1,0,0,0,1
3.0,3.0,131.0,1.0,0.0,4.0,5.0,5.0,2,2249.0,1,0,0,0,0,2
2.0,3.0,64.0,0.0,3.0,2.35,3.0,3.0,3,2078.4,1,1,0,0,0,0
1.0,3.0,78.0,0.0,2.0,1.45,2.0,2.0,2,904.059961,0,0,0,0,0,2
3.0,3.0,114.0,0.0,0.0,0.36,2.0,2.0,1,950.0,0,0,0,0,0,2
1.0,3.0,175.0,0.0,3.0,1.3,3.0,3.0,3+,1400.0,0,0,0,0,0,2
3.0,3.0,72.0,1.0,1.0,6.8,4.0,5.0,3,5403.0,0,1,0,0,0,2
1.0,3.0,151.0,0.0,2.0,1.1,2.0,2.0,2,1300.0,0,0,0,0,0,2
0.0,3.0,146.0,0.0,0.0,0.8,1.0,1.0,0,609.989,0,0,0,0,0,2
2.0,3.0,149.0,0.0,2.0,1.3,3.0,3.0,1,1254.4,0,0,0,1,0,2
3.0,1.0,190.0,0.0,2.0,0.42,2.0,2.0,2,498.4,0,0,0,0,0,2
3.0,3.0,190.0,0.0,3.0,0.9,3.0,2.0,2,896.0,0,0,0,0,0,2
1.0,0.0,133.0,0.0,1.0,1.9,4.0,3.0,3+,1800.0,0,0,0,1,0,1
1.0,3.0,64.0,0.0,0.0,1.39,3.0,3.0,3,1320.0,0,1,0,0,0,0
1.0,0.0,163.0,0.0,3.0,1.4,3.0,4.0,2,1576.0,0,0,1,1,0,2
2.0,1.0,173.0,0.0,1.0,0.65,2.0,2.0,2,1251.0,0,0,0,0,0,2
3.0,1.0,140.0,0.0,2.0,1.41,2.0,2.0,2,1151.02,1,0,0,0,0,2
1.0,3.0,111.0,0.0,3.0,1.1,3.0,3.0,3,1600.0,0,0,0,0,0,2
3.0,2.0,95.0,0.0,0.0,3.4,4.0,4.0,3,2470.0,0,1,0,0,0,2
3.0,3.0,171.0,0.0,2.0,1.31,2.0,2.0,3+,1293.6,1,0,0,0,0,2
3.0,3.0,190.0,0.0,3.0,0.54,2.0,2.0,2,845.0,0,0,0,1,0,2
2.0,1.0,140.0,0.0,2.0,3.87,3.0,4.0,3+,1249.68879,0,1,0,0,0,2
1.0,3.0,164.0,0.0,2.0,3.0,4.0,5.0,2,2548.0,0,1,0,0,0,0
2.0,3.0,151.0,0.0,1.0,1.63,3.0,5.0,3,1161.0,0,1,0,0,0,2
2.0,0.0,88.0,0.0,2.0,0.98,2.0,2.0,3,1252.0,1,0,0,0,0,2
2.0,3.0,170.0,0.0,3.0,1.56,3.0,4.0,3+,1450.0,0,0,1,0,0,2
1.0,3.0,169.0,0.0,1.0,1.98,3.0,4.0,3,2200.0,0,0,0,0,0,2
1.0,3.0,145.0,0.0,2.0,1.51,2.0,2.0,2,998.0,0,0,0,1,0,0
1.0,3.0,65.0,0.0,3.0,1.15,2.0,2.0,3,1184.8,1,0,0,0,0,0
1.0,3.0,145.0,0.0,2.0,3.5,3.0,4.0,3,2200.0,0,1,0,0,0,2
1.0,3.0,65.0,0.0,3.0,2.14,4.0,6.0,3+,2550.0,0,1,0,0,0,2
3.0,4.0,190.0,0.0,3.0,0.54,2.0,2.0,2,750.0,0,0,0,0,0,2
2.0,1.0,78.0,0.0,2.0,1.5,2.0,2.0,2,1276.0,0,0,0,0,0,2
2.0,1.0,179.0,0.0,0.0,0.3,2.0,2.0,1,552.0,0,0,0,0,0,2
3.0,0.0,90.0,1.0,1.0,5.7,5.0,4.0,2,4842.0,0,1,1,1,0,0
3.0,0.0,122.0,1.0,1.0,2.4,4.0,4.0,3,8136.0,0,0,1,0,0,0
3.0,0.0,135.0,1.0,3.0,3.65,6.0,6.0,2,3455.0,1,1,1,1,0,1
1.0,3.0,110.0,0.0,3.0,1.22,3.0,4.0,3,1565.0,0,0,0,0,0,2
2.0,0.0,64.0,0.0,3.0,1.82,3.0,4.0,3+,1553.6,0,1,0,0,0,2
1.0,3.0,70.0,0.0,1.0,1.2,3.0,3.0,3,1550.0,0,0,0,0,0,0
3.0,1.0,133.0,1.0,1.0,9.19,16.0,18.0,2,2702.0,0,1,0,1,0,0
1.0,3.0,76.0,0.0,1.0,3.5,4.0,5.0,3+,2500.0,0,1,0,0,0,0
1.0,0.0,127.0,0.0,3.0,1.8,3.0,4.0,3+,1600.0,0,1,0,0,0,0
3.0,3.0,190.0,0.0,2.0,0.32,2.0,2.0,1,744.013,0,0,0,0,0,2
2.0,3.0,111.0,0.0,1.0,1.5,3.0,3.0,3,1560.0,0,0,0,0,1,2
3.0,0.0,134.0,0.0,3.0,1.39,3.0,3.0,3,1536.0,1,0,0,0,0,0
1.0,0.0,139.0,0.0,3.0,2.65,3.0,4.0,3+,2045.0,0,1,0,0,0,0
1.0,3.0,70.0,0.0,3.0,1.4,3.0,4.0,3+,1888.8,0,1,0,0,0,2
3.0,3.0,114.0,0.0,0.0,0.42,2.0,2.0,1,750.0,0,0,0,0,0,0
3.0,3.0,190.0,0.0,2.0,0.87,3.0,2.0,3,870.0,0,0,0,0,0,2
2.0,1.0,179.0,0.0,0.0,0.45,2.0,2.0,2,514.0,0,0,0,0,0,2
3.0,0.0,124.0,1.0,3.0,8.2,3.0,3.0,2,3240.0,1,1,0,1,0,1
3.0,3.0,124.0,1.0,3.0,7.8,4.0,4.0,3+,3240.0,1,1,1,1,0,0
2.0,1.0,151.0,0.0,2.0,1.65,3.0,4.0,3+,1700.0,1,1,0,0,0,2
2.0,3.0,169.0,0.0,2.0,1.1,2.0,2.0,3,882.0,1,0,0,0,0,2
4.0,1.0,69.0,1.0,3.0,5.6,5.0,4.0,3+,4004.0,1,1,1,1,0,2
2.0,0.0,175.0,0.0,1.0,2.0,4.0,4.0,3+,2181.6,0,1,0,0,1,2
2.0,1.0,105.0,0.0,1.0,1.25,2.0,2.0,3,1000.0,0,0,0,0,0,2
0.0,1.0,105.0,0.0,1.0,1.2,2.0,2.0,2,900.0,1,0,0,0,0,2
2.0,3.0,153.0,0.0,3.0,1.25,3.0,4.0,2,1394.4,1,1,0,1,1,1
1.0,3.0,165.0,0.0,0.0,0.8,2.0,2.0,3,1245.0,0,0,0,0,0,2
3.0,1.0,26.0,0.0,2.0,2.4,4.0,4.0,3+,2198.0,0,0,0,0,0,0
3.0,1.0,157.0,0.0,2.0,1.92,3.0,3.0,2,1627.946,0,0,0,0,0,2
3.0,1.0,22.0,1.0,0.0,0.52,3.0,2.0,2,904.0,0,0,0,0,0,2
2.0,3.0,175.0,0.0,0.0,1.26,3.0,3.0,2,1395.2,0,0,0,0,1,2
1.0,0.0,132.0,0.0,3.0,1.75,3.0,3.0,3+,2000.0,0,1,0,0,0,0
1.0,3.0,158.0,0.0,2.0,1.64,4.0,3.0,3,1560.0,0,1,0,0,0,2
3.0,3.0,162.0,1.0,0.0,0.32,2.0,3.0,1,300.0,0,0,0,0,0,2
1.0,3.0,65.0,0.0,3.0,1.01,2.0,2.0,3,1250.0,0,0,1,0,0,0
1.0,3.0,139.0,0.0,3.0,3.0,3.0,3.0,3,2200.0,0,1,0,0,0,0
0.0,2.0,85.0,1.0,0.0,0.29,2.0,1.0,0,893.0,0,0,0,0,0,2
1.0,3.0,70.0,0.0,1.0,0.9,2.0,2.0,3+,1092.8,0,0,0,0,1,0
2.0,3.0,153.0,0.0,2.0,1.1,3.0,3.0,3,1296.0,0,0,0,0,1,2
3.0,2.0,66.0,1.0,0.0,0.95,7.0,6.0,3+,1302.0,0,0,0,0,0,2
3.0,2.0,95.0,1.0,1.0,4.35,5.0,4.0,3,1345.0,0,1,0,0,0,2
2.0,3.0,144.0,0.0,2.0,5.2,3.0,3.0,3,2383.2000000000003,1,1,0,0,0,0
2.0,2.0,120.0,0.0,2.0,2.09,3.0,3.0,2,1144.0,0,0,0,0,0,0
3.0,1.0,140.0,0.0,2.0,2.3,3.0,3.0,2,1304.0,1,0,0,0,0,2
3.0,3.0,104.0,0.0,0.0,2.5,3.0,4.0,3,2134.016,0,0,0,0,0,2
3.0,0.0,127.0,1.0,3.0,10.3,5.0,6.0,3+,3240.0,1,1,1,1,0,0
3.0,2.0,184.0,0.0,1.0,1.75,5.0,5.0,2,2300.0,1,0,1,1,0,1
1.0,3.0,71.0,0.0,3.0,0.65,2.0,2.0,2,1092.0,0,0,0,1,0,0
0.0,3.0,66.0,0.0,2.0,0.26,1.0,1.0,2,333.034,0,0,0,0,0,2
1.0,0.0,182.0,0.0,2.0,0.94,3.0,3.0,2,1550.0,0,0,0,0,0,0
3.0,0.0,138.0,1.0,0.0,1.0,6.0,4.0,0,2130.48,0,0,0,0,0,2
2.0,3.0,160.0,0.0,3.0,1.28,3.0,3.0,3,1063.903876,1,0,0,0,0,0
3.0,3.0,144.0,0.0,0.0,2.6,3.0,3.0,3+,1650.0,0,0,0,0,0,2
3.0,3.0,169.0,0.0,2.0,0.88,3.0,3.0,1,1188.0,0,0,0,0,0,2
2.0,1.0,71.0,0.0,1.0,2.6,3.0,3.0,2,1368.8000000000002,0,0,0,0,0,2
1.0,3.0,111.0,0.0,1.0,1.2,3.0,3.0,3,900.0,0,0,1,0,0,2
2.0,3.0,65.0,0.0,1.0,1.65,3.0,3.0,3+,1400.0,1,0,0,0,0,2
2.0,3.0,146.0,0.0,3.0,3.4,3.0,4.0,3,1708.0,0,1,0,0,0,0
1.0,3.0,110.0,0.0,3.0,1.2,3.0,4.0,3,1535.0,0,0,0,0,0,2
2.0,3.0,157.0,0.0,0.0,0.75,2.0,2.0,3,1060.0,0,0,0,0,0,0
3.0,0.0,162.0,1.0,0.0,0.59,2.0,2.0,2,581.0,0,0,0,0,1,2
3.0,3.0,166.0,0.0,1.0,2.6,4.0,4.0,3+,1340.0,0,0,0,0,1,2
2.0,3.0,169.0,0.0,2.0,1.22,2.0,2.0,3,916.0,0,0,1,0,0,2
3.0,3.0,117.0,1.0,2.0,5.0,9.0,9.0,3+,2368.0,0,0,0,1,0,0
3.0,3.0,168.0,0.0,2.0,0.34,2.0,2.0,1,583.0,0,0,1,0,0,2
3.0,1.0,179.0,0.0,0.0,0.38,2.0,2.0,1,549.174178,0,0,0,0,0,2
1.0,3.0,170.0,0.0,3.0,1.35,3.0,3.0,1,1543.2,0,0,0,0,0,2
1.0,3.0,75.0,0.0,3.0,3.49,4.0,5.0,3,2720.0,0,1,0,0,0,2
3.0,3.0,111.0,0.0,1.0,1.0,3.0,3.0,3,915.0,0,0,0,0,0,2
1.0,3.0,136.0,0.0,1.0,2.2,2.0,2.0,2,1100.0,0,0,0,0,0,2
3.0,2.0,134.0,0.0,2.0,0.58,1.0,1.0,1,605.0,0,0,0,0,0,2
3.0,1.0,105.0,0.0,0.0,2.96,4.0,4.0,3,2134.0,0,1,0,0,0,0
2.0,0.0,132.0,0.0,2.0,7.0,4.0,6.0,3+,2400.0,0,1,1,1,0,0
3.0,3.0,177.0,0.0,2.0,0.49,2.0,2.0,2,998.0,0,0,0,0,0,2
1.0,3.0,175.0,0.0,1.0,1.25,3.0,3.0,3,1600.0,0,0,0,0,1,0
3.0,3.0,144.0,0.0,3.0,2.3,3.0,4.0,3,1650.0,1,1,1,1,0,1
2.0,0.0,140.0,0.0,3.0,2.04,3.0,3.0,3+,1395.0,0,1,0,0,0,0
3.0,3.0,2.0,0.0,1.0,0.28,2.0,2.0,1,480.0,0,0,0,0,0,2
3.0,0.0,124.0,1.0,1.0,3.35,6.0,5.0,3+,5993.32,0,0,0,0,0,2
3.0,2.0,125.0,0.0,2.0,1.95,3.0,3.0,3,1444.0,0,0,0,0,0,0
1.0,3.0,179.0,0.0,0.0,1.1,4.0,3.0,3,2542.0,0,1,0,0,1,2
3.0,3.0,64.0,0.0,3.0,1.77,3.0,3.0,3,1461.6,0,0,0,0,0,2
3.0,3.0,143.0,0.0,1.0,3.15,3.0,3.0,3,200.0,0,0,0,0,1,2
1.0,1.0,70.0,0.0,0.0,0.37,2.0,2.0,2,553.802655,0,0,0,0,0,2
3.0,0.0,134.0,1.0,0.0,2.95,2.0,2.0,0,1452.6,0,0,0,0,0,2
1.0,1.0,164.0,0.0,3.0,2.3,3.0,4.0,3+,1673.6,0,1,0,0,0,1
3.0,2.0,89.0,0.0,1.0,1.3,5.0,5.0,2,2200.0,1,1,1,0,0,0
1.0,3.0,164.0,0.0,1.0,0.39,2.0,2.0,2,600.0,0,0,0,0,0,2
0.0,3.0,149.0,0.0,3.0,1.19,2.0,3.0,1,1350.0,1,0,0,0,0,0
3.0,1.0,140.0,0.0,0.0,2.2,3.0,3.0,2,1630.0,0,0,0,0,0,2
1.0,3.0,111.0,0.0,3.0,1.6,4.0,3.0,3+,1800.0,0,0,0,0,1,0
3.0,3.0,176.0,0.0,3.0,1.5,3.0,4.0,3+,1325.0,1,1,0,0,0,2
2.0,0.0,136.0,0.0,3.0,3.8,3.0,4.0,1,1600.0,0,1,0,0,0,0
2.0,3.0,146.0,0.0,3.0,3.05,3.0,3.0,3+,1688.0,0,1,0,0,0,0
3.0,1.0,181.0,0.0,1.0,1.56,3.0,5.0,3,1597.6,0,1,0,0,1,2
3.0,3.0,105.0,1.0,2.0,11.5,5.0,6.0,3+,4682.0,0,1,0,0,0,2
1.0,3.0,111.0,0.0,1.0,1.72,3.0,3.0,3+,1752.8000000000002,0,1,0,0,0,2
3.0,1.0,96.0,1.0,3.0,20.0,16.0,20.0,3+,4520.0,1,1,1,1,0,0
2.0,3.0,168.0,0.0,2.0,1.02,4.0,4.0,3+,1676.0,0,1,0,1,0,2
3.0,1.0,118.0,1.0,1.0,11.0,4.0,4.0,2,3240.0,1,1,0,1,0,0
3.0,3.0,101.0,1.0,0.0,0.4,2.0,1.0,0,300.0,0,0,0,0,0,2
1.0,3.0,164.0,0.0,1.0,2.12,3.0,3.0,3+,1257.0,1,1,0,1,1,1
1.0,3.0,64.0,0.0,2.0,1.4,3.0,3.0,3,1022.5705,0,1,0,0,0,2
3.0,0.0,127.0,1.0,3.0,10.45,4.0,5.0,2,2700.76,1,1,0,1,0,0
3.0,0.0,88.0,1.0,1.0,4.99,4.0,4.0,3+,2432.0,0,1,1,1,0,2
3.0,1.0,106.0,0.0,0.0,0.72,3.0,2.0,3,1120.0,0,0,0,0,0,2
1.0,3.0,145.0,0.0,3.0,1.9,3.0,4.0,2,1800.0,0,1,0,0,0,0
3.0,3.0,69.0,0.0,1.0,0.88,2.0,2.0,3+,1040.0,0,0,0,0,0,2
3.0,3.0,175.0,0.0,0.0,0.5,2.0,2.0,2,716.0,0,0,0,0,0,2
3.0,3.0,177.0,1.0,0.0,2.75,4.0,4.0,3+,2808.36,1,0,0,1,0,2
3.0,1.0,173.0,0.0,1.0,1.5,3.0,3.0,3,1750.0,0,0,0,0,1,2
3.0,2.0,79.0,1.0,0.0,1.3,5.0,2.0,1,506.0,0,0,0,0,1,2
3.0,1.0,142.0,0.0,1.0,3.25,3.0,3.0,3,1100.0,0,0,0,0,1,2
1.0,3.0,149.0,0.0,3.0,0.9,3.0,2.0,3,1326.0,0,0,0,1,0,2
3.0,2.0,120.0,1.0,1.0,11.5,7.0,8.0,3+,6500.0,0,1,1,1,0,0
2.0,1.0,169.0,0.0,0.0,2.7,4.0,4.0,3+,2785.6000000000004,0,0,0,0,0,2
3.0,1.0,140.0,0.0,0.0,1.58,2.0,2.0,2,1150.0,1,0,0,0,0,2
2.0,3.0,146.0,0.0,3.0,3.4,3.0,4.0,3,1886.4,0,1,0,0,0,0
2.0,1.0,148.0,0.0,3.0,1.05,2.0,2.0,2,1000.0,0,0,0,0,0,0
3.0,2.0,114.0,1.0,0.0,3.2,3.0,3.0,2,2249.0,0,0,0,0,0,2
1.0,3.0,132.0,0.0,1.0,11.0,4.0,5.0,3+,3100.0,1,1,0,1,0,2
3.0,2.0,85.0,1.0,1.0,3.5,6.0,5.0,3,1442.0,0,0,0,0,0,2
3.0,0.0,120.0,1.0,3.0,5.5,8.0,7.0,3+,2250.0,1,1,0,1,1,0
3.0,2.0,124.0,1.0,1.0,8.5,4.0,6.0,3,3240.0,0,1,0,1,1,2
3.0,3.0,71.0,1.0,0.0,1.34,1.0,1.0,0,2679.24,0,0,0,0,0,2
3.0,1.0,152.0,1.0,0.0,2.1,3.0,2.0,1,600.0,0,0,0,0,0,2
3.0,1.0,181.0,0.0,0.0,0.27,2.0,2.0,1,497.0,0,0,0,0,0,2
3.0,1.0,149.0,1.0,0.0,0.8,1.0,1.0,0,763.96,0,0,0,0,0,2
1.0,3.0,108.0,0.0,1.0,0.79,4.0,4.0,2,1764.969,0,0,0,0,0,2
3.0,3.0,152.0,0.0,1.0,1.25,3.0,3.0,2,1200.0,0,0,0,0,1,2
3.0,0.0,93.0,0.0,0.0,0.16,2.0,2.0,2,624.0,0,0,0,0,0,2
3.0,2.0,124.0,1.0,3.0,4.95,7.0,7.0,3+,2400.0,1,1,1,1,0,0
3.0,2.0,95.0,1.0,2.0,9.0,10.0,10.0,3,3154.0,0,0,0,1,0,0
3.0,0.0,132.0,0.0,3.0,1.59,3.0,3.0,3+,2250.212,1,0,0,0,0,0
1.0,1.0,180.0,0.0,0.0,3.2,4.0,4.0,0,3225.156,0,0,0,0,0,2
3.0,3.0,190.0,0.0,2.0,0.75,2.0,2.0,0,1081.003,0,0,0,0,0,2
3.0,3.0,114.0,0.0,0.0,0.43,2.0,2.0,1,650.0,0,0,0,0,0,2
1.0,3.0,178.0,0.0,0.0,0.38,2.0,2.0,2,594.920753,0,0,0,0,0,2
1.0,3.0,164.0,0.0,3.0,2.4,3.0,3.0,2,1400.0,0,1,0,0,0,1
1.0,1.0,71.0,0.0,2.0,2.9,3.0,4.0,2,1602.4,0,0,0,0,0,2
2.0,0.0,129.0,0.0,3.0,3.55,5.0,6.0,3+,4700.0,1,1,1,1,0,0
3.0,1.0,190.0,0.0,2.0,0.24,1.0,1.0,2,324.0,0,0,0,0,0,2
1.0,3.0,110.0,0.0,2.0,0.9,3.0,3.0,3,1100.0,0,0,0,0,0,2
1.0,1.0,111.0,0.0,1.0,0.6,2.0,2.0,3,650.0,0,0,0,0,0,2
0.0,3.0,149.0,0.0,3.0,2.0,4.0,4.0,2,1669.6,0,0,0,0,0,2
1.0,3.0,64.0,0.0,2.0,3.0,4.0,4.0,3+,2860.0,0,0,0,0,1,0
2.0,3.0,177.0,0.0,2.0,1.25,4.0,4.0,3,1714.4,0,1,0,0,0,2
1.0,0.0,88.0,0.0,2.0,1.36,3.0,3.0,3+,1424.0,0,0,0,0,0,2
3.0,2.0,150.0,1.0,0.0,0.69,1.0,1.0,1,500.0,0,0,0,0,0,2
3.0,0.0,124.0,1.0,3.0,5.15,5.0,7.0,3,300.0,0,1,0,1,0,0
2.0,0.0,170.0,0.0,3.0,1.3,3.0,3.0,3,1544.0,0,1,0,0,0,0
3.0,3.0,190.0,0.0,3.0,1.14,3.0,3.0,3+,1062.0,0,0,0,0,0,2
3.0,2.0,89.0,1.0,0.0,0.45,3.0,2.0,1,535.0,0,0,0,0,0,2
0.0,3.0,154.0,0.0,3.0,4.25,4.0,4.0,3+,2600.0,0,1,0,0,0,0
2.0,3.0,69.0,0.0,3.0,1.5,4.0,6.0,3+,1403.0,0,1,0,0,0,2
3.0,3.0,110.0,0.0,1.0,1.25,3.0,3.0,3,1400.0,1,0,0,0,0,2
2.0,1.0,181.0,0.0,2.0,0.32,2.0,2.0,2,553.0,0,0,0,0,0,2
1.0,0.0,176.0,0.0,2.0,0.96,2.0,2.0,3+,1123.2,0,0,0,0,0,2
3.0,3.0,69.0,0.0,1.0,0.88,2.0,2.0,3+,845.0,0,0,0,0,0,2
1.0,4.0,173.0,0.0,2.0,1.7,3.0,3.0,3+,1750.0,1,0,0,0,0,2
1.0,3.0,64.0,0.0,0.0,1.35,2.0,2.0,2,732.0,0,0,0,0,0,2
2.0,3.0,66.0,0.0,2.0,0.85,2.0,2.0,3,1450.0,1,0,0,0,1,2
2.0,3.0,167.0,0.0,2.0,1.4,3.0,3.0,3,1447.0,0,1,0,0,0,1
0.0,3.0,176.0,0.0,1.0,1.8,3.0,3.0,3+,2320.0,0,0,0,1,0,1
3.0,1.0,190.0,0.0,1.0,0.36,2.0,2.0,1,450.0,0,0,0,0,0,2
3.0,1.0,160.0,0.0,1.0,2.69,3.0,4.0,3+,1720.0,0,1,0,0,0,2
2.0,3.0,170.0,0.0,3.0,1.59,3.0,3.0,3,1548.0,0,0,0,0,1,0
0.0,3.0,64.0,0.0,1.0,1.05,2.0,2.0,2,915.0,0,0,0,0,0,2
3.0,2.0,96.0,1.0,0.0,16.0,5.0,6.0,3,4499.0,0,0,0,0,0,2
3.0,4.0,105.0,0.0,0.0,0.95,2.0,2.0,3+,1108.0,0,0,0,0,0,2
1.0,1.0,171.0,0.0,2.0,2.65,3.0,3.0,3+,124.0,0,0,0,0,0,2
1.0,1.0,92.0,0.0,1.0,3.5,3.0,4.0,3+,1800.0,0,1,0,0,0,0
2.0,3.0,160.0,0.0,0.0,1.2,3.0,3.0,3,1192.0,0,0,0,0,0,0
2.0,1.0,148.0,0.0,0.0,0.93,2.0,2.0,2,1080.0,0,0,0,0,0,2
1.0,3.0,65.0,0.0,0.0,0.8,2.0,2.0,2,1300.0,0,0,0,0,0,2
3.0,3.0,167.0,0.0,3.0,0.6,2.0,2.0,2,950.0,0,0,0,0,0,0
3.0,3.0,64.0,0.0,2.0,2.04,3.0,3.0,3+,1450.0,0,0,0,0,0,2
2.0,1.0,179.0,0.0,0.0,0.92,3.0,3.0,3+,1600.0,0,0,0,0,0,2
1.0,3.0,139.0,0.0,3.0,3.7,4.0,5.0,3,2240.0,0,1,0,0,0,0
1.0,3.0,71.0,0.0,3.0,0.8,3.0,3.0,3,1470.4,0,0,0,1,0,2
3.0,2.0,174.0,1.0,0.0,0.36,1.0,1.0,0,451.92,0,0,0,0,0,2
3.0,0.0,130.0,1.0,0.0,8.0,6.0,5.0,3+,348.0,0,0,0,0,0,2
3.0,3.0,120.0,1.0,0.0,8.49,3.0,3.0,2,2702.0,0,1,0,1,0,0
3.0,0.0,177.0,0.0,2.0,0.8,4.0,4.0,3,1704.0,0,0,0,0,0,2
2.0,3.0,149.0,0.0,2.0,1.29,3.0,3.0,1,1254.4,0,0,0,1,0,0
2.0,3.0,124.0,0.0,2.0,2.0,3.0,3.0,0,1700.0,0,1,0,0,0,2
1.0,2.0,120.0,0.0,3.0,1.5,3.0,3.0,3+,1185.0,0,0,1,0,0,0
2.0,3.0,111.0,0.0,1.0,1.5,3.0,3.0,3,1570.0,0,0,0,0,1,2
3.0,0.0,10.0,1.0,3.0,3.05,3.0,3.0,2,2432.0,1,1,0,1,1,1
2.0,3.0,183.0,0.0,0.0,0.3,2.0,2.0,2,761.0,0,0,0,0,0,2
0.0,0.0,88.0,0.0,2.0,5.9,4.0,4.0,3+,5350.018,0,0,0,0,0,2
1.0,0.0,190.0,0.0,3.0,0.9,2.0,2.0,3+,1000.0,1,0,0,0,0,0
2.0,3.0,71.0,0.0,2.0,3.95,4.0,5.0,3,2300.0,0,0,0,0,0,2
1.0,3.0,164.0,0.0,2.0,0.88,2.0,2.0,3,1094.0,1,0,0,0,0,0
1.0,1.0,92.0,0.0,1.0,1.99,2.0,2.0,2,1280.0,0,0,0,0,0,2
3.0,1.0,88.0,1.0,3.0,3.65,9.0,9.0,3+,1561.0,0,1,0,1,0,0
2.0,3.0,146.0,0.0,1.0,1.0,1.0,1.0,1,826.037,0,0,0,0,0,2
3.0,1.0,154.0,0.0,3.0,5.0,4.0,4.0,3+,3500.0,1,1,1,0,0,0
2.0,3.0,168.0,0.0,2.0,0.9,3.0,3.0,3,1620.0,0,1,0,1,0,2
3.0,2.0,127.0,1.0,3.0,6.8,4.0,5.0,3,200.0,1,1,0,0,0,0
1.0,1.0,179.0,0.0,0.0,0.4,3.0,2.0,2,685.0,0,0,0,0,0,2
2.0,3.0,177.0,1.0,0.0,1.8,4.0,5.0,0,2356.44,0,0,0,0,0,2
3.0,1.0,88.0,0.0,2.0,3.35,4.0,4.0,3+,4500.0,1,0,0,0,0,2
3.0,0.0,127.0,1.0,1.0,7.1,3.0,3.0,3,2133.0,0,1,0,0,0,2
3.0,3.0,144.0,0.0,0.0,2.5,3.0,3.0,3,1320.0,1,1,0,0,0,2
2.0,3.0,158.0,0.0,1.0,0.92,3.0,3.0,3,1400.0,0,0,0,0,1,0
2.0,3.0,164.0,0.0,1.0,2.7,3.0,3.0,3,2109.0,0,1,0,0,0,0
3.0,2.0,47.0,1.0,0.0,0.95,3.0,2.0,2,904.0,0,0,1,0,0,2
3.0,3.0,114.0,1.0,0.0,0.55,3.0,3.0,2,1345.0,0,0,0,0,1,2
3.0,3.0,91.0,0.0,0.0,0.23,1.0,1.0,1,460.0,0,0,0,0,0,2
3.0,3.0,166.0,0.0,2.0,1.25,3.0,2.0,3,1500.0,1,0,0,1,0,0
1.0,3.0,151.0,0.0,3.0,1.64,3.0,5.0,3,1161.0,0,1,0,0,0,2
3.0,3.0,144.0,0.0,3.0,2.35,3.0,3.0,2,1650.049,1,1,0,0,0,2
2.0,3.0,65.0,0.0,3.0,2.4,4.0,6.0,3+,2100.0,0,1,0,0,0,2
1.0,3.0,71.0,0.0,2.0,2.28,4.0,5.0,3+,2223.2000000000003,0,0,0,0,0,2
3.0,1.0,66.0,0.0,2.0,1.75,4.0,5.0,3+,2324.0,0,1,0,0,0,2
3.0,3.0,145.0,1.0,2.0,8.8,4.0,4.0,3+,2399.48,0,1,1,1,0,2
3.0,3.0,169.0,0.0,3.0,1.04,2.0,3.0,3+,1392.8000000000002,0,0,1,0,0,2
3.0,2.0,94.0,1.0,0.0,1.6,7.0,5.0,3+,4842.0,0,0,0,0,0,2
2.0,3.0,165.0,0.0,2.0,0.97,3.0,4.0,2,1432.0,0,1,0,0,0,2
1.0,0.0,123.0,0.0,3.0,2.4,3.0,3.0,3+,1668.8000000000002,0,1,0,0,0,0
3.0,1.0,20.0,1.0,0.0,0.85,5.0,5.0,3+,603.0,0,0,0,0,0,2
3.0,3.0,167.0,0.0,3.0,1.0,3.0,3.0,2,1392.0,0,0,1,0,0,0
3.0,3.0,148.0,0.0,3.0,1.08,2.0,2.0,3,930.0,0,0,0,0,0,0
2.0,3.0,65.0,0.0,2.0,1.34,3.0,3.0,3+,1350.0,1,0,0,0,0,2
1.0,2.0,134.0,0.0,2.0,1.7,3.0,2.0,3,1600.0,0,0,1,0,0,2
3.0,0.0,138.0,1.0,0.0,0.75,4.0,4.0,2,484.2,0,0,0,0,0,2
3.0,3.0,152.0,1.0,3.0,5.4,4.0,5.0,3+,2605.0,1,1,1,1,0,0
2.0,3.0,98.0,0.0,3.0,6.2,3.0,4.0,3+,1900.0,0,1,0,0,0,0
2.0,3.0,169.0,0.0,1.0,1.35,2.0,2.0,3,92.0,0,0,0,0,0,2
3.0,3.0,72.0,1.0,0.0,1.55,3.0,2.0,0,2356.44,0,0,0,0,0,2
1.0,0.0,176.0,0.0,2.0,1.8,4.0,4.0,3+,2344.0,0,1,0,1,0,2
2.0,4.0,110.0,0.0,2.0,0.95,2.0,2.0,0,1665.79,0,1,0,0,0,2
1.0,3.0,64.0,0.0,3.0,1.7,3.0,4.0,3+,1500.0,0,1,0,1,0,0
2.0,1.0,190.0,0.0,1.0,0.4,2.0,2.0,3,595.0,0,0,0,0,0,2
1.0,3.0,170.0,0.0,2.0,0.44,2.0,2.0,2,601.0,0,0,0,0,0,0
3.0,1.0,147.0,0.0,2.0,1.9,4.0,4.0,3,1760.0,0,0,0,0,0,0
2.0,2.0,29.0,0.0,0.0,0.56,2.0,2.0,1,925.0,0,0,0,0,0,0
1.0,3.0,111.0,0.0,2.0,1.1,3.0,3.0,3+,1380.0,0,0,0,0,0,2
0.0,1.0,72.0,0.0,0.0,1.6,4.0,1.0,0,3008.084,0,0,0,0,0,2
2.0,3.0,166.0,0.0,2.0,2.25,3.0,3.0,3+,2100.0,0,1,0,0,0,1
3.0,3.0,179.0,0.0,0.0,0.72,3.0,3.0,2,1600.0,0,0,0,0,1,2
1.0,3.0,72.0,0.0,3.0,1.8,3.0,3.0,3+,1527.0,0,0,0,0,0,2
3.0,2.0,79.0,1.0,0.0,1.5,5.0,5.0,2,1345.0,0,0,0,0,0,2
2.0,4.0,65.0,0.0,2.0,1.25,3.0,4.0,3,1811.0,1,1,0,0,0,2
2.0,3.0,176.0,0.0,2.0,0.9,2.0,2.0,2,1048.0,0,0,0,0,0,1
3.0,4.0,185.0,0.0,1.0,1.5,3.0,3.0,3+,1720.0,0,0,0,0,0,2
2.0,3.0,169.0,0.0,1.0,1.2,2.0,2.0,3,1671.0,0,0,0,0,0,2
1.0,3.0,71.0,0.0,3.0,1.3,3.0,3.0,3+,1558.0,1,0,0,0,0,2
3.0,0.0,145.0,0.0,3.0,3.98,3.0,4.0,3+,1760.0,0,1,0,0,0,0
3.0,3.0,165.0,0.0,1.0,1.75,4.0,5.0,3+,1960.0,0,0,0,0,0,2
3.0,1.0,140.0,0.0,2.0,1.47,2.0,2.0,2,1200.0,1,0,0,0,0,2
1.0,3.0,167.0,0.0,2.0,1.4,3.0,3.0,2,1388.0,0,0,0,0,0,0
0.0,2.0,113.0,0.0,0.0,2.0,3.0,3.0,3+,2400.096,0,0,0,0,0,2
3.0,3.0,175.0,0.0,3.0,0.9,3.0,4.0,3,1560.0,0,1,0,0,0,2
3.0,0.0,95.0,1.0,3.0,15.5,5.0,6.0,3+,4520.0,1,1,1,1,0,2
0.0,1.0,110.0,0.0,1.0,0.86,3.0,3.0,2,1408.0,0,0,0,0,1,2
1.0,3.0,169.0,0.0,1.0,1.24,2.0,2.0,3,1741.0,0,0,0,0,0,2
1.0,3.0,136.0,0.0,1.0,2.2,2.0,2.0,1,1375.0,0,0,0,1,0,0
1.0,3.0,145.0,0.0,3.0,2.4,3.0,2.0,3,1600.0,0,1,0,0,0,0
1.0,2.0,159.0,0.0,2.0,1.1,3.0,3.0,3+,2176.063,0,1,0,0,0,2
3.0,3.0,110.0,0.0,1.0,1.27,3.0,3.0,3,1410.4,0,0,0,0,1,2
3.0,2.0,127.0,1.0,2.0,8.45,3.0,3.0,2,3195.0,1,1,0,0,0,0
1.0,3.0,154.0,0.0,1.0,3.5,4.0,5.0,3+,3062.653,0,1,0,0,1,2
3.0,4.0,190.0,0.0,0.0,0.69,2.0,2.0,2,1352.941,0,0,0,0,0,2
1.0,0.0,132.0,0.0,3.0,6.75,4.0,4.0,2,1534.0,0,1,0,0,0,1
2.0,3.0,190.0,0.0,1.0,0.25,1.0,1.0,1,600.096,0,0,0,0,0,2
3.0,1.0,140.0,0.0,3.0,2.1,3.0,2.0,3,1549.0,0,0,0,0,0,2
3.0,2.0,103.0,1.0,2.0,3.5,4.0,4.0,3,1453.0,0,0,1,0,0,0
3.0,3.0,165.0,1.0,2.0,6.8,4.0,4.0,3+,3240.0,0,1,0,0,0,1
2.0,3.0,111.0,0.0,3.0,1.67,4.0,4.0,3,1991.0,0,0,0,0,0,0
1.0,3.0,160.0,0.0,3.0,1.91,3.0,4.0,3+,1795.2,0,1,0,0,0,2
1.0,1.0,65.0,0.0,1.0,0.3,1.0,2.0,2,361.882318,0,0,0,0,0,2
3.0,2.0,79.0,1.0,0.0,1.4,2.0,2.0,1,1496.0,0,0,0,0,0,2
2.0,3.0,141.0,0.0,3.0,9.95,4.0,6.0,3,3219.0,0,1,0,1,0,0
3.0,0.0,146.0,1.0,0.0,3.0,4.0,4.0,0,2520.0,0,0,0,0,0,2
3.0,3.0,190.0,0.0,3.0,0.78,3.0,3.0,3,1210.0,0,0,0,1,0,2
1.0,1.0,141.0,0.0,3.0,2.45,2.0,2.0,2,1000.0,1,0,0,0,0,1
1.0,3.0,76.0,0.0,2.0,0.7,2.0,2.0,2,696.0,0,0,0,0,0,2
3.0,2.0,174.0,1.0,1.0,3.2,3.0,3.0,2,2368.0,0,0,0,0,0,0
1.0,3.0,169.0,0.0,2.0,1.49,4.0,5.0,3+,1890.0,0,1,0,0,0,0
2.0,0.0,170.0,0.0,0.0,1.25,2.0,2.0,3,1184.0,1,0,0,0,0,2
3.0,3.0,72.0,0.0,2.0,1.45,3.0,4.0,3+,1660.0,0,1,0,0,0,2
3.0,3.0,0.0,1.0,0.0,0.85,1.0,2.0,0,958.0,0,0,0,0,0,2
1.0,3.0,158.0,0.0,1.0,1.1,3.0,4.0,3+,1600.0,0,1,0,0,0,2
1.0,0.0,134.0,0.0,3.0,1.65,3.0,3.0,3+,1884.0,1,0,0,0,0,0
1.0,1.0,160.0,0.0,0.0,0.8,2.0,2.0,3+,1036.0,0,0,0,0,1,2
0.0,3.0,64.0,0.0,1.0,1.41,2.0,2.0,3,1094.4,0,0,0,0,1,2
3.0,3.0,96.0,1.0,3.0,23.0,4.0,4.0,3+,8998.0,1,1,1,1,0,0
2.0,1.0,69.0,0.0,2.0,0.46,1.0,1.0,1,700.0,0,0,0,0,0,2
3.0,2.0,99.0,1.0,0.0,0.55,1.0,1.0,0,753.2,0,0,0,0,0,2
3.0,1.0,93.0,1.0,2.0,1.2,3.0,2.0,2,1926.04,0,0,0,0,0,0
3.0,0.0,176.0,1.0,2.0,2.5,4.0,4.0,3+,3401.0,1,1,1,1,0,0
3.0,3.0,63.0,0.0,1.0,1.6,4.0,6.0,3+,2350.0,1,1,0,1,0,2
3.0,0.0,100.0,1.0,0.0,0.55,2.0,1.0,0,1097.52,0,0,0,0,0,2
2.0,3.0,177.0,0.0,0.0,0.85,3.0,2.0,2,1300.092,0,0,0,0,0,2
3.0,3.0,164.0,0.0,2.0,0.95,2.0,2.0,2,894.0,0,0,0,0,0,0
3.0,0.0,18.0,1.0,0.0,0.37,1.0,1.0,0,398.0,0,0,0,0,0,2
2.0,1.0,156.0,0.0,1.0,1.47,2.0,2.0,3,1132.0,0,0,0,0,0,0
0.0,0.0,134.0,1.0,0.0,7.25,8.0,8.0,3+,2723.0,0,0,0,0,0,0
3.0,3.0,164.0,1.0,0.0,0.89,1.0,1.0,0,1097.52,0,0,0,0,0,2
3.0,1.0,140.0,0.0,3.0,2.2,3.0,3.0,2,1549.0,0,0,0,0,0,2
1.0,3.0,164.0,0.0,2.0,2.35,3.0,4.0,3+,2356.0,0,1,0,0,0,0
2.0,3.0,66.0,0.0,3.0,0.82,2.0,2.0,3,77.31,1,0,0,0,0,2
1.0,3.0,65.0,0.0,3.0,2.36,4.0,6.0,3+,2570.0,0,1,0,0,0,0
2.0,3.0,181.0,0.0,1.0,1.45,3.0,5.0,3,1597.6,0,1,0,0,1,0
3.0,4.0,78.0,0.0,2.0,2.87,4.0,4.0,3+,2298.0,0,1,0,0,0,2
1.0,3.0,176.0,0.0,2.0,1.75,4.0,4.0,3+,1891.2,0,1,0,1,0,2
2.0,3.0,158.0,0.0,1.0,1.2,3.0,3.0,3,1200.0,0,0,0,0,0,2
1.0,3.0,110.0,0.0,3.0,0.35,2.0,2.0,1,800.0,0,0,0,0,0,0
3.0,0.0,63.0,0.0,2.0,0.73,3.0,3.0,3+,1400.0,0,1,0,0,0,2
1.0,1.0,69.0,0.0,3.0,0.97,2.0,2.0,3,1100.0,0,0,0,1,0,0
3.0,3.0,93.0,1.0,1.0,2.9,4.0,4.0,3,2497.0,0,1,0,0,0,0
2.0,1.0,144.0,0.0,3.0,2.0,2.0,2.0,2,1048.0,0,0,0,0,0,0
1.0,0.0,127.0,0.0,3.0,2.92,3.0,3.0,3,2100.0,0,1,0,0,0,0
1.0,3.0,64.0,0.0,1.0,2.1,3.0,4.0,3+,1719.2,1,1,0,0,0,2
3.0,3.0,151.0,0.0,1.0,2.0,4.0,5.0,3+,1920.0,0,1,0,0,0,0
2.0,3.0,177.0,0.0,2.0,1.19,4.0,3.0,3,2280.0,0,1,0,0,0,2
3.0,1.0,140.0,0.0,1.0,1.47,2.0,2.0,2,1150.0,1,0,0,1,0,2
1.0,3.0,170.0,0.0,2.0,1.45,3.0,2.0,3,1050.0,0,0,0,0,0,1
1.0,3.0,167.0,0.0,2.0,1.75,3.0,3.0,3,1240.00128,0,1,0,0,0,0
1.0,3.0,160.0,0.0,3.0,1.35,3.0,3.0,2,1204.0,0,0,0,0,0,2
1.0,3.0,169.0,0.0,3.0,1.84,3.0,4.0,3,1685.0,0,0,0,1,0,2
1.0,3.0,76.0,0.0,2.0,4.67,4.0,4.0,3+,2750.0,0,0,0,0,0,2
3.0,3.0,139.0,0.0,3.0,2.12,2.0,2.0,2,1365.0,0,0,0,1,0,0
1.0,3.0,167.0,0.0,1.0,0.4,1.0,1.0,1,468.0,0,0,0,0,0,1
3.0,1.0,190.0,0.0,2.0,0.56,2.0,2.0,3,822.0,0,0,0,0,0,2
3.0,3.0,111.0,0.0,0.0,1.0,3.0,3.0,2,1028.0,0,0,0,0,0,2
1.0,3.0,164.0,0.0,2.0,0.87,2.0,2.0,3,1094.0,0,0,0,0,0,0
1.0,3.0,157.0,0.0,3.0,1.05,3.0,3.0,3+,1412.0,0,0,0,0,0,0
2.0,1.0,105.0,0.0,2.0,1.9,3.0,3.0,3+,1929.0,0,1,0,0,0,2
1.0,3.0,130.0,0.0,2.0,1.45,3.0,3.0,3+,1700.0,0,0,0,0,1,0
2.0,3.0,149.0,0.0,1.0,1.36,3.0,3.0,2,1262.4,0,0,0,1,0,0
2.0,1.0,71.0,0.0,2.0,4.1,4.0,5.0,3,1752.0,1,1,0,0,0,1
3.0,3.0,145.0,0.0,2.0,1.45,2.0,2.0,3,980.0,0,0,0,0,0,2
3.0,3.0,149.0,0.0,2.0,0.62,2.0,2.0,1,482.0,0,0,0,0,0,0
2.0,3.0,154.0,0.0,3.0,3.85,4.0,5.0,3+,2324.0,0,1,0,0,0,0
3.0,3.0,69.0,0.0,3.0,0.92,2.0,2.0,3+,845.0,0,0,0,0,0,2
2.0,1.0,177.0,0.0,2.0,1.08,4.0,4.0,2,1672.0,0,1,0,0,0,2
2.0,3.0,144.0,0.0,1.0,6.15,3.0,4.0,2,2200.0,0,0,0,0,0,2
3.0,0.0,98.0,1.0,0.0,8.95,5.0,6.0,3+,5005.0,0,0,0,0,0,2
1.0,3.0,160.0,0.0,3.0,1.18,2.0,2.0,3,1106.4,0,0,0,0,0,2
3.0,1.0,158.0,0.0,2.0,1.0,2.0,2.0,2,1340.0,0,0,0,0,0,2
3.0,3.0,123.0,1.0,0.0,0.99,4.0,4.0,3,581.0,0,0,0,0,0,2
1.0,3.0,171.0,0.0,1.0,1.62,3.0,2.0,3+,1293.6,1,0,0,0,0,1
1.0,3.0,179.0,0.0,2.0,0.32,2.0,2.0,1,549.174178,0,0,0,1,0,0
3.0,3.0,169.0,0.0,3.0,1.2,2.0,2.0,3+,1148.0,0,0,1,0,0,2
1.0,3.0,169.0,0.0,1.0,2.13,4.0,4.0,3,2400.0,0,0,0,0,0,2
3.0,3.0,164.0,0.0,1.0,0.8,2.0,2.0,2,546.0,1,0,0,0,0,2
2.0,3.0,177.0,0.0,1.0,0.66,3.0,2.0,2,1326.0,0,0,0,0,0,1
1.0,3.0,190.0,0.0,1.0,0.22,1.0,1.0,1,321.625332,0,0,0,0,0,0
1.0,4.0,177.0,0.0,2.0,1.22,4.0,3.0,3,2323.81,0,1,0,0,0,2
3.0,1.0,140.0,0.0,1.0,2.2,3.0,3.0,2,1600.0,0,0,0,0,0,2
3.0,3.0,96.0,1.0,3.0,19.0,6.0,6.0,3,4520.0,1,1,0,0,0,0
2.0,1.0,144.0,0.0,0.0,2.79,3.0,3.0,3,1462.4,0,0,0,0,0,2
1.0,3.0,151.0,0.0,0.0,1.1,3.0,2.0,2,1080.0,0,0,0,0,0,2
1.0,3.0,170.0,0.0,1.0,1.72,3.0,3.0,1,1543.2,0,0,0,0,1,0
3.0,3.0,124.0,0.0,1.0,11.25,4.0,5.0,3+,3980.0,0,1,0,1,0,2
3.0,3.0,77.0,0.0,3.0,3.29,3.0,3.0,3+,2241.6,0,1,0,0,0,0
3.0,1.0,126.0,1.0,0.0,0.3,1.0,1.0,2,538.0,0,0,0,0,0,2
3.0,0.0,53.0,0.0,0.0,0.43,2.0,2.0,1,648.0,0,0,0,0,0,2
3.0,3.0,153.0,0.0,1.0,0.37,1.0,1.0,2,366.510795,0,0,0,0,0,0
1.0,2.0,132.0,0.0,2.0,3.85,3.0,3.0,3+,1872.8,0,1,0,0,0,2
2.0,3.0,163.0,0.0,2.0,0.85,1.0,1.0,1,685.0,0,0,0,0,0,2
1.0,3.0,167.0,0.0,0.0,1.38,3.0,3.0,3,1150.0,0,1,0,0,0,0
2.0,0.0,166.0,0.0,1.0,1.85,3.0,3.0,3,1538.0,0,0,0,0,1,2
3.0,0.0,120.0,1.0,0.0,2.75,3.0,3.0,1,1076.0,0,0,0,1,0,2
3.0,1.0,72.0,1.0,3.0,8.75,5.0,5.0,3+,3595.0,1,1,1,1,0,0
3.0,3.0,135.0,1.0,3.0,9.25,5.0,5.0,3+,620.0,1,1,1,1,0,0
3.0,0.0,122.0,1.0,2.0,3.55,5.0,4.0,3+,1453.0,0,1,0,0,0,0
2.0,1.0,181.0,0.0,0.0,1.3,3.0,3.0,0,1996.928,0,0,0,0,0,2
2.0,1.0,178.0,0.0,1.0,0.4,2.0,2.0,2,543.57695,0,0,0,0,0,2
2.0,3.0,167.0,0.0,1.0,1.15,3.0,2.0,3,1404.0,0,0,0,0,0,2
3.0,3.0,190.0,0.0,3.0,0.3,2.0,2.0,2,567.0,0,0,0,0,0,1
3.0,2.0,174.0,1.0,0.0,1.25,10.0,6.0,3+,1431.0,0,0,0,0,0,2
2.0,4.0,144.0,0.0,2.0,3.0,3.0,3.0,3,1462.4,0,0,0,0,0,2
3.0,0.0,72.0,1.0,1.0,6.1,5.0,6.0,3+,2432.0,0,1,0,0,0,2
1.0,3.0,65.0,0.0,1.0,1.69,3.0,3.0,3+,1476.0,0,0,0,0,0,2
3.0,1.0,190.0,0.0,1.0,1.05,2.0,2.0,3,834.9557229999999,1,0,0,0,0,2
1.0,1.0,105.0,0.0,1.0,1.08,2.0,2.0,3,76.44,0,0,0,0,0,2
1.0,0.0,163.0,0.0,3.0,1.4,3.0,4.0,2,1634.0,0,1,0,1,0,2
1.0,1.0,179.0,0.0,2.0,0.8,2.0,2.0,3,550.0,1,0,0,0,0,2
3.0,1.0,160.0,0.0,1.0,2.55,4.0,5.0,2,2675.199,0,1,0,0,0,2
1.0,0.0,151.0,0.0,3.0,2.1,4.0,5.0,3+,1850.0,0,1,0,0,0,0
1.0,3.0,64.0,0.0,2.0,1.1,2.0,2.0,1,722.4000000000001,0,0,0,0,0,2
1.0,3.0,158.0,0.0,2.0,0.75,2.0,2.0,2,969.0,0,0,1,0,0,0
1.0,3.0,175.0,0.0,3.0,1.25,4.0,5.0,2,2060.0,1,1,0,0,0,2
3.0,0.0,177.0,0.0,2.0,0.95,4.0,3.0,3,1564.8000000000002,0,0,0,0,0,2
1.0,3.0,169.0,0.0,3.0,2.2,4.0,6.0,3,3950.0,0,1,0,0,0,2
0.0,3.0,149.0,0.0,3.0,1.68,3.0,3.0,2,1334.4,0,0,0,0,0,2
2.0,3.0,71.0,0.0,0.0,1.5,3.0,4.0,0,2850.086,0,0,0,0,0,2
1.0,3.0,167.0,0.0,3.0,1.76,3.0,3.0,3,1240.0,0,1,0,0,0,0
3.0,1.0,140.0,0.0,2.0,2.0,3.0,3.0,2,1549.0,0,0,0,0,1,2
1.0,0.0,120.0,0.0,3.0,8.44,4.0,5.0,3,4900.0,0,1,0,0,0,1
3.0,3.0,51.0,1.0,0.0,2.1,4.0,3.0,0,2507.08,0,0,0,0,0,2
3.0,3.0,75.0,0.0,3.0,2.25,4.0,4.0,3+,2050.0,0,1,0,0,0,2
1.0,3.0,77.0,0.0,2.0,3.1,2.0,2.0,3,1500.0,1,1,1,0,0,0
2.0,1.0,190.0,0.0,2.0,0.74,2.0,2.0,3+,1210.0,0,0,0,0,0,2
3.0,1.0,165.0,1.0,2.0,3.2,3.0,4.0,3,2163.0,1,1,1,1,0,2
1.0,4.0,147.0,0.0,1.0,2.08,3.0,3.0,2,1381.6,0,0,0,0,1,2
1.0,3.0,64.0,0.0,3.0,1.45,3.0,3.0,3,1022.5705,0,1,0,0,0,2
1.0,0.0,146.0,0.0,0.0,2.8,3.0,3.0,3,1880.0,0,1,0,0,0,1
2.0,1.0,144.0,0.0,1.0,3.29,3.0,3.0,3,1462.4,0,0,0,0,0,2
3.0,2.0,96.0,1.0,1.0,8.1,5.0,5.0,2,2293.0,0,0,0,0,0,2
1.0,2.0,94.0,0.0,2.0,5.8,3.0,4.0,3+,4640.0,1,1,0,1,1,1
3.0,2.0,85.0,1.0,0.0,3.05,5.0,5.0,2,1733.0,0,0,1,0,0,0
0.0,1.0,154.0,0.0,3.0,6.75,4.0,4.0,3+,3500.0,0,1,0,0,0,0
1.0,0.0,124.0,0.0,1.0,6.25,3.0,5.0,3+,2880.0,0,1,0,0,0,0
1.0,3.0,164.0,0.0,2.0,0.48,2.0,2.0,1,657.0,0,0,0,0,0,0
1.0,3.0,72.0,0.0,2.0,1.75,3.0,4.0,3+,1720.0,0,1,0,0,0,2
1.0,3.0,173.0,0.0,2.0,1.5,3.0,3.0,3,1700.0,1,1,0,0,0,2
3.0,1.0,173.0,0.0,2.0,1.25,3.0,3.0,0,1190.0,0,0,0,0,0,2
3.0,3.0,168.0,0.0,3.0,0.73,2.0,2.0,3+,870.0,1,0,1,1,0,2
3.0,3.0,98.0,1.0,3.0,8.4,4.0,4.0,3+,2432.0,0,1,1,1,0,0
1.0,0.0,125.0,0.0,2.0,1.98,3.0,4.0,3,1670.0,0,1,0,0,0,0
3.0,1.0,173.0,0.0,2.0,0.86,2.0,3.0,2,1103.0,1,1,0,1,0,0
2.0,3.0,154.0,0.0,3.0,4.0,4.0,5.0,3+,2495.0,0,1,0,0,0,0
1.0,3.0,78.0,0.0,3.0,1.9,3.0,2.0,2,1027.0,0,0,0,1,0,0
1.0,3.0,110.0,0.0,0.0,1.2,3.0,3.0,3,1456.0,0,0,0,0,0,2
3.0,0.0,177.0,0.0,3.0,0.87,4.0,4.0,2,1400.0,0,0,1,0,0,1
1.0,3.0,70.0,0.0,3.0,1.02,2.0,2.0,3,1227.2,1,0,0,0,0,2
1.0,0.0,125.0,0.0,3.0,3.0,4.0,4.0,3,2000.0,0,1,0,1,0,0
2.0,3.0,144.0,0.0,1.0,1.99,2.0,2.0,2,1008.0,0,0,0,0,0,2
2.0,3.0,144.0,0.0,1.0,2.86,3.0,3.0,3,2040.0,0,1,0,0,0,2
3.0,3.0,129.0,1.0,1.0,2.25,6.0,3.0,3+,8136.0,0,0,0,0,0,2
2.0,3.0,149.0,0.0,3.0,1.4,3.0,3.0,1,1230.4,0,0,0,0,0,0
3.0,1.0,74.0,1.0,0.0,3.5,10.0,1.0,0,2248.84,0,0,0,0,0,2
2.0,3.0,144.0,0.0,1.0,1.9,2.0,2.0,2,1358.016,0,0,0,0,0,2
3.0,2.0,93.0,1.0,0.0,2.7,5.0,5.0,2,1453.0,0,0,0,0,0,0
3.0,0.0,191.0,1.0,0.0,2.0,4.0,3.0,0,2668.48,0,0,0,0,0,2
3.0,1.0,181.0,0.0,1.0,0.32,2.0,2.0,1,575.0,0,0,0,0,0,2
2.0,3.0,175.0,0.0,3.0,1.15,3.0,3.0,3+,1454.4,0,0,0,1,0,0
2.0,0.0,144.0,0.0,1.0,5.3,3.0,3.0,3,2189.0,0,1,0,0,0,1
1.0,3.0,175.0,0.0,1.0,0.7,2.0,3.0,2,1352.0,1,0,0,0,0,0
3.0,3.0,177.0,0.0,2.0,0.85,3.0,3.0,3,1592.0,0,0,0,0,0,2
1.0,3.0,164.0,0.0,1.0,1.0,2.0,2.0,2,1000.0,0,0,0,0,0,2
1.0,1.0,175.0,0.0,2.0,1.27,4.0,5.0,2,1950.0,1,1,0,0,0,2
3.0,1.0,35.0,1.0,0.0,3.5,3.0,3.0,1,2195.04,0,0,0,0,0,2
1.0,1.0,92.0,0.0,1.0,6.16,4.0,5.0,3+,3000.0,0,1,0,1,0,0
1.0,3.0,160.0,0.0,3.0,1.45,2.0,2.0,3+,1196.0,1,0,0,0,0,2
3.0,3.0,64.0,0.0,3.0,2.0,3.0,3.0,3+,1128.0567199999998,0,0,1,0,0,2
3.0,3.0,164.0,1.0,1.0,4.35,4.0,4.0,3,5478.0,0,1,1,0,0,2
1.0,3.0,71.0,0.0,2.0,2.29,4.0,5.0,3+,2779.126,0,1,0,0,0,0
1.0,1.0,72.0,0.0,2.0,2.3,3.0,4.0,3+,2068.0,0,1,0,0,1,2
1.0,3.0,179.0,0.0,2.0,0.38,2.0,2.0,2,644.111776,1,0,0,0,0,2
2.0,1.0,78.0,0.0,3.0,3.45,4.0,4.0,3,2080.0,1,1,0,0,0,0
3.0,1.0,168.0,0.0,3.0,1.48,3.0,3.0,2,1294.0,0,1,1,0,0,0
3.0,3.0,190.0,0.0,2.0,0.78,2.0,2.0,2,1011.2,0,0,0,0,0,2
2.0,3.0,149.0,0.0,2.0,1.32,3.0,3.0,1,1254.4,0,0,0,1,0,0
3.0,3.0,177.0,1.0,0.0,0.85,4.0,4.0,3,1743.12,0,0,0,0,0,2
1.0,1.0,190.0,0.0,1.0,0.32,2.0,2.0,1,580.0,0,0,0,0,0,2
3.0,3.0,64.0,0.0,3.0,2.6,3.0,3.0,3,2078.4,1,1,1,0,0,2
1.0,3.0,190.0,0.0,1.0,0.45,2.0,2.0,2,710.0,0,0,0,0,0,1
3.0,2.0,99.0,1.0,0.0,0.6,1.0,1.0,0,1000.68,0,0,0,0,0,2
1.0,1.0,169.0,0.0,3.0,1.78,3.0,4.0,3+,1926.4,0,0,1,0,0,2
2.0,3.0,74.0,0.0,0.0,0.33,2.0,2.0,0,772.653,0,0,0,0,0,2
1.0,3.0,178.0,0.0,0.0,0.36,2.0,2.0,2,543.57695,0,0,0,0,0,2
1.0,0.0,159.0,0.0,0.0,1.15,3.0,3.0,3,1740.8000000000002,0,1,0,0,1,2
3.0,3.0,146.0,0.0,3.0,3.0,3.0,3.0,3+,1800.0,0,0,1,0,0,0
3.0,2.0,89.0,1.0,0.0,0.6,8.0,3.0,2,969.0,0,0,0,0,0,2
1.0,0.0,63.0,0.0,0.0,0.85,3.0,2.0,2,1332.8000000000002,0,0,0,0,0,2
2.0,3.0,72.0,0.0,2.0,1.7,3.0,3.0,3,1396.0,0,0,0,0,0,2
2.0,1.0,70.0,0.0,2.0,0.9,2.0,2.0,3+,1092.8,0,0,0,0,0,2
3.0,3.0,98.0,1.0,2.0,12.0,4.0,5.0,3+,2841.0,0,1,1,1,0,0
3.0,1.0,181.0,0.0,1.0,0.32,2.0,2.0,2,524.0,0,0,0,0,0,2
1.0,1.0,105.0,0.0,1.0,2.3,4.0,4.0,3+,1800.0,0,1,0,1,0,2
3.0,2.0,120.0,1.0,2.0,5.25,4.0,4.0,2,1937.0,1,1,0,0,0,0
3.0,0.0,68.0,1.0,0.0,0.37,2.0,2.0,1,452.0,0,0,0,0,1,2
2.0,1.0,105.0,0.0,2.0,1.39,3.0,2.0,3+,1200.0,0,0,0,0,0,2
3.0,0.0,132.0,1.0,1.0,5.7,4.0,4.0,0,2421.0,0,0,0,0,0,2
3.0,0.0,93.0,1.0,3.0,4.0,3.0,3.0,2,2432.0,0,1,0,0,0,0
1.0,3.0,175.0,0.0,3.0,1.51,4.0,4.0,3+,2364.0,0,1,0,1,0,0
3.0,3.0,166.0,0.0,1.0,1.85,3.0,3.0,3+,1538.0,0,0,0,0,0,0
3.0,3.0,149.0,0.0,3.0,1.44,3.0,3.0,2,1200.0,0,0,0,1,0,2
1.0,3.0,170.0,0.0,1.0,1.55,3.0,3.0,3,1720.0,0,0,0,0,0,2
3.0,3.0,79.0,0.0,0.0,0.72,2.0,2.0,1,990.0,0,0,0,0,1,0
1.0,0.0,151.0,0.0,2.0,2.35,4.0,4.0,3+,2400.0,0,1,0,0,0,2
2.0,1.0,154.0,0.0,3.0,3.3,3.0,4.0,3+,1600.0,0,1,0,0,0,1
3.0,3.0,71.0,0.0,2.0,1.36,3.0,2.0,3+,986.0,1,1,0,0,0,0
3.0,0.0,88.0,1.0,2.0,2.68,4.0,3.0,2,1561.0,0,0,1,0,0,0
2.0,3.0,145.0,0.0,3.0,2.1,3.0,4.0,2,1700.0,0,1,0,0,0,0
1.0,3.0,151.0,0.0,3.0,1.5,3.0,5.0,3,1161.0,0,1,0,0,0,0
1.0,3.0,70.0,0.0,2.0,0.37,2.0,2.0,1,438.4,0,0,0,0,0,2
1.0,3.0,69.0,0.0,1.0,3.2,3.0,3.0,3+,2002.0,0,1,0,0,0,2
3.0,1.0,65.0,0.0,1.0,0.88,2.0,2.0,3,1088.8,0,0,0,0,0,2
1.0,1.0,170.0,0.0,2.0,0.43,2.0,2.0,1,501.0,0,0,0,0,1,2
2.0,3.0,160.0,0.0,0.0,0.9,2.0,2.0,0,1294.964,0,0,0,0,0,2
3.0,3.0,95.0,1.0,3.0,10.0,12.0,12.0,3+,2250.0,1,1,0,0,0,0
2.0,1.0,179.0,0.0,2.0,0.33,2.0,2.0,1,613.6,0,0,0,0,1,0
2.0,3.0,177.0,0.0,2.0,0.68,3.0,3.0,2,1298.0,0,0,0,1,0,2
3.0,3.0,160.0,0.0,3.0,2.0,3.0,4.0,3+,2366.0,0,1,0,0,0,0
1.0,3.0,179.0,0.0,0.0,0.32,2.0,2.0,1,443.365041,0,0,0,0,1,1
1.0,3.0,151.0,0.0,1.0,1.15,2.0,2.0,3,1080.0,1,0,0,0,1,2
3.0,0.0,124.0,1.0,2.0,7.69,4.0,5.0,3,3197.0,1,1,1,1,0,0
2.0,3.0,168.0,0.0,1.0,0.6,2.0,2.0,2,960.0,0,0,0,0,0,2
2.0,3.0,169.0,0.0,3.0,1.25,2.0,2.0,3+,1148.0,0,0,1,0,0,2
1.0,1.0,175.0,0.0,2.0,1.0,3.0,4.0,3,1560.0,0,1,0,0,0,2
3.0,3.0,152.0,0.0,3.0,0.97,3.0,3.0,3+,1184.0,0,0,0,0,1,2
3.0,3.0,109.0,1.0,0.0,0.95,5.0,3.0,2,1001.0,0,0,0,1,0,2
3.0,0.0,81.0,1.0,0.0,6.5,4.0,4.0,3+,3154.0,0,0,0,0,0,2
3.0,0.0,167.0,0.0,1.0,0.87,2.0,2.0,2,996.0,0,0,0,0,0,2
2.0,0.0,98.0,0.0,3.0,1.24,2.0,2.0,3+,1000.0,0,0,0,1,0,0
2.0,3.0,74.0,0.0,0.0,0.36,2.0,2.0,0,699.029,0,0,0,0,0,2
3.0,3.0,79.0,0.0,1.0,0.6,3.0,3.0,2,1060.0,0,0,0,0,0,2
3.0,1.0,153.0,0.0,0.0,0.39,1.0,1.0,2,260.0,0,0,0,0,0,2
2.0,3.0,66.0,0.0,3.0,2.65,3.0,4.0,3,1765.710156,0,1,0,0,0,0
3.0,0.0,98.0,1.0,1.0,2.1,8.0,8.0,3+,2500.0,0,0,0,0,1,0
3.0,0.0,114.0,1.0,0.0,0.92,4.0,4.0,3,603.0,0,0,0,0,1,2
2.0,1.0,64.0,0.0,1.0,1.4,2.0,2.0,2,1000.0,0,0,0,0,0,0
1.0,1.0,148.0,0.0,0.0,0.84,2.0,2.0,2,1179.941,0,0,0,0,0,2
3.0,3.0,61.0,1.0,0.0,0.45,4.0,2.0,1,538.0,0,0,0,0,0,2
1.0,4.0,177.0,0.0,2.0,1.07,4.0,3.0,3,2039.649,1,1,0,0,0,2
1.0,1.0,190.0,0.0,2.0,0.26,2.0,2.0,2,576.0,0,0,0,0,0,2
1.0,3.0,71.0,0.0,3.0,0.97,2.0,2.0,3,1050.0,0,1,0,0,0,2
3.0,3.0,47.0,1.0,1.0,2.0,6.0,4.0,3,1345.0,1,0,0,1,0,0
3.0,3.0,115.0,0.0,0.0,0.6,2.0,2.0,1,700.0,0,0,0,0,0,2
3.0,3.0,144.0,0.0,3.0,5.0,3.0,3.0,3,3000.0,0,1,0,0,0,0
1.0,3.0,144.0,0.0,3.0,1.42,2.0,2.0,2,750.0,1,0,0,0,0,0
3.0,2.0,127.0,0.0,3.0,3.25,3.0,4.0,3+,2537.0,0,1,0,0,0,0
3.0,1.0,96.0,1.0,1.0,9.25,12.0,12.0,3+,1936.8,0,1,0,1,0,0
1.0,3.0,169.0,0.0,1.0,1.83,3.0,4.0,3,1875.0,0,0,0,0,0,2
3.0,2.0,63.0,0.0,0.0,0.9,3.0,3.0,3,2070.4,0,1,0,0,0,1
1.0,3.0,130.0,0.0,2.0,1.4,3.0,3.0,3+,2300.0,0,0,0,0,0,0
4.0,3.0,164.0,0.0,3.0,4.7,4.0,4.0,3+,5540.8,0,1,0,0,0,0
1.0,3.0,71.0,0.0,2.0,1.2,3.0,3.0,3+,974.671145,1,0,0,0,0,2
3.0,3.0,143.0,0.0,0.0,0.42,3.0,2.0,2,567.0,0,0,0,0,0,2
1.0,3.0,72.0,0.0,3.0,1.63,3.0,3.0,2,2036.0,0,1,0,0,0,2
3.0,1.0,152.0,1.0,1.0,5.25,5.0,4.0,3+,2605.0,0,1,0,0,0,0
1.0,3.0,151.0,0.0,3.0,1.65,3.0,5.0,3,1161.0,0,1,0,1,0,2
3.0,0.0,32.0,0.0,1.0,1.6,3.0,3.0,3,1050.4,0,0,0,0,0,2
3.0,2.0,88.0,1.0,2.0,5.7,5.0,5.0,2,4450.0,0,0,0,1,0,1
1.0,3.0,66.0,0.0,2.0,1.05,3.0,4.0,3+,1800.0,0,1,0,0,0,0
3.0,0.0,74.0,1.0,0.0,3.08,6.0,4.0,2,2700.76,0,0,0,0,0,2
1.0,1.0,69.0,0.0,2.0,1.05,2.0,2.0,2,1385.0,0,0,0,0,0,2
3.0,0.0,103.0,1.0,2.0,3.69,4.0,4.0,2,1561.0,1,1,0,1,0,0
3.0,0.0,152.0,1.0,2.0,4.6,4.0,4.0,3+,2605.0,1,1,1,1,0,2
3.0,1.0,176.0,1.0,1.0,3.6,4.0,4.0,3,2432.0,0,0,0,0,0,0
1.0,3.0,167.0,0.0,2.0,1.8,3.0,3.0,3,1240.00128,0,1,0,0,0,0
3.0,3.0,66.0,0.0,1.0,1.4,3.0,2.0,2,884.577302,0,0,0,0,0,2
3.0,2.0,120.0,1.0,1.0,5.75,4.0,4.0,2,1937.0,0,1,1,1,0,2
2.0,3.0,70.0,0.0,1.0,0.29,2.0,2.0,2,489.0,0,0,0,0,0,2
1.0,3.0,160.0,0.0,0.0,2.5,3.0,3.0,3+,1800.0,0,0,0,0,0,2
3.0,3.0,167.0,0.0,3.0,0.65,2.0,2.0,2,850.0,0,0,0,0,0,0
2.0,3.0,169.0,0.0,2.0,1.15,2.0,2.0,3,961.0,0,0,0,1,0,2
1.0,4.0,148.0,0.0,1.0,0.92,2.0,2.0,3,996.0,0,0,0,0,1,2
1.0,0.0,146.0,0.0,3.0,2.85,4.0,4.0,3+,1880.0,0,1,0,1,0,0
3.0,0.0,138.0,1.0,2.0,0.75,6.0,4.0,1,710.0,0,0,0,0,0,2
3.0,3.0,72.0,1.0,3.0,6.25,4.0,4.0,3+,5403.0,0,1,0,0,0,2
2.0,3.0,166.0,0.0,1.0,3.5,5.0,5.0,3+,2606.0,1,0,0,0,0,1
1.0,3.0,168.0,0.0,2.0,0.37,2.0,2.0,1,483.0,0,0,0,0,0,2
3.0,0.0,89.0,0.0,0.0,1.4,5.0,4.0,2,1920.0,0,0,0,0,0,2
1.0,1.0,157.0,0.0,2.0,1.46,4.0,6.0,3+,2120.0,0,1,0,0,0,2
3.0,1.0,117.0,1.0,0.0,12.0,16.0,16.0,3+,3078.0,1,1,1,1,0,0
3.0,0.0,124.0,1.0,2.0,5.5,3.0,6.0,2,2594.0,0,1,0,0,1,0
3.0,3.0,78.0,0.0,1.0,1.65,3.0,2.0,2,1220.0,0,0,0,0,0,2
3.0,2.0,99.0,0.0,2.0,0.55,2.0,2.0,2,744.0,0,0,0,0,0,2
1.0,0.0,64.0,0.0,3.0,2.2,3.0,4.0,3+,1719.2,1,1,0,0,0,2
1.0,1.0,92.0,0.0,1.0,4.8,4.0,6.0,3+,2500.0,0,1,0,1,0,1
1.0,3.0,175.0,0.0,3.0,1.25,3.0,3.0,3+,1930.0,0,1,0,1,0,2
1.0,3.0,72.0,0.0,3.0,1.9,4.0,4.0,3,2444.0,0,1,0,0,0,2
3.0,2.0,99.0,0.0,2.0,0.58,2.0,2.0,2,744.0,0,0,0,0,0,2
1.0,3.0,181.0,0.0,1.0,1.13,3.0,5.0,3,1500.0,0,1,0,0,1,2
3.0,3.0,159.0,0.0,1.0,1.25,4.0,4.0,3,2000.0,0,1,0,1,1,2
3.0,2.0,88.0,1.0,0.0,2.55,3.0,3.0,2,1561.0,0,0,0,0,0,2
1.0,3.0,149.0,0.0,3.0,1.68,4.0,4.0,2,1608.0,0,0,0,0,0,2
2.0,3.0,149.0,0.0,1.0,2.07,3.0,3.0,3,1449.6,0,0,0,0,0,2
3.0,3.0,190.0,0.0,3.0,0.7,3.0,3.0,3,1153.0,0,0,0,1,0,2
3.0,1.0,63.0,1.0,0.0,1.1,8.0,8.0,0,1787.0,0,0,0,0,0,2
1.0,3.0,70.0,0.0,2.0,1.7,4.0,5.0,3+,2214.4,0,1,0,0,0,2
1.0,0.0,98.0,0.0,1.0,6.0,3.0,3.0,2,2685.0,0,1,0,0,0,2
1.0,3.0,167.0,0.0,3.0,1.75,3.0,3.0,3,1240.0,0,1,0,0,0,0
2.0,0.0,152.0,0.0,2.0,1.6,2.0,2.0,2,1252.0,0,0,0,0,0,2
1.0,3.0,144.0,0.0,1.0,2.65,3.0,3.0,3,1650.0,1,1,0,0,0,2
1.0,4.0,78.0,0.0,2.0,1.93,3.0,3.0,2,1263.2,0,0,0,0,0,2
2.0,0.0,153.0,0.0,2.0,1.15,3.0,3.0,2,1339.0,0,1,0,0,0,0
1.0,1.0,179.0,0.0,1.0,0.26,1.0,1.0,1,431.0,0,0,0,0,0,2
3.0,0.0,114.0,1.0,0.0,0.4,1.0,1.0,0,452.0,0,0,0,0,0,2
3.0,1.0,142.0,1.0,0.0,1.5,3.0,3.0,2,2388.72,0,0,0,0,0,2
3.0,2.0,103.0,0.0,0.0,1.25,2.0,2.0,2,1080.0,0,0,0,0,0,2
3.0,2.0,99.0,1.0,0.0,3.5,1.0,1.0,0,3798.28,0,0,0,0,0,2
3.0,1.0,173.0,0.0,1.0,0.97,2.0,2.0,3+,1103.025,0,0,0,0,0,2
3.0,0.0,103.0,1.0,2.0,3.5,4.0,3.0,3,1453.0,0,0,1,0,0,0
3.0,3.0,170.0,0.0,0.0,0.8,2.0,2.0,0,1360.082,0,0,0,0,0,2
1.0,1.0,160.0,0.0,1.0,1.85,3.0,3.0,3,1350.0,0,1,0,0,0,2
1.0,4.0,144.0,0.0,0.0,2.29,2.0,2.0,3,1433.0,1,0,0,0,0,2
1.0,3.0,69.0,0.0,3.0,0.39,1.0,1.0,1,450.0,0,0,0,0,0,2
1.0,0.0,88.0,0.0,2.0,0.56,1.0,1.0,2,651.0,0,0,0,0,0,2
1.0,1.0,170.0,0.0,2.0,0.78,2.0,2.0,2,1360.07,0,0,0,0,0,2
2.0,3.0,69.0,0.0,1.0,1.28,3.0,4.0,3+,1130.0,0,1,0,0,0,2
3.0,1.0,68.0,0.0,0.0,0.95,2.0,2.0,1,3600.0,0,0,0,0,1,2
3.0,3.0,77.0,0.0,1.0,3.0,3.0,3.0,2,2200.0,0,0,0,0,1,0
3.0,2.0,188.0,1.0,0.0,0.49,2.0,1.0,0,527.0,0,0,0,0,0,2
3.0,2.0,150.0,1.0,1.0,0.9,6.0,4.0,3,904.0,0,1,0,0,1,0
3.0,1.0,111.0,0.0,1.0,0.55,2.0,2.0,3,480.0,0,0,0,0,0,2
1.0,3.0,156.0,0.0,3.0,1.57,2.0,2.0,3+,1100.0,0,0,0,0,1,2
3.0,0.0,118.0,1.0,2.0,9.35,10.0,10.0,3+,6000.0,1,1,0,0,0,0
3.0,0.0,120.0,1.0,0.0,2.15,1.0,1.0,0,1646.28,0,0,0,0,0,2
3.0,3.0,120.0,1.0,1.0,7.85,9.0,9.0,3+,2702.0,1,1,0,1,1,1
3.0,0.0,67.0,1.0,0.0,0.36,2.0,2.0,1,463.0,0,0,0,1,0,2
3.0,2.0,99.0,1.0,0.0,0.75,4.0,2.0,2,1173.0,0,0,0,0,0,2
3.0,1.0,152.0,0.0,3.0,1.64,3.0,3.0,3+,1642.0,0,1,0,0,0,2
1.0,1.0,160.0,0.0,1.0,0.95,2.0,2.0,3,1224.0,1,0,0,0,0,2
2.0,1.0,148.0,0.0,2.0,1.1,2.0,2.0,3,1245.0,0,0,0,0,0,2
2.0,3.0,168.0,0.0,2.0,0.9,3.0,3.0,3,1460.0,0,0,0,0,0,2
1.0,3.0,139.0,0.0,3.0,3.05,3.0,3.0,3,2200.0,0,1,0,0,0,0
3.0,2.0,88.0,0.0,0.0,0.95,2.0,3.0,2,1300.0,1,0,0,0,0,0
2.0,1.0,179.0,0.0,0.0,0.56,2.0,2.0,3,792.0,0,0,0,0,0,2
3.0,2.0,79.0,1.0,0.0,2.75,6.0,6.0,2,2227.32,0,0,0,0,0,2
1.0,3.0,169.0,0.0,1.0,1.12,2.0,2.0,3,1335.0,0,0,0,0,1,2
2.0,3.0,64.0,0.0,3.0,2.5,3.0,3.0,3,1461.6,0,0,0,0,0,2
2.0,3.0,164.0,0.0,2.0,2.35,3.0,4.0,3+,1100.0,0,1,0,0,0,2
0.0,3.0,64.0,0.0,3.0,1.3,2.0,2.0,3,734.8514529999999,0,0,1,0,0,2
3.0,2.0,79.0,1.0,1.0,1.35,5.0,5.0,1,1345.0,0,0,0,0,0,2
3.0,1.0,140.0,0.0,2.0,2.24,3.0,3.0,2,1239.2,0,0,0,0,1,2
2.0,3.0,152.0,0.0,3.0,1.27,2.0,2.0,3+,1304.0,0,0,0,0,1,0
1.0,3.0,177.0,0.0,0.0,0.7,3.0,3.0,0,1571.974,0,0,0,0,0,2
1.0,3.0,159.0,0.0,2.0,0.95,3.0,3.0,2,1730.104,0,0,0,0,0,0
3.0,0.0,124.0,0.0,3.0,1.42,3.0,3.0,3,1320.0,0,0,1,0,0,1
1.0,3.0,149.0,0.0,3.0,1.9,4.0,4.0,2,1500.0,0,0,1,0,0,2
2.0,0.0,164.0,0.0,2.0,0.65,2.0,2.0,2,776.0,0,0,0,0,0,2
1.0,3.0,149.0,0.0,3.0,1.8,4.0,4.0,2,1608.0,0,0,0,1,0,0
1.0,3.0,179.0,0.0,1.0,0.32,2.0,2.0,1,549.174178,0,0,0,1,0,0
3.0,3.0,134.0,0.0,3.0,2.45,4.0,4.0,3+,2800.0,0,0,0,0,1,0
1.0,3.0,64.0,0.0,2.0,1.3,3.0,3.0,3,1155.0,0,1,0,0,0,2
3.0,1.0,173.0,0.0,2.0,0.9,2.0,2.0,2,882.4000000000001,1,0,0,0,1,2
1.0,0.0,175.0,0.0,1.0,1.42,4.0,4.0,3+,1891.2,0,1,1,0,0,2
2.0,3.0,149.0,0.0,1.0,3.05,4.0,5.0,3+,2524.8,0,1,0,0,1,2
0.0,3.0,125.0,0.0,1.0,2.45,3.0,3.0,3,1648.8000000000002,1,0,0,0,0,2
1.0,3.0,169.0,0.0,0.0,1.2,3.0,4.0,2,1550.0,0,1,0,0,0,2
3.0,0.0,122.0,1.0,1.0,5.5,8.0,8.0,3+,2389.0,1,0,0,0,1,0
3.0,1.0,72.0,1.0,1.0,10.0,4.0,5.0,3+,3595.0,1,1,0,1,1,0
1.0,3.0,110.0,0.0,1.0,0.85,2.0,3.0,3,1310.0,1,0,0,0,0,2
2.0,3.0,190.0,0.0,1.0,0.48,2.0,2.0,2,879.2,0,0,0,0,0,2
1.0,1.0,148.0,0.0,0.0,1.32,2.0,2.0,2,1458.564,0,0,0,0,0,2
1.0,3.0,151.0,0.0,3.0,1.6,3.0,5.0,3,1950.0,0,1,0,0,0,2
2.0,3.0,170.0,0.0,0.0,1.23,2.0,2.0,3,1184.0,1,0,0,0,0,2
3.0,3.0,101.0,0.0,0.0,0.4,3.0,2.0,1,900.0,0,0,0,0,0,2
1.0,3.0,160.0,0.0,3.0,1.69,3.0,3.0,2,1586.4,0,0,0,0,0,2
3.0,3.0,125.0,0.0,1.0,2.38,3.0,4.0,3,1750.0,1,0,0,0,0,2
2.0,3.0,66.0,0.0,2.0,1.75,3.0,4.0,3+,1832.0,0,1,0,0,0,2
3.0,0.0,122.0,1.0,2.0,3.6,5.0,5.0,3+,1453.0,0,1,0,0,0,0
3.0,3.0,71.0,0.0,3.0,2.08,4.0,4.0,3+,2100.0,0,1,0,0,0,2
2.0,1.0,169.0,0.0,3.0,1.04,2.0,2.0,3,1250.0,0,0,0,0,1,2
1.0,3.0,164.0,0.0,3.0,2.25,3.0,4.0,3+,2100.0,1,1,1,0,0,0
3.0,3.0,160.0,0.0,1.0,1.15,3.0,3.0,3+,1103.0,1,0,0,0,0,2
1.0,3.0,175.0,0.0,3.0,0.65,2.0,2.0,3,1080.0,1,0,0,0,0,2
3.0,1.0,173.0,0.0,2.0,1.25,3.0,3.0,3,1138.4,1,0,0,0,1,2
3.0,3.0,190.0,0.0,0.0,0.21,1.0,1.0,0,483.982,0,0,0,0,0,2
2.0,0.0,127.0,0.0,3.0,1.88,3.0,3.0,3+,1450.0,0,0,0,0,1,0
3.0,3.0,101.0,1.0,0.0,0.85,5.0,3.0,3,900.0,0,0,0,0,0,2
3.0,2.0,125.0,1.0,2.0,2.75,3.0,3.0,1,1650.0,0,0,0,0,1,0
2.0,3.0,140.0,0.0,1.0,2.1,3.0,3.0,3,1400.0,0,0,0,0,0,0
3.0,3.0,144.0,0.0,3.0,2.29,3.0,4.0,3+,1650.0,1,1,0,0,0,1
3.0,2.0,99.0,1.0,0.0,0.92,4.0,1.0,0,602.56,0,0,0,0,0,2
0.0,3.0,175.0,0.0,2.0,0.8,2.0,3.0,2,1350.211,0,0,0,0,0,2
2.0,3.0,72.0,0.0,1.0,1.65,3.0,3.0,3+,1720.0,0,1,0,0,0,0
1.0,0.0,88.0,0.0,2.0,0.56,1.0,2.0,2,651.0,0,0,0,0,0,2
3.0,3.0,168.0,0.0,2.0,0.34,2.0,2.0,1,483.0,0,0,1,0,0,0
3.0,3.0,167.0,0.0,3.0,1.25,3.0,3.0,2,1584.0,0,1,0,0,0,2
3.0,3.0,89.0,1.0,0.0,1.6,5.0,5.0,2,1345.0,0,0,0,0,0,2
3.0,2.0,88.0,1.0,0.0,2.5,4.0,4.0,2,1561.0,0,0,0,0,0,2
2.0,3.0,164.0,0.0,3.0,0.95,2.0,2.0,2,894.0,0,0,0,0,0,0
3.0,1.0,114.0,1.0,0.0,0.5,2.0,2.0,2,452.0,1,1,0,1,1,2
1.0,3.0,69.0,0.0,3.0,1.2,3.0,4.0,3+,1130.0,0,1,0,0,0,2
3.0,3.0,190.0,0.0,3.0,0.78,3.0,3.0,3,1210.0,0,0,0,1,0,2
1.0,3.0,66.0,0.0,3.0,2.65,4.0,4.0,3+,2520.0,0,1,0,0,0,2
3.0,2.0,150.0,1.0,0.0,6.5,3.0,2.0,3+,4316.0,0,0,0,0,0,2
3.0,3.0,74.0,1.0,1.0,0.44,3.0,2.0,1,115.0,0,0,0,1,1,2
2.0,3.0,167.0,0.0,0.0,1.18,3.0,3.0,2,1500.0,0,0,0,0,0,2
3.0,3.0,72.0,1.0,3.0,6.15,5.0,5.0,3+,250.0,0,1,1,1,0,0
2.0,3.0,66.0,0.0,3.0,2.62,4.0,4.0,3+,2520.0,0,1,0,0,0,2
3.0,0.0,145.0,1.0,2.0,18.0,4.0,4.0,3+,3240.0,1,1,0,1,0,1
1.0,3.0,112.0,1.0,0.0,4.3,13.0,13.0,3+,1305.0,0,0,0,0,0,1
3.0,3.0,150.0,0.0,0.0,0.45,2.0,2.0,1,900.0,0,0,0,0,0,2
3.0,4.0,148.0,0.0,1.0,1.9,3.0,3.0,3+,2059.0,0,1,0,0,0,2
1.0,3.0,181.0,0.0,2.0,0.27,2.0,2.0,1,448.0,0,0,0,0,0,2
3.0,3.0,96.0,1.0,2.0,20.0,5.0,7.0,3+,4499.0,0,1,0,1,0,1
1.0,1.0,166.0,0.0,3.0,3.85,5.0,6.0,3+,5140.0,0,1,0,1,0,2
3.0,1.0,173.0,0.0,0.0,1.42,3.0,3.0,2,1423.0,0,0,0,0,0,2
3.0,4.0,143.0,0.0,1.0,3.5,3.0,3.0,3,1350.0,0,0,0,0,0,2
1.0,1.0,164.0,0.0,3.0,3.46,4.0,4.0,3+,2297.6,0,1,0,0,0,1
3.0,2.0,150.0,1.0,0.0,1.15,5.0,3.0,2,1345.0,0,0,0,1,0,2
3.0,2.0,150.0,1.0,1.0,1.75,4.0,2.0,2,1571.0,0,0,0,0,1,2
3.0,2.0,99.0,1.0,0.0,0.9,3.0,1.0,0,1011.44,0,0,0,0,0,2
3.0,1.0,106.0,0.0,0.0,0.82,3.0,2.0,3,1081.0,0,0,0,0,0,2
3.0,0.0,124.0,0.0,1.0,2.75,3.0,4.0,3+,2557.0,0,0,0,0,0,2
3.0,0.0,125.0,1.0,0.0,3.75,6.0,6.0,3+,1463.36,1,0,0,0,0,0
2.0,3.0,164.0,0.0,0.0,0.4,2.0,2.0,1,633.0,0,0,0,0,0,2
3.0,1.0,180.0,0.0,1.0,1.9,4.0,4.0,3+,2834.975,0,0,0,0,0,2
3.0,2.0,150.0,1.0,0.0,0.45,3.0,2.0,0,900.0,0,0,0,0,0,2
2.0,3.0,139.0,0.0,3.0,3.75,4.0,5.0,3,2240.0,0,1,0,0,0,2
2.0,3.0,175.0,0.0,3.0,1.29,3.0,3.0,3+,1818.0,0,1,0,0,0,2
3.0,3.0,190.0,0.0,0.0,0.29,2.0,2.0,1,519.0,0,0,0,0,0,2
1.0,3.0,168.0,0.0,2.0,0.89,3.0,3.0,3,1620.0,0,0,0,1,0,2
3.0,3.0,77.0,0.0,2.0,3.65,3.0,5.0,2,3193.91,0,1,0,0,0,2
2.0,3.0,111.0,0.0,1.0,1.8,4.0,3.0,3,1860.0,1,1,0,1,0,2
3.0,3.0,75.0,0.0,0.0,0.22,2.0,1.0,1,480.0,0,0,0,0,0,2
3.0,3.0,71.0,0.0,2.0,1.68,3.0,3.0,3+,986.403796,1,1,0,0,0,0
0.0,3.0,164.0,0.0,1.0,0.6,2.0,2.0,1,900.0,0,0,0,0,0,2
3.0,2.0,93.0,1.0,2.0,2.8,5.0,5.0,3+,150.0,0,0,0,1,0,0
1.0,3.0,152.0,0.0,3.0,2.52,3.0,4.0,3,1880.0,0,1,0,0,0,2
1.0,3.0,64.0,0.0,1.0,1.6,3.0,3.0,3,1022.5705,0,0,0,0,0,2
3.0,3.0,164.0,0.0,1.0,0.83,2.0,2.0,3,565.0,0,0,0,0,0,2
1.0,3.0,64.0,0.0,3.0,1.42,3.0,3.0,3,1022.5705,0,1,0,0,0,2
3.0,1.0,140.0,0.0,0.0,2.54,3.0,3.0,3,1640.0,0,0,1,0,0,2
1.0,3.0,168.0,0.0,0.0,1.2,2.0,2.0,1,1016.0,0,0,0,0,0,2
1.0,0.0,63.0,0.0,0.0,0.9,4.0,4.0,3,1973.6,0,0,0,0,0,2
0.0,1.0,160.0,0.0,2.0,0.78,2.0,2.0,3+,1036.0,0,0,0,0,1,2
1.0,3.0,167.0,0.0,3.0,1.6,3.0,3.0,3+,1480.0,1,1,1,1,0,0
1.0,1.0,170.0,0.0,0.0,0.9,3.0,3.0,2,1690.141,0,0,0,0,0,2
1.0,1.0,177.0,0.0,3.0,1.83,4.0,3.0,3,1860.0,0,1,0,0,0,2
1.0,3.0,75.0,0.0,3.0,3.6,4.0,5.0,3,2720.0,0,1,0,0,0,2
3.0,3.0,134.0,1.0,1.0,7.5,8.0,8.0,3+,3240.0,1,1,0,1,0,1
3.0,0.0,99.0,1.0,0.0,0.8,5.0,4.0,1,979.0,0,0,0,0,0,2
2.0,3.0,132.0,0.0,0.0,4.85,3.0,4.0,3+,1500.0,0,1,0,0,0,0
1.0,2.0,81.0,0.0,0.0,4.26,4.0,4.0,0,3249.924,0,0,0,0,0,2
3.0,0.0,146.0,0.0,0.0,1.0,3.0,3.0,3+,1243.2,0,0,0,0,0,2
2.0,3.0,165.0,0.0,3.0,1.39,3.0,3.0,3+,1728.0,1,1,0,0,0,0
3.0,0.0,80.0,1.0,0.0,1.5,10.0,7.0,3,1302.0,0,0,0,0,0,2
3.0,3.0,112.0,1.0,0.0,3.5,3.0,3.0,2,160.0,0,0,0,0,0,2
1.0,3.0,169.0,0.0,1.0,1.09,2.0,2.0,3,1350.0,0,0,0,0,0,2
3.0,1.0,78.0,0.0,3.0,2.78,3.0,3.0,3,2450.0,1,1,0,0,0,2
3.0,0.0,151.0,0.0,2.0,1.0,3.0,2.0,2,970.0,0,0,0,0,0,2
3.0,3.0,152.0,0.0,1.0,1.2,3.0,3.0,3+,1360.0,0,0,0,0,0,1
3.0,3.0,146.0,1.0,2.0,5.46,4.0,5.0,3+,2260.0,1,0,1,1,0,0
3.0,3.0,167.0,0.0,3.0,1.8,3.0,4.0,3,1244.30684,1,1,1,1,0,0
1.0,3.0,167.0,0.0,1.0,1.8,3.0,4.0,0,1899.937,0,0,0,0,0,2
2.0,2.0,98.0,0.0,2.0,2.0,3.0,3.0,1,1096.0,0,0,0,0,0,0
1.0,2.0,113.0,0.0,1.0,1.5,4.0,3.0,3,2350.0,0,1,0,0,0,1
3.0,1.0,173.0,0.0,3.0,1.13,3.0,3.0,2,1326.0,1,0,0,0,0,2
2.0,1.0,71.0,0.0,2.0,3.35,3.0,4.0,2,1658.3294896,0,0,0,0,0,2
3.0,0.0,50.0,1.0,0.0,1.05,3.0,3.0,3,1225.0,0,0,0,0,0,2
3.0,0.0,114.0,1.0,0.0,0.4,1.0,1.0,1,431.0,0,0,0,0,0,2
2.0,3.0,170.0,0.0,3.0,1.5,3.0,3.0,3+,1540.0,1,0,0,0,0,2
1.0,4.0,166.0,0.0,2.0,2.91,4.0,4.0,3,3480.0,1,1,1,0,0,0
3.0,1.0,177.0,0.0,1.0,0.78,2.0,2.0,2,957.6,0,0,0,0,0,0
3.0,2.0,81.0,1.0,1.0,8.0,12.0,4.0,3+,4520.0,0,1,1,0,0,2
3.0,0.0,93.0,1.0,0.0,5.5,9.0,9.0,3+,4198.0,0,1,0,0,1,0
1.0,3.0,110.0,0.0,2.0,0.87,2.0,3.0,3+,1110.0,1,0,0,0,0,2
3.0,0.0,79.0,1.0,0.0,1.0,9.0,7.0,3+,1258.92,0,0,1,1,0,2
3.0,0.0,132.0,1.0,0.0,25.0,4.0,4.0,3+,8998.0,1,1,1,1,0,2
2.0,3.0,69.0,0.0,1.0,1.13,3.0,4.0,3+,1130.0,1,1,0,0,0,2
3.0,1.0,147.0,0.0,3.0,1.62,3.0,3.0,2,1017.0,0,0,1,0,0,0
3.0,0.0,79.0,1.0,0.0,1.7,5.0,5.0,3,2001.36,0,0,0,1,1,2
1.0,1.0,146.0,0.0,3.0,3.32,3.0,4.0,3,1709.0,0,1,0,0,0,0
1.0,0.0,165.0,0.0,3.0,0.86,3.0,3.0,3,1056.0,1,0,0,0,0,0
3.0,3.0,85.0,1.0,2.0,2.98,6.0,6.0,3+,1453.0,1,0,0,1,0,2
1.0,3.0,176.0,0.0,3.0,1.9,4.0,4.0,3,2179.2000000000003,0,1,0,0,0,2
4.0,2.0,105.0,0.0,3.0,3.25,4.0,4.0,3+,4328.0,0,1,0,0,0,0
3.0,1.0,190.0,0.0,0.0,0.29,1.0,1.0,1,399.0,0,0,0,0,0,1
2.0,3.0,170.0,0.0,1.0,1.5,3.0,3.0,1,1520.0,0,0,0,0,1,2
2.0,3.0,127.0,0.0,3.0,2.6,3.0,4.0,2,2200.0,0,1,0,0,1,0
3.0,0.0,68.0,1.0,0.0,1.1,6.0,4.0,1,900.0,0,0,0,0,0,2
3.0,3.0,114.0,0.0,0.0,0.39,2.0,2.0,1,750.0,0,0,0,0,0,2
2.0,1.0,70.0,0.0,0.0,0.5,2.0,2.0,2,560.0,0,0,0,0,0,2
2.0,3.0,66.0,0.0,3.0,1.85,3.0,3.0,3+,1832.0,0,1,0,0,0,2
2.0,1.0,177.0,0.0,0.0,0.79,3.0,2.0,2,1038.4,0,0,0,0,0,2
3.0,0.0,79.0,0.0,0.0,0.35,2.0,2.0,1,650.0,0,0,0,0,0,2
2.0,3.0,77.0,0.0,2.0,4.25,3.0,5.0,2,2800.0,0,1,0,1,0,2
3.0,3.0,63.0,0.0,0.0,0.85,3.0,3.0,3+,1840.0,0,1,0,0,0,2
1.0,3.0,167.0,0.0,1.0,1.8,3.0,3.0,3+,1520.0,0,0,0,0,0,2
2.0,3.0,64.0,0.0,3.0,2.0,3.0,4.0,3+,1650.0,1,1,0,0,0,0
4.0,0.0,144.0,0.0,3.0,6.1,3.0,3.0,3,2710.0,1,1,0,0,0,0
2.0,1.0,157.0,1.0,1.0,0.75,2.0,2.0,2,742.44,0,0,0,0,0,2
3.0,3.0,105.0,0.0,0.0,0.4,2.0,2.0,2,640.0,0,0,0,0,0,1
2.0,3.0,167.0,0.0,3.0,0.83,2.0,2.0,2,945.0,0,0,0,1,0,2
2.0,4.0,111.0,0.0,1.0,1.02,3.0,2.0,3,1360.0,0,0,0,0,0,2
1.0,1.0,169.0,0.0,0.0,1.5,4.0,5.0,3+,1800.0,0,1,0,0,0,0
1.0,3.0,167.0,0.0,3.0,1.1,3.0,3.0,2,1404.0,1,0,1,1,0,0
3.0,0.0,10.0,1.0,3.0,3.6,3.0,3.0,2,2432.0,1,1,0,1,1,1
1.0,3.0,111.0,0.0,3.0,1.75,4.0,4.0,3,1800.0,0,0,0,0,1,0
1.0,3.0,158.0,0.0,1.0,1.05,3.0,3.0,3,1400.0,0,0,0,0,0,2
3.0,0.0,131.0,1.0,0.0,4.65,5.0,5.0,3+,2648.0,0,0,0,0,0,0
2.0,1.0,78.0,0.0,3.0,3.35,3.0,4.0,3+,2000.0,1,1,0,0,0,2
3.0,3.0,181.0,0.0,1.0,1.16,3.0,3.0,3,1420.0,0,1,0,0,1,2
3.0,1.0,111.0,0.0,2.0,0.55,2.0,2.0,3,600.0,0,0,0,0,0,2
1.0,0.0,159.0,0.0,3.0,0.88,3.0,4.0,3,1501.0,0,1,0,1,0,2
1.0,3.0,124.0,0.0,1.0,1.78,3.0,4.0,2,1300.0,1,0,0,1,0,2
0.0,1.0,190.0,0.0,0.0,0.34,2.0,2.0,1,629.0,0,0,0,0,0,2
3.0,1.0,181.0,0.0,1.0,0.85,2.0,2.0,2,1001.6,0,0,0,0,0,2
2.0,4.0,141.0,0.0,2.0,2.15,2.0,2.0,3,1508.0,0,0,0,0,0,2
1.0,3.0,166.0,0.0,3.0,1.59,3.0,3.0,3+,1538.0,0,0,0,0,1,1
3.0,3.0,168.0,0.0,2.0,0.92,3.0,3.0,3,1460.0,1,0,0,1,0,2
2.0,3.0,154.0,0.0,3.0,3.21,3.0,4.0,3+,2000.0,0,1,0,0,0,0
1.0,3.0,156.0,0.0,3.0,1.52,2.0,2.0,3,1139.251176,0,0,1,0,0,2
0.0,3.0,149.0,0.0,3.0,1.76,3.0,4.0,2,1480.0,0,0,0,0,0,2
3.0,0.0,124.0,1.0,3.0,7.35,4.0,5.0,2,3218.0,1,1,1,1,0,0
3.0,3.0,100.0,0.0,0.0,0.25,2.0,2.0,2,700.0,0,0,0,0,0,2
3.0,4.0,120.0,1.0,0.0,3.3,1.0,1.0,0,1238.0,0,0,0,0,0,2
2.0,1.0,190.0,0.0,0.0,0.35,2.0,2.0,2,554.1255719999999,0,0,0,0,0,2
3.0,1.0,79.0,0.0,1.0,0.65,3.0,3.0,1,1050.0,0,0,0,0,0,0
2.0,3.0,66.0,0.0,2.0,2.78,4.0,4.0,3+,2520.0,0,1,0,0,0,2
2.0,1.0,142.0,0.0,2.0,8.5,4.0,4.0,0,3949.998,0,0,0,0,0,2
3.0,3.0,62.0,1.0,0.0,0.58,2.0,3.0,2,1000.0,0,0,0,0,0,2
3.0,2.0,88.0,1.0,0.0,2.95,4.0,4.0,3+,1840.0,0,0,0,0,0,2
1.0,1.0,151.0,0.0,1.0,1.75,3.0,5.0,3,1161.0,0,1,0,1,0,2
2.0,3.0,168.0,0.0,0.0,2.24,4.0,4.0,3,2900.0,0,1,0,0,0,2
3.0,3.0,144.0,1.0,1.0,12.5,4.0,4.0,3+,3595.0,1,1,0,0,0,2
3.0,3.0,96.0,1.0,2.0,18.4,6.0,8.0,3+,11000.0,0,1,1,1,0,0
2.0,4.0,144.0,0.0,1.0,1.95,2.0,2.0,3,1008.8,0,0,0,0,0,2
2.0,3.0,107.0,0.0,2.0,2.3,2.0,2.0,2,1479.005,0,0,0,0,0,2
1.0,2.0,134.0,0.0,3.0,2.1,3.0,4.0,3+,2000.0,0,0,0,0,1,0
2.0,2.0,127.0,0.0,3.0,3.0,3.0,3.0,3+,2084.0,0,1,0,0,0,0
3.0,0.0,127.0,1.0,2.0,11.95,3.0,3.0,2,3240.0,1,1,0,0,0,2
1.0,3.0,190.0,0.0,1.0,0.71,2.0,2.0,3+,849.0,1,0,0,0,0,2
2.0,3.0,149.0,0.0,3.0,1.85,4.0,4.0,2,1608.0,0,0,0,0,0,0
1.0,3.0,164.0,0.0,2.0,2.2,3.0,4.0,3+,1680.0,0,1,0,0,0,1
1.0,2.0,98.0,0.0,0.0,3.0,3.0,5.0,3+,2289.6,0,0,0,0,0,2
3.0,4.0,105.0,0.0,1.0,1.4,3.0,3.0,3,520.0,0,0,0,0,0,2
2.0,3.0,170.0,0.0,2.0,1.6,3.0,3.0,1,1543.2,0,0,0,1,0,2
1.0,2.0,134.0,0.0,3.0,2.05,4.0,4.0,3+,2400.0,0,0,1,0,0,0
1.0,3.0,190.0,0.0,1.0,1.3,3.0,3.0,3+,1290.0,0,0,0,0,0,2
2.0,1.0,71.0,0.0,3.0,2.4,2.0,2.0,2,1104.8,0,0,0,0,0,0
1.0,4.0,63.0,0.0,0.0,0.5,2.0,2.0,0,1299.714,0,0,0,0,0,2
3.0,3.0,177.0,1.0,1.0,0.75,2.0,2.0,3,957.64,0,0,0,0,0,2
1.0,1.0,177.0,0.0,0.0,0.62,2.0,2.0,2,1064.0,0,0,0,0,0,2
3.0,1.0,140.0,0.0,0.0,1.6,2.0,2.0,2,1150.0,1,0,0,0,1,2
3.0,2.0,114.0,1.0,1.0,2.35,4.0,4.0,2,1442.0,0,0,0,1,0,2
1.0,3.0,171.0,0.0,2.0,1.38,3.0,3.0,3+,2066.0,0,1,0,0,0,2
3.0,0.0,134.0,0.0,3.0,1.5,3.0,5.0,3+,2256.318,1,0,0,1,0,0
2.0,1.0,160.0,0.0,1.0,1.9,3.0,4.0,2,2150.0,0,1,0,0,0,2
3.0,3.0,70.0,0.0,3.0,1.29,3.0,3.0,3+,1460.0,0,0,0,1,0,0
3.0,2.0,134.0,0.0,2.0,1.99,4.0,4.0,3+,1800.0,0,0,0,1,1,0
3.0,1.0,179.0,0.0,0.0,0.27,2.0,2.0,0,550.0,0,0,0,0,0,2
1.0,0.0,127.0,0.0,3.0,2.97,3.0,3.0,3+,2100.0,0,1,0,0,0,0
3.0,2.0,45.0,1.0,0.0,0.63,4.0,2.0,1,796.24,0,0,0,0,1,2
1.0,3.0,169.0,0.0,3.0,1.11,2.0,2.0,3,1640.0,0,0,1,0,0,2
2.0,4.0,173.0,0.0,2.0,0.9,3.0,3.0,0,1914.894,0,0,0,0,0,2
2.0,3.0,111.0,0.0,1.0,1.49,3.0,3.0,3,1580.0,0,0,0,0,1,2
3.0,3.0,144.0,0.0,3.0,2.75,4.0,4.0,3,1650.0,1,1,0,0,0,0
3.0,4.0,173.0,0.0,1.0,1.0,2.0,2.0,2,1107.0,1,0,0,0,0,2
3.0,0.0,68.0,1.0,0.0,9.9,2.0,2.0,2,1800.0,0,0,0,0,0,2
3.0,3.0,79.0,0.0,0.0,0.53,3.0,3.0,2,880.0,0,0,0,0,0,0
1.0,2.0,88.0,0.0,2.0,0.95,2.0,2.0,3,1416.0,0,0,0,0,0,0
3.0,0.0,121.0,1.0,1.0,8.5,5.0,4.0,2,3240.0,0,1,0,1,0,0
2.0,3.0,177.0,0.0,2.0,2.0,4.0,5.0,3+,2475.0,0,1,0,0,0,0
1.0,3.0,63.0,0.0,1.0,1.2,3.0,4.0,2,1476.0,0,1,0,0,1,2
0.0,3.0,190.0,0.0,0.0,0.32,2.0,1.0,0,476.049,0,0,0,0,0,2
2.0,3.0,125.0,0.0,1.0,4.16,5.0,4.0,3+,2845.6000000000004,1,1,0,0,0,2
2.0,3.0,149.0,0.0,1.0,1.28,3.0,3.0,2,1262.4,0,0,0,1,0,0
0.0,1.0,173.0,0.0,1.0,1.1,3.0,1.0,0,1103.089,0,0,0,0,0,2
3.0,3.0,113.0,1.0,0.0,1.8,1.0,1.0,2,720.0,0,0,0,0,0,2
3.0,3.0,114.0,0.0,0.0,0.21,1.0,1.0,1,450.0,0,0,0,0,0,2
2.0,3.0,71.0,0.0,2.0,3.25,3.0,3.0,3,1657.6,0,0,0,0,0,2
3.0,2.0,94.0,1.0,1.0,6.5,4.0,4.0,2,2841.0,0,0,0,1,0,2
2.0,3.0,66.0,0.0,3.0,2.6,4.0,4.0,3+,2520.0,0,1,0,0,0,2
